Original_Filename,Anonymized_Filename,Condition,GitHub_URL
0005_house_n03118969_17692_conf0.987808.JPEG,065bfeed.JPEG,visual_complex,https://mmarcantoinee.github.io/survey-mit-spring-2026/images/renamed/visual_complex/065bfeed.JPEG
0005_house_n03544360_2980_conf0.991858.JPEG,ce5a2965.JPEG,visual_complex,https://mmarcantoinee.github.io/survey-mit-spring-2026/images/renamed/visual_complex/ce5a2965.JPEG
0009_car_n02960352_1512_conf0.999930.JPEG,54219931.JPEG,visual_complex,https://mmarcantoinee.github.io/survey-mit-spring-2026/images/renamed/visual_complex/54219931.JPEG
0009_car_n03079136_20466_conf0.999753.JPEG,a333cf5e.JPEG,visual_complex,https://mmarcantoinee.github.io/survey-mit-spring-2026/images/renamed/visual_complex/a333cf5e.JPEG
0009_car_n03079136_22002_conf0.999973.JPEG,61a7320d.JPEG,visual_complex,https://mmarcantoinee.github.io/survey-mit-spring-2026/images/renamed/visual_complex/61a7320d.JPEG
0009_car_n03268790_187_conf0.998684.JPEG,d7a8f765.JPEG,visual_complex,https://mmarcantoinee.github.io/survey-mit-spring-2026/images/renamed/visual_complex/d7a8f765.JPEG
0009_car_n03828020_3809_conf0.997630.JPEG,6ad10656.JPEG,visual_complex,https://mmarcantoinee.github.io/survey-mit-spring-2026/images/renamed/visual_complex/6ad10656.JPEG
0009_car_n04285008_514_conf0.999237.JPEG,6ed2e7f3.JPEG,visual_complex,https://mmarcantoinee.github.io/survey-mit-spring-2026/images/renamed/visual_complex/6ed2e7f3.JPEG
0009_car_n04285008_5897_conf0.999988.JPEG,b55d1959.JPEG,visual_complex,https://mmarcantoinee.github.io/survey-mit-spring-2026/images/renamed/visual_complex/b55d1959.JPEG
0009_car_n04516354_1457_conf0.999927.JPEG,86569718.JPEG,visual_complex,https://mmarcantoinee.github.io/survey-mit-spring-2026/images/renamed/visual_complex/86569718.JPEG
0027_bed_n02818832_5895_conf0.995826.JPEG,14c0bcc5.JPEG,visual_complex,https://mmarcantoinee.github.io/survey-mit-spring-2026/images/renamed/visual_complex/14c0bcc5.JPEG
0027_bed_n02818832_9520_conf0.995277.JPEG,f7629e9e.JPEG,visual_complex,https://mmarcantoinee.github.io/survey-mit-spring-2026/images/renamed/visual_complex/f7629e9e.JPEG
0027_bed_n03799876_6853_conf0.988367.JPEG,07fe3ef1.JPEG,visual_complex,https://mmarcantoinee.github.io/survey-mit-spring-2026/images/renamed/visual_complex/07fe3ef1.JPEG
0027_bed_n04236809_3633_conf0.998014.JPEG,5b8916b7.JPEG,visual_complex,https://mmarcantoinee.github.io/survey-mit-spring-2026/images/renamed/visual_complex/5b8916b7.JPEG
0039_dog_n02085374_10280_conf0.996912.JPEG,3ac79c9d.JPEG,visual_complex,https://mmarcantoinee.github.io/survey-mit-spring-2026/images/renamed/visual_complex/3ac79c9d.JPEG
0039_dog_n02085374_2696_conf0.991626.JPEG,74d1ad0c.JPEG,visual_complex,https://mmarcantoinee.github.io/survey-mit-spring-2026/images/renamed/visual_complex/74d1ad0c.JPEG
0045_ball_n02779435_17331_conf0.998588.JPEG,34526806.JPEG,visual_complex,https://mmarcantoinee.github.io/survey-mit-spring-2026/images/renamed/visual_complex/34526806.JPEG
0045_ball_n03982232_4214_conf0.999999.JPEG,03a785d8.JPEG,visual_complex,https://mmarcantoinee.github.io/survey-mit-spring-2026/images/renamed/visual_complex/03a785d8.JPEG
0047_fire_n03343560_12214_conf0.991463.JPEG,42604676.JPEG,visual_complex,https://mmarcantoinee.github.io/survey-mit-spring-2026/images/renamed/visual_complex/42604676.JPEG
0047_fire_n10091450_7703_conf0.999699.JPEG,65a12bed.JPEG,visual_complex,https://mmarcantoinee.github.io/survey-mit-spring-2026/images/renamed/visual_complex/65a12bed.JPEG
0047_fire_n10091564_7458_conf0.985483.JPEG,00ceb9fc.JPEG,visual_complex,https://mmarcantoinee.github.io/survey-mit-spring-2026/images/renamed/visual_complex/00ceb9fc.JPEG
0050_horse_n02379430_2538_conf0.996777.JPEG,3add48a1.JPEG,visual_complex,https://mmarcantoinee.github.io/survey-mit-spring-2026/images/renamed/visual_complex/3add48a1.JPEG
0051_city_n08524735_25625_conf0.995462.JPEG,1a411833.JPEG,visual_complex,https://mmarcantoinee.github.io/survey-mit-spring-2026/images/renamed/visual_complex/1a411833.JPEG
0051_city_n08524735_29017_conf0.993732.JPEG,c820e6c3.JPEG,visual_complex,https://mmarcantoinee.github.io/survey-mit-spring-2026/images/renamed/visual_complex/c820e6c3.JPEG
0061_boat_n02858304_10401_conf0.984338.JPEG,ce83972a.JPEG,visual_complex,https://mmarcantoinee.github.io/survey-mit-spring-2026/images/renamed/visual_complex/ce83972a.JPEG
0071_camera_n02884994_4488_conf0.999870.JPEG,340f48ed.JPEG,visual_complex,https://mmarcantoinee.github.io/survey-mit-spring-2026/images/renamed/visual_complex/340f48ed.JPEG
0071_camera_n02884994_4953_conf0.988625.JPEG,da47a589.JPEG,visual_complex,https://mmarcantoinee.github.io/survey-mit-spring-2026/images/renamed/visual_complex/da47a589.JPEG
0071_camera_n02884994_751_conf0.999982.JPEG,cfef516b.JPEG,visual_complex,https://mmarcantoinee.github.io/survey-mit-spring-2026/images/renamed/visual_complex/cfef516b.JPEG
0071_camera_n02942699_11878_conf0.999159.JPEG,5b49e980.JPEG,visual_complex,https://mmarcantoinee.github.io/survey-mit-spring-2026/images/renamed/visual_complex/5b49e980.JPEG
0071_camera_n02942699_17098_conf0.999572.JPEG,a496ff25.JPEG,visual_complex,https://mmarcantoinee.github.io/survey-mit-spring-2026/images/renamed/visual_complex/a496ff25.JPEG
0071_camera_n02947977_2147_conf0.999993.JPEG,955c8ade.JPEG,visual_complex,https://mmarcantoinee.github.io/survey-mit-spring-2026/images/renamed/visual_complex/955c8ade.JPEG
0071_camera_n03196062_4424_conf0.988330.JPEG,39729a70.JPEG,visual_complex,https://mmarcantoinee.github.io/survey-mit-spring-2026/images/renamed/visual_complex/39729a70.JPEG
0076_cup_n03216710_2535_conf0.988902.JPEG,18a7a2ff.JPEG,visual_complex,https://mmarcantoinee.github.io/survey-mit-spring-2026/images/renamed/visual_complex/18a7a2ff.JPEG
0077_ship_n03095699_13680_conf0.999933.JPEG,02e0e110.JPEG,visual_complex,https://mmarcantoinee.github.io/survey-mit-spring-2026/images/renamed/visual_complex/02e0e110.JPEG
0077_ship_n03095699_21056_conf0.999830.JPEG,bf7033f0.JPEG,visual_complex,https://mmarcantoinee.github.io/survey-mit-spring-2026/images/renamed/visual_complex/bf7033f0.JPEG
0077_ship_n03095699_2769_conf0.999059.JPEG,0016a007.JPEG,visual_complex,https://mmarcantoinee.github.io/survey-mit-spring-2026/images/renamed/visual_complex/0016a007.JPEG
0077_ship_n03673027_10498_conf0.999675.JPEG,bf678dfb.JPEG,visual_complex,https://mmarcantoinee.github.io/survey-mit-spring-2026/images/renamed/visual_complex/bf678dfb.JPEG
0077_ship_n03673027_28419_conf0.983837.JPEG,d444d248.JPEG,visual_complex,https://mmarcantoinee.github.io/survey-mit-spring-2026/images/renamed/visual_complex/d444d248.JPEG
0077_ship_n03673027_9534_conf0.990442.JPEG,505f6a21.JPEG,visual_complex,https://mmarcantoinee.github.io/survey-mit-spring-2026/images/renamed/visual_complex/505f6a21.JPEG
0077_ship_n03896103_3067_conf0.995739.JPEG,87f81841.JPEG,visual_complex,https://mmarcantoinee.github.io/survey-mit-spring-2026/images/renamed/visual_complex/87f81841.JPEG
0082_kitchen_bing_kitchen_0156_conf0.997462.jpg,48e514c4.jpg,visual_complex,https://mmarcantoinee.github.io/survey-mit-spring-2026/images/renamed/visual_complex/48e514c4.jpg
0082_kitchen_n03619890_21018_conf0.992966.JPEG,44bed865.JPEG,visual_complex,https://mmarcantoinee.github.io/survey-mit-spring-2026/images/renamed/visual_complex/44bed865.JPEG
0083_key_n03561047_2439_conf0.997525.JPEG,732b952a.JPEG,visual_complex,https://mmarcantoinee.github.io/survey-mit-spring-2026/images/renamed/visual_complex/732b952a.JPEG
0083_key_n04226826_8770_conf0.996578.JPEG,7f4c4f7a.JPEG,visual_complex,https://mmarcantoinee.github.io/survey-mit-spring-2026/images/renamed/visual_complex/7f4c4f7a.JPEG
0089_bus_n02924116_1345_conf0.995733.JPEG,def7a758.JPEG,visual_complex,https://mmarcantoinee.github.io/survey-mit-spring-2026/images/renamed/visual_complex/def7a758.JPEG
0089_bus_n02924116_44909_conf0.980171.JPEG,c069da01.JPEG,visual_complex,https://mmarcantoinee.github.io/survey-mit-spring-2026/images/renamed/visual_complex/c069da01.JPEG
0089_bus_n04212165_1359_conf0.997790.JPEG,4e99037d.JPEG,visual_complex,https://mmarcantoinee.github.io/survey-mit-spring-2026/images/renamed/visual_complex/4e99037d.JPEG
0089_bus_n04212165_4507_conf0.999963.JPEG,9ea3c176.JPEG,visual_complex,https://mmarcantoinee.github.io/survey-mit-spring-2026/images/renamed/visual_complex/9ea3c176.JPEG
0089_bus_n04487081_23038_conf0.999067.JPEG,2446f571.JPEG,visual_complex,https://mmarcantoinee.github.io/survey-mit-spring-2026/images/renamed/visual_complex/2446f571.JPEG
0089_bus_n04487081_5899_conf0.999680.JPEG,4eba8e78.JPEG,visual_complex,https://mmarcantoinee.github.io/survey-mit-spring-2026/images/renamed/visual_complex/4eba8e78.JPEG
0091_bridge_n02898711_4100_conf0.997916.JPEG,f034cb68.JPEG,visual_complex,https://mmarcantoinee.github.io/survey-mit-spring-2026/images/renamed/visual_complex/f034cb68.JPEG
0091_bridge_n02953197_2227_conf0.987360.JPEG,f1d549b1.JPEG,visual_complex,https://mmarcantoinee.github.io/survey-mit-spring-2026/images/renamed/visual_complex/f1d549b1.JPEG
0091_bridge_n04311004_2264_conf0.999793.JPEG,b0dda78f.JPEG,visual_complex,https://mmarcantoinee.github.io/survey-mit-spring-2026/images/renamed/visual_complex/b0dda78f.JPEG
0091_bridge_n04492749_6056_conf0.999999.JPEG,f557aa2c.JPEG,visual_complex,https://mmarcantoinee.github.io/survey-mit-spring-2026/images/renamed/visual_complex/f557aa2c.JPEG
0093_pizza_n03952576_10081_conf0.996039.JPEG,718c6a84.JPEG,visual_complex,https://mmarcantoinee.github.io/survey-mit-spring-2026/images/renamed/visual_complex/718c6a84.JPEG
0093_pizza_n03952576_4124_conf0.999216.JPEG,3ef5acaa.JPEG,visual_complex,https://mmarcantoinee.github.io/survey-mit-spring-2026/images/renamed/visual_complex/3ef5acaa.JPEG
0093_pizza_n07873807_10202_conf0.999979.JPEG,f409ad2d.JPEG,visual_complex,https://mmarcantoinee.github.io/survey-mit-spring-2026/images/renamed/visual_complex/f409ad2d.JPEG
0093_pizza_n07873807_11752_conf0.999876.JPEG,6df56eb7.JPEG,visual_complex,https://mmarcantoinee.github.io/survey-mit-spring-2026/images/renamed/visual_complex/6df56eb7.JPEG
0093_pizza_n07873807_4354_conf0.997827.JPEG,aece51c7.JPEG,visual_complex,https://mmarcantoinee.github.io/survey-mit-spring-2026/images/renamed/visual_complex/aece51c7.JPEG
0093_pizza_n07874259_3887_conf0.998830.JPEG,8a45be9d.JPEG,visual_complex,https://mmarcantoinee.github.io/survey-mit-spring-2026/images/renamed/visual_complex/8a45be9d.JPEG
0093_pizza_n07874343_1910_conf0.999905.JPEG,a29f09e1.JPEG,visual_complex,https://mmarcantoinee.github.io/survey-mit-spring-2026/images/renamed/visual_complex/a29f09e1.JPEG
0093_pizza_n07874343_3698_conf0.991170.JPEG,3e63da12.JPEG,visual_complex,https://mmarcantoinee.github.io/survey-mit-spring-2026/images/renamed/visual_complex/3e63da12.JPEG
0093_pizza_n07874343_4637_conf0.998187.JPEG,187c2d96.JPEG,visual_complex,https://mmarcantoinee.github.io/survey-mit-spring-2026/images/renamed/visual_complex/187c2d96.JPEG
0093_pizza_n07874343_879_conf0.994282.JPEG,16c92a8b.JPEG,visual_complex,https://mmarcantoinee.github.io/survey-mit-spring-2026/images/renamed/visual_complex/16c92a8b.JPEG
0094_computer_n03180011_6021_conf0.991924.JPEG,af672e02.JPEG,visual_complex,https://mmarcantoinee.github.io/survey-mit-spring-2026/images/renamed/visual_complex/af672e02.JPEG
0094_computer_n03918480_20865_conf0.983836.JPEG,4148e255.JPEG,visual_complex,https://mmarcantoinee.github.io/survey-mit-spring-2026/images/renamed/visual_complex/4148e255.JPEG
0094_computer_n03918480_29366_conf0.980988.JPEG,ede09e07.JPEG,visual_complex,https://mmarcantoinee.github.io/survey-mit-spring-2026/images/renamed/visual_complex/ede09e07.JPEG
0097_church_n02667576_5509_conf0.995001.JPEG,82554724.JPEG,visual_complex,https://mmarcantoinee.github.io/survey-mit-spring-2026/images/renamed/visual_complex/82554724.JPEG
0097_church_n02801184_11627_conf0.981598.JPEG,c36dc3f8.JPEG,visual_complex,https://mmarcantoinee.github.io/survey-mit-spring-2026/images/renamed/visual_complex/c36dc3f8.JPEG
0111_doll_n03219135_9146_conf0.988967.JPEG,c613ab8a.JPEG,visual_complex,https://mmarcantoinee.github.io/survey-mit-spring-2026/images/renamed/visual_complex/c613ab8a.JPEG
0111_doll_n03447358_258_conf0.992723.JPEG,96230dfb.JPEG,visual_complex,https://mmarcantoinee.github.io/survey-mit-spring-2026/images/renamed/visual_complex/96230dfb.JPEG
0111_doll_n03607029_6874_conf0.981312.JPEG,a0b6c2b4.JPEG,visual_complex,https://mmarcantoinee.github.io/survey-mit-spring-2026/images/renamed/visual_complex/a0b6c2b4.JPEG
0112_bell_n03028596_1902_conf0.991720.JPEG,251f0baf.JPEG,visual_complex,https://mmarcantoinee.github.io/survey-mit-spring-2026/images/renamed/visual_complex/251f0baf.JPEG
0112_bell_n03028596_2818_conf0.997920.JPEG,8744a836.JPEG,visual_complex,https://mmarcantoinee.github.io/survey-mit-spring-2026/images/renamed/visual_complex/8744a836.JPEG
0114_stairs_bing_stairs_0031_conf0.999861.jpg,3891b19c.jpg,visual_complex,https://mmarcantoinee.github.io/survey-mit-spring-2026/images/renamed/visual_complex/3891b19c.jpg
0117_ring_bing_ring_0008_conf0.992389.jpg,c0e2364a.jpg,visual_complex,https://mmarcantoinee.github.io/survey-mit-spring-2026/images/renamed/visual_complex/c0e2364a.jpg
0118_snake_n01730307_5294_conf0.998658.JPEG,4b78b6d4.JPEG,visual_complex,https://mmarcantoinee.github.io/survey-mit-spring-2026/images/renamed/visual_complex/4b78b6d4.JPEG
0118_snake_n01730307_6295_conf0.997360.JPEG,33bff5b8.JPEG,visual_complex,https://mmarcantoinee.github.io/survey-mit-spring-2026/images/renamed/visual_complex/33bff5b8.JPEG
0124_mountain_n09193705_24858_conf0.991869.JPEG,541cf6f0.JPEG,visual_complex,https://mmarcantoinee.github.io/survey-mit-spring-2026/images/renamed/visual_complex/541cf6f0.JPEG
0124_mountain_n09193705_4901_conf0.999034.JPEG,9719fcc3.JPEG,visual_complex,https://mmarcantoinee.github.io/survey-mit-spring-2026/images/renamed/visual_complex/9719fcc3.JPEG
0124_mountain_n09193705_5129_conf0.986255.JPEG,ea96ec7b.JPEG,visual_complex,https://mmarcantoinee.github.io/survey-mit-spring-2026/images/renamed/visual_complex/ea96ec7b.JPEG
0124_mountain_n09403734_17840_conf0.982943.JPEG,6578603d.JPEG,visual_complex,https://mmarcantoinee.github.io/survey-mit-spring-2026/images/renamed/visual_complex/6578603d.JPEG
0128_road_bing_road_0041_conf0.994692.jpg,d0c4ec43.jpg,visual_complex,https://mmarcantoinee.github.io/survey-mit-spring-2026/images/renamed/visual_complex/d0c4ec43.jpg
0128_road_flickr_road_0050_conf0.997116.jpg,669028c5.jpg,visual_complex,https://mmarcantoinee.github.io/survey-mit-spring-2026/images/renamed/visual_complex/669028c5.jpg
0128_road_flickr_road_0419_conf0.991322.jpg,a515a93c.jpg,visual_complex,https://mmarcantoinee.github.io/survey-mit-spring-2026/images/renamed/visual_complex/a515a93c.jpg
0128_road_n04096066_40172_conf0.996229.JPEG,413a607f.JPEG,visual_complex,https://mmarcantoinee.github.io/survey-mit-spring-2026/images/renamed/visual_complex/413a607f.JPEG
0131_wall_flickr_wall_0286_conf0.999964.jpg,d923b9fe.jpg,visual_complex,https://mmarcantoinee.github.io/survey-mit-spring-2026/images/renamed/visual_complex/d923b9fe.jpg
0131_wall_flickr_wall_0403_conf0.998135.jpg,20520ca7.jpg,visual_complex,https://mmarcantoinee.github.io/survey-mit-spring-2026/images/renamed/visual_complex/20520ca7.jpg
0131_wall_n03252637_12771_conf0.999267.JPEG,b8f3089c.JPEG,visual_complex,https://mmarcantoinee.github.io/survey-mit-spring-2026/images/renamed/visual_complex/b8f3089c.JPEG
0131_wall_n03252637_3465_conf0.999403.JPEG,f43728da.JPEG,visual_complex,https://mmarcantoinee.github.io/survey-mit-spring-2026/images/renamed/visual_complex/f43728da.JPEG
0135_toilet_n03371875_32856_conf0.986138.JPEG,dce8e36f.JPEG,visual_complex,https://mmarcantoinee.github.io/survey-mit-spring-2026/images/renamed/visual_complex/dce8e36f.JPEG
0135_toilet_n03371875_41452_conf0.998971.JPEG,d94e7410.JPEG,visual_complex,https://mmarcantoinee.github.io/survey-mit-spring-2026/images/renamed/visual_complex/d94e7410.JPEG
0135_toilet_n04018667_35625_conf0.997343.JPEG,63cd7107.JPEG,visual_complex,https://mmarcantoinee.github.io/survey-mit-spring-2026/images/renamed/visual_complex/63cd7107.JPEG
0135_toilet_n04446276_14272_conf0.997087.JPEG,a3769daf.JPEG,visual_complex,https://mmarcantoinee.github.io/survey-mit-spring-2026/images/renamed/visual_complex/a3769daf.JPEG
0137_train_n02917067_11379_conf0.999851.JPEG,c1385523.JPEG,visual_complex,https://mmarcantoinee.github.io/survey-mit-spring-2026/images/renamed/visual_complex/c1385523.JPEG
0137_train_n02917067_543_conf0.999996.JPEG,4c3d2a41.JPEG,visual_complex,https://mmarcantoinee.github.io/survey-mit-spring-2026/images/renamed/visual_complex/4c3d2a41.JPEG
0137_train_n02917067_6623_conf0.999972.JPEG,15b0137b.JPEG,visual_complex,https://mmarcantoinee.github.io/survey-mit-spring-2026/images/renamed/visual_complex/15b0137b.JPEG
0137_train_n02971579_12849_conf0.980033.JPEG,6dac938c.JPEG,visual_complex,https://mmarcantoinee.github.io/survey-mit-spring-2026/images/renamed/visual_complex/6dac938c.JPEG
0137_train_n03078802_3965_conf0.999994.JPEG,41772631.JPEG,visual_complex,https://mmarcantoinee.github.io/survey-mit-spring-2026/images/renamed/visual_complex/41772631.JPEG
0137_train_n03541393_2962_conf0.999998.JPEG,22d58d34.JPEG,visual_complex,https://mmarcantoinee.github.io/survey-mit-spring-2026/images/renamed/visual_complex/22d58d34.JPEG
0137_train_n04468005_19691_conf0.999284.JPEG,c890b4e7.JPEG,visual_complex,https://mmarcantoinee.github.io/survey-mit-spring-2026/images/renamed/visual_complex/c890b4e7.JPEG
0138_bottle_n02823428_4583_conf0.999785.JPEG,08d6155d.JPEG,visual_complex,https://mmarcantoinee.github.io/survey-mit-spring-2026/images/renamed/visual_complex/08d6155d.JPEG
0138_bottle_n02823428_8224_conf0.980015.JPEG,9efdcfcb.JPEG,visual_complex,https://mmarcantoinee.github.io/survey-mit-spring-2026/images/renamed/visual_complex/9efdcfcb.JPEG
0138_bottle_n02823428_898_conf0.997379.JPEG,1654c68a.JPEG,visual_complex,https://mmarcantoinee.github.io/survey-mit-spring-2026/images/renamed/visual_complex/1654c68a.JPEG
0138_bottle_n04591713_3409_conf0.995827.JPEG,fbe5e598.JPEG,visual_complex,https://mmarcantoinee.github.io/survey-mit-spring-2026/images/renamed/visual_complex/fbe5e598.JPEG
0138_bottle_n04591713_350_conf0.980750.JPEG,89a14214.JPEG,visual_complex,https://mmarcantoinee.github.io/survey-mit-spring-2026/images/renamed/visual_complex/89a14214.JPEG
0140_turtle_n01667432_111_conf0.999992.JPEG,1bab5647.JPEG,visual_complex,https://mmarcantoinee.github.io/survey-mit-spring-2026/images/renamed/visual_complex/1bab5647.JPEG
0140_turtle_n01669191_975_conf0.995476.JPEG,fdd9608b.JPEG,visual_complex,https://mmarcantoinee.github.io/survey-mit-spring-2026/images/renamed/visual_complex/fdd9608b.JPEG
0145_egg_n07841495_1683_conf0.994712.JPEG,4552d352.JPEG,visual_complex,https://mmarcantoinee.github.io/survey-mit-spring-2026/images/renamed/visual_complex/4552d352.JPEG
0145_egg_n07841495_3110_conf0.981708.JPEG,7a738190.JPEG,visual_complex,https://mmarcantoinee.github.io/survey-mit-spring-2026/images/renamed/visual_complex/7a738190.JPEG
0145_egg_n07843636_754_conf0.994412.JPEG,d1cd41f8.JPEG,visual_complex,https://mmarcantoinee.github.io/survey-mit-spring-2026/images/renamed/visual_complex/d1cd41f8.JPEG
0146_river_n09415671_19374_conf0.987942.JPEG,b459f178.JPEG,visual_complex,https://mmarcantoinee.github.io/survey-mit-spring-2026/images/renamed/visual_complex/b459f178.JPEG
0148_cat_n02123242_10903_conf0.990581.JPEG,80f758ab.JPEG,visual_complex,https://mmarcantoinee.github.io/survey-mit-spring-2026/images/renamed/visual_complex/80f758ab.JPEG
0149_truck_n04467665_1748_conf0.983601.JPEG,72bc5602.JPEG,visual_complex,https://mmarcantoinee.github.io/survey-mit-spring-2026/images/renamed/visual_complex/72bc5602.JPEG
0149_truck_n04467665_38886_conf0.998281.JPEG,da9573e3.JPEG,visual_complex,https://mmarcantoinee.github.io/survey-mit-spring-2026/images/renamed/visual_complex/da9573e3.JPEG
0149_truck_n04490091_9372_conf0.995678.JPEG,51d75bba.JPEG,visual_complex,https://mmarcantoinee.github.io/survey-mit-spring-2026/images/renamed/visual_complex/51d75bba.JPEG
0154_bear_n02132788_17280_conf0.988721.JPEG,96239aff.JPEG,visual_complex,https://mmarcantoinee.github.io/survey-mit-spring-2026/images/renamed/visual_complex/96239aff.JPEG
0156_moon_flickr_moon_0091_conf0.999988.jpg,517dc00c.jpg,visual_complex,https://mmarcantoinee.github.io/survey-mit-spring-2026/images/renamed/visual_complex/517dc00c.jpg
0156_moon_flickr_moon_0369_conf0.993135.jpg,37ef8b70.jpg,visual_complex,https://mmarcantoinee.github.io/survey-mit-spring-2026/images/renamed/visual_complex/37ef8b70.jpg
0163_lemon_n04966543_17346_conf0.998299.JPEG,96f084c3.JPEG,visual_complex,https://mmarcantoinee.github.io/survey-mit-spring-2026/images/renamed/visual_complex/96f084c3.JPEG
0163_lemon_n05716342_1680_conf0.988558.JPEG,ea052eee.JPEG,visual_complex,https://mmarcantoinee.github.io/survey-mit-spring-2026/images/renamed/visual_complex/ea052eee.JPEG
0163_lemon_n07749582_13467_conf0.985569.JPEG,94b61950.JPEG,visual_complex,https://mmarcantoinee.github.io/survey-mit-spring-2026/images/renamed/visual_complex/94b61950.JPEG
0163_lemon_n07749582_14850_conf0.999519.JPEG,cfe795ee.JPEG,visual_complex,https://mmarcantoinee.github.io/survey-mit-spring-2026/images/renamed/visual_complex/cfe795ee.JPEG
0164_frog_n01641206_11153_conf0.999451.JPEG,07b5ee61.JPEG,visual_complex,https://mmarcantoinee.github.io/survey-mit-spring-2026/images/renamed/visual_complex/07b5ee61.JPEG
0164_frog_n01644373_7864_conf0.996024.JPEG,35400d93.JPEG,visual_complex,https://mmarcantoinee.github.io/survey-mit-spring-2026/images/renamed/visual_complex/35400d93.JPEG
0164_frog_n01644373_8771_conf0.999889.JPEG,5aba2fdb.JPEG,visual_complex,https://mmarcantoinee.github.io/survey-mit-spring-2026/images/renamed/visual_complex/5aba2fdb.JPEG
0164_frog_n01650167_4861_conf0.999993.JPEG,2ac57b13.JPEG,visual_complex,https://mmarcantoinee.github.io/survey-mit-spring-2026/images/renamed/visual_complex/2ac57b13.JPEG
0167_pillow_n03938244_2512_conf0.999389.JPEG,2ef82999.JPEG,visual_complex,https://mmarcantoinee.github.io/survey-mit-spring-2026/images/renamed/visual_complex/2ef82999.JPEG
0168_elephant_n02503517_7473_conf0.982527.JPEG,9f592775.JPEG,visual_complex,https://mmarcantoinee.github.io/survey-mit-spring-2026/images/renamed/visual_complex/9f592775.JPEG
0168_elephant_n02503517_7778_conf0.999849.JPEG,424d1161.JPEG,visual_complex,https://mmarcantoinee.github.io/survey-mit-spring-2026/images/renamed/visual_complex/424d1161.JPEG
0168_elephant_n02504013_4372_conf0.999959.JPEG,ec46aa92.JPEG,visual_complex,https://mmarcantoinee.github.io/survey-mit-spring-2026/images/renamed/visual_complex/ec46aa92.JPEG
0168_elephant_n02504013_5381_conf0.999822.JPEG,32e8f8b8.JPEG,visual_complex,https://mmarcantoinee.github.io/survey-mit-spring-2026/images/renamed/visual_complex/32e8f8b8.JPEG
0168_elephant_n02504013_6483_conf0.999466.JPEG,36c1dc29.JPEG,visual_complex,https://mmarcantoinee.github.io/survey-mit-spring-2026/images/renamed/visual_complex/36c1dc29.JPEG
0168_elephant_n02504458_4838_conf0.999979.JPEG,6dd39999.JPEG,visual_complex,https://mmarcantoinee.github.io/survey-mit-spring-2026/images/renamed/visual_complex/6dd39999.JPEG
0169_cow_n01887787_12293_conf0.990014.JPEG,5d4aa385.JPEG,visual_complex,https://mmarcantoinee.github.io/survey-mit-spring-2026/images/renamed/visual_complex/5d4aa385.JPEG
0169_cow_n01887787_12542_conf0.994700.JPEG,768f7bbe.JPEG,visual_complex,https://mmarcantoinee.github.io/survey-mit-spring-2026/images/renamed/visual_complex/768f7bbe.JPEG
0169_cow_n01887787_4035_conf0.999548.JPEG,edd9a993.JPEG,visual_complex,https://mmarcantoinee.github.io/survey-mit-spring-2026/images/renamed/visual_complex/edd9a993.JPEG
0169_cow_n02407390_5241_conf0.997461.JPEG,f971f9da.JPEG,visual_complex,https://mmarcantoinee.github.io/survey-mit-spring-2026/images/renamed/visual_complex/f971f9da.JPEG
0170_banana_n07753592_2264_conf0.984748.JPEG,d124f885.JPEG,visual_complex,https://mmarcantoinee.github.io/survey-mit-spring-2026/images/renamed/visual_complex/d124f885.JPEG
0170_banana_n12352639_573_conf0.999658.JPEG,d3578e97.JPEG,visual_complex,https://mmarcantoinee.github.io/survey-mit-spring-2026/images/renamed/visual_complex/d3578e97.JPEG
0170_banana_n12353203_2528_conf0.985669.JPEG,b58923a0.JPEG,visual_complex,https://mmarcantoinee.github.io/survey-mit-spring-2026/images/renamed/visual_complex/b58923a0.JPEG
0175_ladder_bing_ladder_0001_conf0.994894.jpg,952aacc2.jpg,visual_complex,https://mmarcantoinee.github.io/survey-mit-spring-2026/images/renamed/visual_complex/952aacc2.jpg
0177_popcorn_n07732636_17533_conf0.998876.JPEG,ddcf565a.JPEG,visual_complex,https://mmarcantoinee.github.io/survey-mit-spring-2026/images/renamed/visual_complex/ddcf565a.JPEG
0177_popcorn_n07732636_8892_conf0.994119.JPEG,9150ab8b.JPEG,visual_complex,https://mmarcantoinee.github.io/survey-mit-spring-2026/images/renamed/visual_complex/9150ab8b.JPEG
0182_refrigerator_n03170635_16030_conf0.990092.JPEG,f7eec495.JPEG,visual_complex,https://mmarcantoinee.github.io/survey-mit-spring-2026/images/renamed/visual_complex/f7eec495.JPEG
0182_refrigerator_n04070727_11232_conf0.996910.JPEG,8f5b642a.JPEG,visual_complex,https://mmarcantoinee.github.io/survey-mit-spring-2026/images/renamed/visual_complex/8f5b642a.JPEG
0182_refrigerator_n04070727_2121_conf0.980392.JPEG,b79be2c4.JPEG,visual_complex,https://mmarcantoinee.github.io/survey-mit-spring-2026/images/renamed/visual_complex/b79be2c4.JPEG
0183_jar_n03725600_4565_conf0.993690.JPEG,c1ae824f.JPEG,visual_complex,https://mmarcantoinee.github.io/survey-mit-spring-2026/images/renamed/visual_complex/c1ae824f.JPEG
0185_hamburger_n07690152_4555_conf0.999285.JPEG,8cd2fb97.JPEG,visual_complex,https://mmarcantoinee.github.io/survey-mit-spring-2026/images/renamed/visual_complex/8cd2fb97.JPEG
0185_hamburger_n07690152_7083_conf0.995862.JPEG,2cbfaa2d.JPEG,visual_complex,https://mmarcantoinee.github.io/survey-mit-spring-2026/images/renamed/visual_complex/2cbfaa2d.JPEG
0185_hamburger_n07697313_1168_conf0.998463.JPEG,b5ed11b5.JPEG,visual_complex,https://mmarcantoinee.github.io/survey-mit-spring-2026/images/renamed/visual_complex/b5ed11b5.JPEG
0185_hamburger_n07697313_327_conf0.995353.JPEG,619ceb98.JPEG,visual_complex,https://mmarcantoinee.github.io/survey-mit-spring-2026/images/renamed/visual_complex/619ceb98.JPEG
0185_hamburger_n07697313_899_conf0.994604.JPEG,7873eed5.JPEG,visual_complex,https://mmarcantoinee.github.io/survey-mit-spring-2026/images/renamed/visual_complex/7873eed5.JPEG
0193_bean_n07727578_4402_conf0.995529.JPEG,1e8b8980.JPEG,visual_complex,https://mmarcantoinee.github.io/survey-mit-spring-2026/images/renamed/visual_complex/1e8b8980.JPEG
0193_bean_n07727868_13896_conf0.989558.JPEG,b7f6d355.JPEG,visual_complex,https://mmarcantoinee.github.io/survey-mit-spring-2026/images/renamed/visual_complex/b7f6d355.JPEG
0194_castle_n02980441_11772_conf0.995974.JPEG,9b0219a2.JPEG,visual_complex,https://mmarcantoinee.github.io/survey-mit-spring-2026/images/renamed/visual_complex/9b0219a2.JPEG
0194_castle_n02980441_12884_conf0.999996.JPEG,5f551764.JPEG,visual_complex,https://mmarcantoinee.github.io/survey-mit-spring-2026/images/renamed/visual_complex/5f551764.JPEG
0194_castle_n02980441_3670_conf0.996892.JPEG,38536250.JPEG,visual_complex,https://mmarcantoinee.github.io/survey-mit-spring-2026/images/renamed/visual_complex/38536250.JPEG
0206_tomato_n07734017_1274_conf0.988417.JPEG,d5409237.JPEG,visual_complex,https://mmarcantoinee.github.io/survey-mit-spring-2026/images/renamed/visual_complex/d5409237.JPEG
0206_tomato_n07734292_5303_conf0.993520.JPEG,3a63bcd8.JPEG,visual_complex,https://mmarcantoinee.github.io/survey-mit-spring-2026/images/renamed/visual_complex/3a63bcd8.JPEG
0206_tomato_n07734417_3366_conf0.998212.JPEG,e10aaa57.JPEG,visual_complex,https://mmarcantoinee.github.io/survey-mit-spring-2026/images/renamed/visual_complex/e10aaa57.JPEG
0206_tomato_n12906214_6492_conf0.999484.JPEG,ef5a1554.JPEG,visual_complex,https://mmarcantoinee.github.io/survey-mit-spring-2026/images/renamed/visual_complex/ef5a1554.JPEG
0208_strawberry_n07745940_11018_conf0.988630.JPEG,5d9dc064.JPEG,visual_complex,https://mmarcantoinee.github.io/survey-mit-spring-2026/images/renamed/visual_complex/5d9dc064.JPEG
0208_strawberry_n07745940_12628_conf0.990209.JPEG,e11a664c.JPEG,visual_complex,https://mmarcantoinee.github.io/survey-mit-spring-2026/images/renamed/visual_complex/e11a664c.JPEG
0208_strawberry_n07745940_4024_conf0.996141.JPEG,a29d33d1.JPEG,visual_complex,https://mmarcantoinee.github.io/survey-mit-spring-2026/images/renamed/visual_complex/a29d33d1.JPEG
0208_strawberry_n07745940_7056_conf0.996773.JPEG,2c1b76d8.JPEG,visual_complex,https://mmarcantoinee.github.io/survey-mit-spring-2026/images/renamed/visual_complex/2c1b76d8.JPEG
0208_strawberry_n12630763_1069_conf0.989297.JPEG,2d533a10.JPEG,visual_complex,https://mmarcantoinee.github.io/survey-mit-spring-2026/images/renamed/visual_complex/2d533a10.JPEG
0210_donkey_n02389779_4550_conf0.997285.JPEG,0703bde4.JPEG,visual_complex,https://mmarcantoinee.github.io/survey-mit-spring-2026/images/renamed/visual_complex/0703bde4.JPEG
0215_axe_n02764044_18544_conf0.997029.JPEG,7165f330.JPEG,visual_complex,https://mmarcantoinee.github.io/survey-mit-spring-2026/images/renamed/visual_complex/7165f330.JPEG
0215_axe_n02811468_3997_conf0.996300.JPEG,96b0f549.JPEG,visual_complex,https://mmarcantoinee.github.io/survey-mit-spring-2026/images/renamed/visual_complex/96b0f549.JPEG
0220_mailbox_bing_letter_box_1868_conf0.999959.jpg,cf7a3f5e.jpg,visual_complex,https://mmarcantoinee.github.io/survey-mit-spring-2026/images/renamed/visual_complex/cf7a3f5e.jpg
0220_mailbox_n03710193_9034_conf0.999999.JPEG,c1db9658.JPEG,visual_complex,https://mmarcantoinee.github.io/survey-mit-spring-2026/images/renamed/visual_complex/c1db9658.JPEG
0222_grape_n07758680_16661_conf0.999630.JPEG,35902e61.JPEG,visual_complex,https://mmarcantoinee.github.io/survey-mit-spring-2026/images/renamed/visual_complex/35902e61.JPEG
0222_grape_n07758680_4446_conf0.999809.JPEG,22b04165.JPEG,visual_complex,https://mmarcantoinee.github.io/survey-mit-spring-2026/images/renamed/visual_complex/22b04165.JPEG
0222_grape_n07758680_4511_conf0.995249.JPEG,2b6277e1.JPEG,visual_complex,https://mmarcantoinee.github.io/survey-mit-spring-2026/images/renamed/visual_complex/2b6277e1.JPEG
0222_grape_n07760153_3680_conf0.998716.JPEG,841eade3.JPEG,visual_complex,https://mmarcantoinee.github.io/survey-mit-spring-2026/images/renamed/visual_complex/841eade3.JPEG
0222_grape_n13146583_1830_conf0.999980.JPEG,b5c0547f.JPEG,visual_complex,https://mmarcantoinee.github.io/survey-mit-spring-2026/images/renamed/visual_complex/b5c0547f.JPEG
0224_carrot_n07730207_195_conf0.995586.JPEG,f5b82186.JPEG,visual_complex,https://mmarcantoinee.github.io/survey-mit-spring-2026/images/renamed/visual_complex/f5b82186.JPEG
0224_carrot_n07730207_2850_conf0.997400.JPEG,c66e9038.JPEG,visual_complex,https://mmarcantoinee.github.io/survey-mit-spring-2026/images/renamed/visual_complex/c66e9038.JPEG
0224_carrot_n07730207_54_conf0.995839.JPEG,179b2867.JPEG,visual_complex,https://mmarcantoinee.github.io/survey-mit-spring-2026/images/renamed/visual_complex/179b2867.JPEG
0224_carrot_n07730207_6020_conf0.999823.JPEG,ec916f44.JPEG,visual_complex,https://mmarcantoinee.github.io/survey-mit-spring-2026/images/renamed/visual_complex/ec916f44.JPEG
0224_carrot_n07730207_739_conf0.995239.JPEG,9ff9b5c6.JPEG,visual_complex,https://mmarcantoinee.github.io/survey-mit-spring-2026/images/renamed/visual_complex/9ff9b5c6.JPEG
0224_carrot_n07730207_805_conf0.999951.JPEG,1aa49b78.JPEG,visual_complex,https://mmarcantoinee.github.io/survey-mit-spring-2026/images/renamed/visual_complex/1aa49b78.JPEG
0224_carrot_n07730320_4463_conf0.988623.JPEG,8c80c74b.JPEG,visual_complex,https://mmarcantoinee.github.io/survey-mit-spring-2026/images/renamed/visual_complex/8c80c74b.JPEG
0224_carrot_n07730320_8062_conf0.995599.JPEG,afd3ea15.JPEG,visual_complex,https://mmarcantoinee.github.io/survey-mit-spring-2026/images/renamed/visual_complex/afd3ea15.JPEG
0226_tractor_n04465501_5323_conf0.994756.JPEG,2bc361c2.JPEG,visual_complex,https://mmarcantoinee.github.io/survey-mit-spring-2026/images/renamed/visual_complex/2bc361c2.JPEG
0226_tractor_n04465666_1442_conf0.999029.JPEG,4dd19aee.JPEG,visual_complex,https://mmarcantoinee.github.io/survey-mit-spring-2026/images/renamed/visual_complex/4dd19aee.JPEG
0226_tractor_n04465666_2902_conf0.998063.JPEG,4588b4c5.JPEG,visual_complex,https://mmarcantoinee.github.io/survey-mit-spring-2026/images/renamed/visual_complex/4588b4c5.JPEG
0229_cupcake_bing_cupcake_0124_conf0.994844.jpg,5527fcc2.jpg,visual_complex,https://mmarcantoinee.github.io/survey-mit-spring-2026/images/renamed/visual_complex/5527fcc2.jpg
0229_cupcake_flickr_cupcake_0272_conf0.987117.jpg,b64e083e.jpg,visual_complex,https://mmarcantoinee.github.io/survey-mit-spring-2026/images/renamed/visual_complex/b64e083e.jpg
0232_fern_flickr_fern_0460_conf0.984344.jpg,ec4ac87a.jpg,visual_complex,https://mmarcantoinee.github.io/survey-mit-spring-2026/images/renamed/visual_complex/ec4ac87a.jpg
0232_fern_n13214340_5640_conf0.999998.JPEG,e6517ad6.JPEG,visual_complex,https://mmarcantoinee.github.io/survey-mit-spring-2026/images/renamed/visual_complex/e6517ad6.JPEG
0234_bagel_n07693725_10201_conf0.990063.JPEG,3d2978ed.JPEG,visual_complex,https://mmarcantoinee.github.io/survey-mit-spring-2026/images/renamed/visual_complex/3d2978ed.JPEG
0234_bagel_n07693725_1163_conf0.998586.JPEG,dadced91.JPEG,visual_complex,https://mmarcantoinee.github.io/survey-mit-spring-2026/images/renamed/visual_complex/dadced91.JPEG
0235_telescope_n04070207_6440_conf1.000000.JPEG,2bcdb856.JPEG,visual_complex,https://mmarcantoinee.github.io/survey-mit-spring-2026/images/renamed/visual_complex/2bcdb856.JPEG
0236_cactus_n11851578_4716_conf0.985205.JPEG,5f213b86.JPEG,visual_complex,https://mmarcantoinee.github.io/survey-mit-spring-2026/images/renamed/visual_complex/5f213b86.JPEG
0238_tent_n02769963_2395_conf0.999992.JPEG,5e02851f.JPEG,visual_complex,https://mmarcantoinee.github.io/survey-mit-spring-2026/images/renamed/visual_complex/5e02851f.JPEG
0240_microscope_n02841506_3262_conf0.999948.JPEG,b275f946.JPEG,visual_complex,https://mmarcantoinee.github.io/survey-mit-spring-2026/images/renamed/visual_complex/b275f946.JPEG
0240_microscope_n03082280_1170_conf1.000000.JPEG,eeefcf6b.JPEG,visual_complex,https://mmarcantoinee.github.io/survey-mit-spring-2026/images/renamed/visual_complex/eeefcf6b.JPEG
0240_microscope_n03082280_1849_conf0.999999.JPEG,69e1f8bc.JPEG,visual_complex,https://mmarcantoinee.github.io/survey-mit-spring-2026/images/renamed/visual_complex/69e1f8bc.JPEG
0240_microscope_n03082280_3720_conf0.999933.JPEG,8e22a62e.JPEG,visual_complex,https://mmarcantoinee.github.io/survey-mit-spring-2026/images/renamed/visual_complex/8e22a62e.JPEG
0240_microscope_n03760671_11904_conf0.999987.JPEG,a6896445.JPEG,visual_complex,https://mmarcantoinee.github.io/survey-mit-spring-2026/images/renamed/visual_complex/a6896445.JPEG
0240_microscope_n03760671_12483_conf0.999798.JPEG,1ace5c74.JPEG,visual_complex,https://mmarcantoinee.github.io/survey-mit-spring-2026/images/renamed/visual_complex/1ace5c74.JPEG
0240_microscope_n04506688_2971_conf0.999737.JPEG,3b25d4d5.JPEG,visual_complex,https://mmarcantoinee.github.io/survey-mit-spring-2026/images/renamed/visual_complex/3b25d4d5.JPEG
0243_kite_n04284869_3474_conf0.991133.JPEG,cb76d7d1.JPEG,visual_complex,https://mmarcantoinee.github.io/survey-mit-spring-2026/images/renamed/visual_complex/cb76d7d1.JPEG
0243_kite_n04284869_470_conf0.999971.JPEG,bfaae648.JPEG,visual_complex,https://mmarcantoinee.github.io/survey-mit-spring-2026/images/renamed/visual_complex/bfaae648.JPEG
0243_kite_n04284869_5870_conf0.999989.JPEG,4d7ba260.JPEG,visual_complex,https://mmarcantoinee.github.io/survey-mit-spring-2026/images/renamed/visual_complex/4d7ba260.JPEG
0243_kite_n04284869_6635_conf1.000000.JPEG,b2622776.JPEG,visual_complex,https://mmarcantoinee.github.io/survey-mit-spring-2026/images/renamed/visual_complex/b2622776.JPEG
0243_kite_n04284869_978_conf0.999616.JPEG,a1625855.JPEG,visual_complex,https://mmarcantoinee.github.io/survey-mit-spring-2026/images/renamed/visual_complex/a1625855.JPEG
0246_lantern_n03018712_1551_conf0.996840.JPEG,b9bd08e8.JPEG,visual_complex,https://mmarcantoinee.github.io/survey-mit-spring-2026/images/renamed/visual_complex/b9bd08e8.JPEG
0246_lantern_n03549897_3217_conf0.996355.JPEG,d20144b2.JPEG,visual_complex,https://mmarcantoinee.github.io/survey-mit-spring-2026/images/renamed/visual_complex/d20144b2.JPEG
0247_octopus_n01970164_24754_conf0.982202.JPEG,448e1811.JPEG,visual_complex,https://mmarcantoinee.github.io/survey-mit-spring-2026/images/renamed/visual_complex/448e1811.JPEG
0247_octopus_n01970164_4085_conf0.981149.JPEG,1abf8a1e.JPEG,visual_complex,https://mmarcantoinee.github.io/survey-mit-spring-2026/images/renamed/visual_complex/1abf8a1e.JPEG
0250_lamp_n03636248_23346_conf0.995987.JPEG,e9a8b3bb.JPEG,visual_complex,https://mmarcantoinee.github.io/survey-mit-spring-2026/images/renamed/visual_complex/e9a8b3bb.JPEG
0250_lamp_n03636248_6064_conf0.996009.JPEG,cc70865e.JPEG,visual_complex,https://mmarcantoinee.github.io/survey-mit-spring-2026/images/renamed/visual_complex/cc70865e.JPEG
0250_lamp_n04380533_4412_conf0.999950.JPEG,d9afba1f.JPEG,visual_complex,https://mmarcantoinee.github.io/survey-mit-spring-2026/images/renamed/visual_complex/d9afba1f.JPEG
0256_blender_n02850732_2090_conf0.999500.JPEG,83017cda.JPEG,visual_complex,https://mmarcantoinee.github.io/survey-mit-spring-2026/images/renamed/visual_complex/83017cda.JPEG
0256_blender_n02850732_28185_conf0.983262.JPEG,404d2aba.JPEG,visual_complex,https://mmarcantoinee.github.io/survey-mit-spring-2026/images/renamed/visual_complex/404d2aba.JPEG
0256_blender_n02850732_4465_conf0.999870.JPEG,b5ae3cb8.JPEG,visual_complex,https://mmarcantoinee.github.io/survey-mit-spring-2026/images/renamed/visual_complex/b5ae3cb8.JPEG
0262_binoculars_n02841315_11920_conf1.000000.JPEG,90ed8040.JPEG,visual_complex,https://mmarcantoinee.github.io/survey-mit-spring-2026/images/renamed/visual_complex/90ed8040.JPEG
0262_binoculars_n02841315_23032_conf0.988587.JPEG,8f23b997.JPEG,visual_complex,https://mmarcantoinee.github.io/survey-mit-spring-2026/images/renamed/visual_complex/8f23b997.JPEG
0265_steak_bing_steak_0488_conf0.994848.jpg,d286999f.jpg,visual_complex,https://mmarcantoinee.github.io/survey-mit-spring-2026/images/renamed/visual_complex/d286999f.jpg
0265_steak_n07877961_50_conf0.994595.JPEG,a1b5bff5.JPEG,visual_complex,https://mmarcantoinee.github.io/survey-mit-spring-2026/images/renamed/visual_complex/a1b5bff5.JPEG
0266_gravel_n14698884_16229_conf0.984186.JPEG,b5411082.JPEG,visual_complex,https://mmarcantoinee.github.io/survey-mit-spring-2026/images/renamed/visual_complex/b5411082.JPEG
0266_gravel_n14698884_31475_conf0.999711.JPEG,bdf5792c.JPEG,visual_complex,https://mmarcantoinee.github.io/survey-mit-spring-2026/images/renamed/visual_complex/bdf5792c.JPEG
0269_escalator_bing_escalator_0011_conf0.990429.jpg,0a3a5491.jpg,visual_complex,https://mmarcantoinee.github.io/survey-mit-spring-2026/images/renamed/visual_complex/0a3a5491.jpg
0269_escalator_bing_escalator_0066_conf0.999057.jpg,76ed238b.jpg,visual_complex,https://mmarcantoinee.github.io/survey-mit-spring-2026/images/renamed/visual_complex/76ed238b.jpg
0269_escalator_bing_escalator_0245_conf0.980905.jpg,60975d76.jpg,visual_complex,https://mmarcantoinee.github.io/survey-mit-spring-2026/images/renamed/visual_complex/60975d76.jpg
0269_escalator_flickr_escalator_0067_conf0.986842.jpg,21ea8763.jpg,visual_complex,https://mmarcantoinee.github.io/survey-mit-spring-2026/images/renamed/visual_complex/21ea8763.jpg
0269_escalator_flickr_escalator_0469_conf0.998619.jpg,c4172052.jpg,visual_complex,https://mmarcantoinee.github.io/survey-mit-spring-2026/images/renamed/visual_complex/c4172052.jpg
0272_walrus_n02081798_5476_conf0.987089.JPEG,6e010a7b.JPEG,visual_complex,https://mmarcantoinee.github.io/survey-mit-spring-2026/images/renamed/visual_complex/6e010a7b.JPEG
0272_walrus_n02081798_766_conf0.999998.JPEG,7af3453b.JPEG,visual_complex,https://mmarcantoinee.github.io/survey-mit-spring-2026/images/renamed/visual_complex/7af3453b.JPEG
0273_horseshoe_n03539433_44143_conf0.998612.JPEG,011d06f9.JPEG,visual_complex,https://mmarcantoinee.github.io/survey-mit-spring-2026/images/renamed/visual_complex/011d06f9.JPEG
0273_horseshoe_n03539546_4262_conf0.999954.JPEG,eab68aca.JPEG,visual_complex,https://mmarcantoinee.github.io/survey-mit-spring-2026/images/renamed/visual_complex/eab68aca.JPEG
0290_camcorder_n02942349_1741_conf0.999575.JPEG,1350ecb5.JPEG,visual_complex,https://mmarcantoinee.github.io/survey-mit-spring-2026/images/renamed/visual_complex/1350ecb5.JPEG
0291_mousetrap_n03794056_12645_conf0.983851.JPEG,7d30fb6e.JPEG,visual_complex,https://mmarcantoinee.github.io/survey-mit-spring-2026/images/renamed/visual_complex/7d30fb6e.JPEG
0291_mousetrap_n03794056_14143_conf0.980493.JPEG,f7d178f8.JPEG,visual_complex,https://mmarcantoinee.github.io/survey-mit-spring-2026/images/renamed/visual_complex/f7d178f8.JPEG
0294_cauliflower_n11876634_561_conf0.994555.JPEG,605c68a0.JPEG,visual_complex,https://mmarcantoinee.github.io/survey-mit-spring-2026/images/renamed/visual_complex/605c68a0.JPEG
0296_shower_n04208936_5461_conf0.991898.JPEG,7d9c1ccf.JPEG,visual_complex,https://mmarcantoinee.github.io/survey-mit-spring-2026/images/renamed/visual_complex/7d9c1ccf.JPEG
0296_shower_n04209509_2239_conf0.996529.JPEG,ca13d2e7.JPEG,visual_complex,https://mmarcantoinee.github.io/survey-mit-spring-2026/images/renamed/visual_complex/ca13d2e7.JPEG
0296_shower_n04209509_2654_conf0.991750.JPEG,d5b9ad22.JPEG,visual_complex,https://mmarcantoinee.github.io/survey-mit-spring-2026/images/renamed/visual_complex/d5b9ad22.JPEG
0296_shower_n04209509_6621_conf0.995777.JPEG,555bcc78.JPEG,visual_complex,https://mmarcantoinee.github.io/survey-mit-spring-2026/images/renamed/visual_complex/555bcc78.JPEG
0301_hotdog_n07690019_810_conf0.984980.JPEG,a36b84c8.JPEG,visual_complex,https://mmarcantoinee.github.io/survey-mit-spring-2026/images/renamed/visual_complex/a36b84c8.JPEG
0301_hotdog_n07865105_1980_conf0.999558.JPEG,de9cf838.JPEG,visual_complex,https://mmarcantoinee.github.io/survey-mit-spring-2026/images/renamed/visual_complex/de9cf838.JPEG
0301_hotdog_n07865105_4903_conf0.999872.JPEG,31ebbcc5.JPEG,visual_complex,https://mmarcantoinee.github.io/survey-mit-spring-2026/images/renamed/visual_complex/31ebbcc5.JPEG
0301_hotdog_n07865105_8500_conf0.998332.JPEG,a2c417a1.JPEG,visual_complex,https://mmarcantoinee.github.io/survey-mit-spring-2026/images/renamed/visual_complex/a2c417a1.JPEG
0309_guardrail_n04127395_13230_conf0.983491.JPEG,f6b57162.JPEG,visual_complex,https://mmarcantoinee.github.io/survey-mit-spring-2026/images/renamed/visual_complex/f6b57162.JPEG
0310_thimble_n04423845_12985_conf0.997730.JPEG,e5ee1cfe.JPEG,visual_complex,https://mmarcantoinee.github.io/survey-mit-spring-2026/images/renamed/visual_complex/e5ee1cfe.JPEG
0310_thimble_n04423845_14162_conf0.985515.JPEG,3437d9c6.JPEG,visual_complex,https://mmarcantoinee.github.io/survey-mit-spring-2026/images/renamed/visual_complex/3437d9c6.JPEG
0311_crawfish_n01985128_7869_conf0.983430.JPEG,93532bc1.JPEG,visual_complex,https://mmarcantoinee.github.io/survey-mit-spring-2026/images/renamed/visual_complex/93532bc1.JPEG
0312_dustpan_n03259009_1339_conf0.998754.JPEG,0b433057.JPEG,visual_complex,https://mmarcantoinee.github.io/survey-mit-spring-2026/images/renamed/visual_complex/0b433057.JPEG
0318_eyedropper_n03247083_5556_conf0.983645.JPEG,4eec26e0.JPEG,visual_complex,https://mmarcantoinee.github.io/survey-mit-spring-2026/images/renamed/visual_complex/4eec26e0.JPEG
0333_corn_n07731952_24486_conf1.000000.JPEG,a716f2f0.JPEG,visual_complex,https://mmarcantoinee.github.io/survey-mit-spring-2026/images/renamed/visual_complex/a716f2f0.JPEG
0333_corn_n07732168_1168_conf0.998091.JPEG,a63566ce.JPEG,visual_complex,https://mmarcantoinee.github.io/survey-mit-spring-2026/images/renamed/visual_complex/a63566ce.JPEG
0333_corn_n12144580_13469_conf0.995992.JPEG,63960443.JPEG,visual_complex,https://mmarcantoinee.github.io/survey-mit-spring-2026/images/renamed/visual_complex/63960443.JPEG
0334_cave_n09238926_1514_conf0.997055.JPEG,6674acd5.JPEG,visual_complex,https://mmarcantoinee.github.io/survey-mit-spring-2026/images/renamed/visual_complex/6674acd5.JPEG
0334_cave_n09239302_11969_conf0.999980.JPEG,bfc3a932.JPEG,visual_complex,https://mmarcantoinee.github.io/survey-mit-spring-2026/images/renamed/visual_complex/bfc3a932.JPEG
0334_cave_n09239302_3766_conf0.999178.JPEG,1a080f96.JPEG,visual_complex,https://mmarcantoinee.github.io/survey-mit-spring-2026/images/renamed/visual_complex/1a080f96.JPEG
0334_cave_n09257843_13211_conf0.996403.JPEG,41b2ee6d.JPEG,visual_complex,https://mmarcantoinee.github.io/survey-mit-spring-2026/images/renamed/visual_complex/41b2ee6d.JPEG
0334_cave_n09257843_15016_conf0.986539.JPEG,5686e8c5.JPEG,visual_complex,https://mmarcantoinee.github.io/survey-mit-spring-2026/images/renamed/visual_complex/5686e8c5.JPEG
0334_cave_n09257843_5873_conf0.999873.JPEG,667a6681.JPEG,visual_complex,https://mmarcantoinee.github.io/survey-mit-spring-2026/images/renamed/visual_complex/667a6681.JPEG
0334_cave_n09294877_9188_conf0.999957.JPEG,6d37d71e.JPEG,visual_complex,https://mmarcantoinee.github.io/survey-mit-spring-2026/images/renamed/visual_complex/6d37d71e.JPEG
0335_pie_bing_pie_0444_conf0.982071.jpg,dc40e714.jpg,visual_complex,https://mmarcantoinee.github.io/survey-mit-spring-2026/images/renamed/visual_complex/dc40e714.jpg
0337_spider_n01773157_1093_conf0.999568.JPEG,e81b739f.JPEG,visual_complex,https://mmarcantoinee.github.io/survey-mit-spring-2026/images/renamed/visual_complex/e81b739f.JPEG
0337_spider_n01773157_2499_conf0.999994.JPEG,8c0ea379.JPEG,visual_complex,https://mmarcantoinee.github.io/survey-mit-spring-2026/images/renamed/visual_complex/8c0ea379.JPEG
0337_spider_n01773157_3510_conf1.000000.JPEG,921fffde.JPEG,visual_complex,https://mmarcantoinee.github.io/survey-mit-spring-2026/images/renamed/visual_complex/921fffde.JPEG
0337_spider_n01773797_4781_conf0.999990.JPEG,4b20defb.JPEG,visual_complex,https://mmarcantoinee.github.io/survey-mit-spring-2026/images/renamed/visual_complex/4b20defb.JPEG
0339_bread_n07680761_4352_conf0.999594.JPEG,1d926334.JPEG,visual_complex,https://mmarcantoinee.github.io/survey-mit-spring-2026/images/renamed/visual_complex/1d926334.JPEG
0339_bread_n07687211_8503_conf0.993217.JPEG,5a73be89.JPEG,visual_complex,https://mmarcantoinee.github.io/survey-mit-spring-2026/images/renamed/visual_complex/5a73be89.JPEG
0341_motorcycle_n03790512_8936_conf1.000000.JPEG,3e69f319.JPEG,visual_complex,https://mmarcantoinee.github.io/survey-mit-spring-2026/images/renamed/visual_complex/3e69f319.JPEG
0341_motorcycle_n10333838_15403_conf0.999709.JPEG,83c91fde.JPEG,visual_complex,https://mmarcantoinee.github.io/survey-mit-spring-2026/images/renamed/visual_complex/83c91fde.JPEG
0341_motorcycle_n10333838_18047_conf0.997101.JPEG,2e39802e.JPEG,visual_complex,https://mmarcantoinee.github.io/survey-mit-spring-2026/images/renamed/visual_complex/2e39802e.JPEG
0341_motorcycle_n10333838_24744_conf0.999999.JPEG,aa75ad8d.JPEG,visual_complex,https://mmarcantoinee.github.io/survey-mit-spring-2026/images/renamed/visual_complex/aa75ad8d.JPEG
0341_motorcycle_n10333838_8812_conf0.999993.JPEG,ba6b4792.JPEG,visual_complex,https://mmarcantoinee.github.io/survey-mit-spring-2026/images/renamed/visual_complex/ba6b4792.JPEG
0352_monkey_n02487347_1133_conf0.998106.JPEG,e213d3f1.JPEG,visual_complex,https://mmarcantoinee.github.io/survey-mit-spring-2026/images/renamed/visual_complex/e213d3f1.JPEG
0352_monkey_n02487347_164_conf0.999582.JPEG,ecc0c04d.JPEG,visual_complex,https://mmarcantoinee.github.io/survey-mit-spring-2026/images/renamed/visual_complex/ecc0c04d.JPEG
0353_whale_n02066245_7403_conf0.989849.JPEG,3958ed59.JPEG,visual_complex,https://mmarcantoinee.github.io/survey-mit-spring-2026/images/renamed/visual_complex/3958ed59.JPEG
0356_airplane_n02686121_1807_conf0.999873.JPEG,7319f1cf.JPEG,visual_complex,https://mmarcantoinee.github.io/survey-mit-spring-2026/images/renamed/visual_complex/7319f1cf.JPEG
0356_airplane_n02686121_2481_conf0.999812.JPEG,b32bef9e.JPEG,visual_complex,https://mmarcantoinee.github.io/survey-mit-spring-2026/images/renamed/visual_complex/b32bef9e.JPEG
0356_airplane_n02686121_3526_conf0.999665.JPEG,ad775fe9.JPEG,visual_complex,https://mmarcantoinee.github.io/survey-mit-spring-2026/images/renamed/visual_complex/ad775fe9.JPEG
0356_airplane_n02686121_4320_conf0.999994.JPEG,804dd896.JPEG,visual_complex,https://mmarcantoinee.github.io/survey-mit-spring-2026/images/renamed/visual_complex/804dd896.JPEG
0356_airplane_n02686121_4902_conf0.999876.JPEG,dd54ae03.JPEG,visual_complex,https://mmarcantoinee.github.io/survey-mit-spring-2026/images/renamed/visual_complex/dd54ae03.JPEG
0356_airplane_n02690373_8547_conf0.997215.JPEG,4b612e49.JPEG,visual_complex,https://mmarcantoinee.github.io/survey-mit-spring-2026/images/renamed/visual_complex/4b612e49.JPEG
0356_airplane_n02867715_15826_conf0.999705.JPEG,c8f147e5.JPEG,visual_complex,https://mmarcantoinee.github.io/survey-mit-spring-2026/images/renamed/visual_complex/c8f147e5.JPEG
0356_airplane_n03596543_2346_conf0.999991.JPEG,9f345fcc.JPEG,visual_complex,https://mmarcantoinee.github.io/survey-mit-spring-2026/images/renamed/visual_complex/9f345fcc.JPEG
0356_airplane_n04012084_4322_conf0.999221.JPEG,31d61ddd.JPEG,visual_complex,https://mmarcantoinee.github.io/survey-mit-spring-2026/images/renamed/visual_complex/31d61ddd.JPEG
0356_airplane_n04503499_296_conf0.999988.JPEG,658bc598.JPEG,visual_complex,https://mmarcantoinee.github.io/survey-mit-spring-2026/images/renamed/visual_complex/658bc598.JPEG
0359_shovel_n04208427_12476_conf0.984819.JPEG,297287d0.JPEG,visual_complex,https://mmarcantoinee.github.io/survey-mit-spring-2026/images/renamed/visual_complex/297287d0.JPEG
0363_rabbit_n02325722_529_conf0.980108.JPEG,a2e7d7cf.JPEG,visual_complex,https://mmarcantoinee.github.io/survey-mit-spring-2026/images/renamed/visual_complex/a2e7d7cf.JPEG
0364_necklace_n03814906_10234_conf0.982259.JPEG,33086160.JPEG,visual_complex,https://mmarcantoinee.github.io/survey-mit-spring-2026/images/renamed/visual_complex/33086160.JPEG
0364_necklace_n03814906_27923_conf0.998540.JPEG,c4e6a02e.JPEG,visual_complex,https://mmarcantoinee.github.io/survey-mit-spring-2026/images/renamed/visual_complex/c4e6a02e.JPEG
0369_moose_n02432983_10787_conf0.999425.JPEG,b24fab98.JPEG,visual_complex,https://mmarcantoinee.github.io/survey-mit-spring-2026/images/renamed/visual_complex/b24fab98.JPEG
0369_moose_n02432983_17831_conf0.994891.JPEG,8823f022.JPEG,visual_complex,https://mmarcantoinee.github.io/survey-mit-spring-2026/images/renamed/visual_complex/8823f022.JPEG
0369_moose_n02432983_34624_conf0.987706.JPEG,38fb34e0.JPEG,visual_complex,https://mmarcantoinee.github.io/survey-mit-spring-2026/images/renamed/visual_complex/38fb34e0.JPEG
0370_glass_n04559910_4005_conf0.997325.JPEG,c6ad434b.JPEG,visual_complex,https://mmarcantoinee.github.io/survey-mit-spring-2026/images/renamed/visual_complex/c6ad434b.JPEG
0375_drum_n02803666_19505_conf0.999666.JPEG,3b79ed7a.JPEG,visual_complex,https://mmarcantoinee.github.io/survey-mit-spring-2026/images/renamed/visual_complex/3b79ed7a.JPEG
0383_spoon_n03180384_1226_conf0.995531.JPEG,a40d838e.JPEG,visual_complex,https://mmarcantoinee.github.io/survey-mit-spring-2026/images/renamed/visual_complex/a40d838e.JPEG
0383_spoon_n03557270_1280_conf0.995087.JPEG,dd569ae0.JPEG,visual_complex,https://mmarcantoinee.github.io/survey-mit-spring-2026/images/renamed/visual_complex/dd569ae0.JPEG
0383_spoon_n03557270_1673_conf0.991009.JPEG,e9a115b1.JPEG,visual_complex,https://mmarcantoinee.github.io/survey-mit-spring-2026/images/renamed/visual_complex/e9a115b1.JPEG
0387_lettuce_n07723559_2515_conf0.987580.JPEG,01f3266c.JPEG,visual_complex,https://mmarcantoinee.github.io/survey-mit-spring-2026/images/renamed/visual_complex/01f3266c.JPEG
0387_lettuce_n07723559_5537_conf0.985902.JPEG,7aa9d9dd.JPEG,visual_complex,https://mmarcantoinee.github.io/survey-mit-spring-2026/images/renamed/visual_complex/7aa9d9dd.JPEG
0387_lettuce_n07724078_2318_conf0.995019.JPEG,6893794c.JPEG,visual_complex,https://mmarcantoinee.github.io/survey-mit-spring-2026/images/renamed/visual_complex/6893794c.JPEG
0387_lettuce_n11986511_1678_conf0.993995.JPEG,58203540.JPEG,visual_complex,https://mmarcantoinee.github.io/survey-mit-spring-2026/images/renamed/visual_complex/58203540.JPEG
0389_ashtray_n02747802_3664_conf0.999648.JPEG,f73c52a7.JPEG,visual_complex,https://mmarcantoinee.github.io/survey-mit-spring-2026/images/renamed/visual_complex/f73c52a7.JPEG
0393_lake_bing_lac_0069_conf0.996736.jpg,4b03b878.jpg,visual_complex,https://mmarcantoinee.github.io/survey-mit-spring-2026/images/renamed/visual_complex/4b03b878.jpg
0393_lake_bing_lac_0709_conf0.994776.jpg,44121965.jpg,visual_complex,https://mmarcantoinee.github.io/survey-mit-spring-2026/images/renamed/visual_complex/44121965.jpg
0393_lake_bing_lago_0074_conf0.984930.jpg,dfc7f36c.jpg,visual_complex,https://mmarcantoinee.github.io/survey-mit-spring-2026/images/renamed/visual_complex/dfc7f36c.jpg
0393_lake_bing_lake_0006_conf0.992178.jpg,3d9e2a8e.jpg,visual_complex,https://mmarcantoinee.github.io/survey-mit-spring-2026/images/renamed/visual_complex/3d9e2a8e.jpg
0393_lake_bing_lake_0114_conf0.989627.jpg,bee8c591.jpg,visual_complex,https://mmarcantoinee.github.io/survey-mit-spring-2026/images/renamed/visual_complex/bee8c591.jpg
0393_lake_flickr_lake_0061_conf0.987122.jpg,8db5b63f.jpg,visual_complex,https://mmarcantoinee.github.io/survey-mit-spring-2026/images/renamed/visual_complex/8db5b63f.jpg
0393_lake_flickr_lake_0296_conf0.996392.jpg,13505dcd.jpg,visual_complex,https://mmarcantoinee.github.io/survey-mit-spring-2026/images/renamed/visual_complex/13505dcd.jpg
0393_lake_flickr_lake_0314_conf0.991807.jpg,010e1d34.jpg,visual_complex,https://mmarcantoinee.github.io/survey-mit-spring-2026/images/renamed/visual_complex/010e1d34.jpg
0412_ferret_n02443484_3611_conf0.999903.JPEG,63f96e56.JPEG,visual_complex,https://mmarcantoinee.github.io/survey-mit-spring-2026/images/renamed/visual_complex/63f96e56.JPEG
0419_fig_n07753113_11777_conf0.999993.JPEG,8fbb2c0f.JPEG,visual_complex,https://mmarcantoinee.github.io/survey-mit-spring-2026/images/renamed/visual_complex/8fbb2c0f.JPEG
0419_fig_n07753113_2566_conf0.999993.JPEG,94c226f1.JPEG,visual_complex,https://mmarcantoinee.github.io/survey-mit-spring-2026/images/renamed/visual_complex/94c226f1.JPEG
0419_fig_n07753113_7143_conf0.999997.JPEG,771d513a.JPEG,visual_complex,https://mmarcantoinee.github.io/survey-mit-spring-2026/images/renamed/visual_complex/771d513a.JPEG
0419_fig_n12401684_18372_conf0.995678.JPEG,89ea2468.JPEG,visual_complex,https://mmarcantoinee.github.io/survey-mit-spring-2026/images/renamed/visual_complex/89ea2468.JPEG
0419_fig_n12401684_31562_conf0.987223.JPEG,9d139826.JPEG,visual_complex,https://mmarcantoinee.github.io/survey-mit-spring-2026/images/renamed/visual_complex/9d139826.JPEG
0422_eggplant_n07713074_12284_conf0.996477.JPEG,4ae55062.JPEG,visual_complex,https://mmarcantoinee.github.io/survey-mit-spring-2026/images/renamed/visual_complex/4ae55062.JPEG
0422_eggplant_n07713074_14342_conf0.999995.JPEG,15add7f5.JPEG,visual_complex,https://mmarcantoinee.github.io/survey-mit-spring-2026/images/renamed/visual_complex/15add7f5.JPEG
0422_eggplant_n07713074_15306_conf0.999724.JPEG,00475a78.JPEG,visual_complex,https://mmarcantoinee.github.io/survey-mit-spring-2026/images/renamed/visual_complex/00475a78.JPEG
0422_eggplant_n07713074_23556_conf0.999982.JPEG,971e3e4f.JPEG,visual_complex,https://mmarcantoinee.github.io/survey-mit-spring-2026/images/renamed/visual_complex/971e3e4f.JPEG
0423_violin_n03332271_5439_conf0.985106.JPEG,17113b53.JPEG,visual_complex,https://mmarcantoinee.github.io/survey-mit-spring-2026/images/renamed/visual_complex/17113b53.JPEG
0423_violin_n03465500_760_conf0.995672.JPEG,d3e09dc2.JPEG,visual_complex,https://mmarcantoinee.github.io/survey-mit-spring-2026/images/renamed/visual_complex/d3e09dc2.JPEG
0423_violin_n04330998_7774_conf0.999970.JPEG,8e5f3dcd.JPEG,visual_complex,https://mmarcantoinee.github.io/survey-mit-spring-2026/images/renamed/visual_complex/8e5f3dcd.JPEG
0423_violin_n04536866_10177_conf0.999668.JPEG,ee90c74b.JPEG,visual_complex,https://mmarcantoinee.github.io/survey-mit-spring-2026/images/renamed/visual_complex/ee90c74b.JPEG
0423_violin_n04536866_3050_conf0.994399.JPEG,871751fa.JPEG,visual_complex,https://mmarcantoinee.github.io/survey-mit-spring-2026/images/renamed/visual_complex/871751fa.JPEG
0423_violin_n04536866_5337_conf0.999963.JPEG,1348904b.JPEG,visual_complex,https://mmarcantoinee.github.io/survey-mit-spring-2026/images/renamed/visual_complex/1348904b.JPEG
0428_chipmunk_n02357911_4373_conf0.998880.JPEG,beeee196.JPEG,visual_complex,https://mmarcantoinee.github.io/survey-mit-spring-2026/images/renamed/visual_complex/beeee196.JPEG
0428_chipmunk_n02359915_824_conf0.996727.JPEG,14ed1675.JPEG,visual_complex,https://mmarcantoinee.github.io/survey-mit-spring-2026/images/renamed/visual_complex/14ed1675.JPEG
0428_chipmunk_n02360282_406_conf0.988722.JPEG,6074cacb.JPEG,visual_complex,https://mmarcantoinee.github.io/survey-mit-spring-2026/images/renamed/visual_complex/6074cacb.JPEG
0429_milkshake_flickr_milkshake_0238_conf0.993167.jpg,981ece72.jpg,visual_complex,https://mmarcantoinee.github.io/survey-mit-spring-2026/images/renamed/visual_complex/981ece72.jpg
0431_blackberry_bing_blackberry_0295_conf0.999985.jpg,0b62fafc.jpg,visual_complex,https://mmarcantoinee.github.io/survey-mit-spring-2026/images/renamed/visual_complex/0b62fafc.jpg
0431_blackberry_n07744811_11101_conf0.995677.JPEG,5f5e8dcc.JPEG,visual_complex,https://mmarcantoinee.github.io/survey-mit-spring-2026/images/renamed/visual_complex/5f5e8dcc.JPEG
0431_blackberry_n07744811_13041_conf0.988364.JPEG,bbf3dd27.JPEG,visual_complex,https://mmarcantoinee.github.io/survey-mit-spring-2026/images/renamed/visual_complex/bbf3dd27.JPEG
0431_blackberry_n07744811_13229_conf0.999897.JPEG,2a9ab9b9.JPEG,visual_complex,https://mmarcantoinee.github.io/survey-mit-spring-2026/images/renamed/visual_complex/2a9ab9b9.JPEG
0431_blackberry_n07744811_15531_conf0.999757.JPEG,3c982c73.JPEG,visual_complex,https://mmarcantoinee.github.io/survey-mit-spring-2026/images/renamed/visual_complex/3c982c73.JPEG
0431_blackberry_n07744811_4276_conf0.999731.JPEG,4338df98.JPEG,visual_complex,https://mmarcantoinee.github.io/survey-mit-spring-2026/images/renamed/visual_complex/4338df98.JPEG
0431_blackberry_n07744811_8883_conf0.999599.JPEG,c2610c22.JPEG,visual_complex,https://mmarcantoinee.github.io/survey-mit-spring-2026/images/renamed/visual_complex/c2610c22.JPEG
0431_blackberry_n07744811_9708_conf0.999936.JPEG,e4a1c497.JPEG,visual_complex,https://mmarcantoinee.github.io/survey-mit-spring-2026/images/renamed/visual_complex/e4a1c497.JPEG
0434_sushi_bing_sushi_0082_conf0.999921.jpg,70fa39b7.jpg,visual_complex,https://mmarcantoinee.github.io/survey-mit-spring-2026/images/renamed/visual_complex/70fa39b7.jpg
0434_sushi_flickr_sushi_0211_conf0.996918.jpg,8a7e3da8.jpg,visual_complex,https://mmarcantoinee.github.io/survey-mit-spring-2026/images/renamed/visual_complex/8a7e3da8.jpg
0434_sushi_n07879450_10034_conf0.998177.JPEG,a7ae998c.JPEG,visual_complex,https://mmarcantoinee.github.io/survey-mit-spring-2026/images/renamed/visual_complex/a7ae998c.JPEG
0434_sushi_n07879450_2445_conf0.994191.JPEG,bfc3b7a0.JPEG,visual_complex,https://mmarcantoinee.github.io/survey-mit-spring-2026/images/renamed/visual_complex/bfc3b7a0.JPEG
0437_drawers_n03015254_29443_conf0.998463.JPEG,291b5bf5.JPEG,visual_complex,https://mmarcantoinee.github.io/survey-mit-spring-2026/images/renamed/visual_complex/291b5bf5.JPEG
0437_drawers_n03015254_33209_conf1.000000.JPEG,9409b6db.JPEG,visual_complex,https://mmarcantoinee.github.io/survey-mit-spring-2026/images/renamed/visual_complex/9409b6db.JPEG
0437_drawers_n03518305_11711_conf1.000000.JPEG,9a7e684f.JPEG,visual_complex,https://mmarcantoinee.github.io/survey-mit-spring-2026/images/renamed/visual_complex/9a7e684f.JPEG
0437_drawers_n03518305_7569_conf0.999979.JPEG,afb44339.JPEG,visual_complex,https://mmarcantoinee.github.io/survey-mit-spring-2026/images/renamed/visual_complex/afb44339.JPEG
0438_doughnut_n07639069_2457_conf0.987490.JPEG,bf67d640.JPEG,visual_complex,https://mmarcantoinee.github.io/survey-mit-spring-2026/images/renamed/visual_complex/bf67d640.JPEG
0440_lawnmower_n04089976_2603_conf0.999599.JPEG,2406d552.JPEG,visual_complex,https://mmarcantoinee.github.io/survey-mit-spring-2026/images/renamed/visual_complex/2406d552.JPEG
0440_lawnmower_n04089976_3369_conf0.997768.JPEG,51335e90.JPEG,visual_complex,https://mmarcantoinee.github.io/survey-mit-spring-2026/images/renamed/visual_complex/51335e90.JPEG
0443_snowplow_n04252225_13500_conf0.999746.JPEG,d4057109.JPEG,visual_complex,https://mmarcantoinee.github.io/survey-mit-spring-2026/images/renamed/visual_complex/d4057109.JPEG
0447_chalkboard_bing_chalkboard_0207_conf0.999920.jpg,dcbc087b.jpg,visual_complex,https://mmarcantoinee.github.io/survey-mit-spring-2026/images/renamed/visual_complex/dcbc087b.jpg
0447_chalkboard_n02846511_10062_conf0.999877.JPEG,bb1c3bb3.JPEG,visual_complex,https://mmarcantoinee.github.io/survey-mit-spring-2026/images/renamed/visual_complex/bb1c3bb3.JPEG
0447_chalkboard_n02846511_20801_conf0.994271.JPEG,a41b0a72.JPEG,visual_complex,https://mmarcantoinee.github.io/survey-mit-spring-2026/images/renamed/visual_complex/a41b0a72.JPEG
0447_chalkboard_n02846511_25658_conf0.999791.JPEG,49f3910f.JPEG,visual_complex,https://mmarcantoinee.github.io/survey-mit-spring-2026/images/renamed/visual_complex/49f3910f.JPEG
0447_chalkboard_n02846511_27177_conf0.999998.JPEG,a3da25a1.JPEG,visual_complex,https://mmarcantoinee.github.io/survey-mit-spring-2026/images/renamed/visual_complex/a3da25a1.JPEG
0455_backpack_n02769748_16890_conf0.998696.JPEG,b2df26ff.JPEG,visual_complex,https://mmarcantoinee.github.io/survey-mit-spring-2026/images/renamed/visual_complex/b2df26ff.JPEG
0455_backpack_n02769748_608_conf0.983938.JPEG,1938dcea.JPEG,visual_complex,https://mmarcantoinee.github.io/survey-mit-spring-2026/images/renamed/visual_complex/1938dcea.JPEG
0460_alligator_n01698782_5291_conf0.981874.JPEG,c12ed1c9.JPEG,visual_complex,https://mmarcantoinee.github.io/survey-mit-spring-2026/images/renamed/visual_complex/c12ed1c9.JPEG
0464_lime_n07749731_22505_conf0.997186.JPEG,7df0fd0f.JPEG,visual_complex,https://mmarcantoinee.github.io/survey-mit-spring-2026/images/renamed/visual_complex/7df0fd0f.JPEG
0466_lighthouse_bing_leuchtturm_1354_conf0.999997.jpg,6480d3f6.jpg,visual_complex,https://mmarcantoinee.github.io/survey-mit-spring-2026/images/renamed/visual_complex/6480d3f6.jpg
0466_lighthouse_bing_lighthouse_0117_conf0.999883.jpg,21e6577a.jpg,visual_complex,https://mmarcantoinee.github.io/survey-mit-spring-2026/images/renamed/visual_complex/21e6577a.jpg
0466_lighthouse_bing_lighthouse_0372_conf0.999959.jpg,0b4ae9d7.jpg,visual_complex,https://mmarcantoinee.github.io/survey-mit-spring-2026/images/renamed/visual_complex/0b4ae9d7.jpg
0466_lighthouse_bing_lighthouse_0539_conf0.999960.jpg,06a9cd91.jpg,visual_complex,https://mmarcantoinee.github.io/survey-mit-spring-2026/images/renamed/visual_complex/06a9cd91.jpg
0466_lighthouse_n02814860_13455_conf0.999994.JPEG,63594e46.JPEG,visual_complex,https://mmarcantoinee.github.io/survey-mit-spring-2026/images/renamed/visual_complex/63594e46.JPEG
0466_lighthouse_n02814860_34458_conf0.993894.JPEG,1bb6d765.JPEG,visual_complex,https://mmarcantoinee.github.io/survey-mit-spring-2026/images/renamed/visual_complex/1bb6d765.JPEG
0466_lighthouse_n02814860_4885_conf0.998631.JPEG,b0ea5e47.JPEG,visual_complex,https://mmarcantoinee.github.io/survey-mit-spring-2026/images/renamed/visual_complex/b0ea5e47.JPEG
0466_lighthouse_n02814860_9460_conf0.999971.JPEG,e5f05703.JPEG,visual_complex,https://mmarcantoinee.github.io/survey-mit-spring-2026/images/renamed/visual_complex/e5f05703.JPEG
0471_dolphin_n02068974_3619_conf0.996452.JPEG,ad2882e7.JPEG,visual_complex,https://mmarcantoinee.github.io/survey-mit-spring-2026/images/renamed/visual_complex/ad2882e7.JPEG
0471_dolphin_n02069701_2120_conf0.995669.JPEG,b22720b8.JPEG,visual_complex,https://mmarcantoinee.github.io/survey-mit-spring-2026/images/renamed/visual_complex/b22720b8.JPEG
0473_piano_n03086457_10685_conf0.994433.JPEG,82b99122.JPEG,visual_complex,https://mmarcantoinee.github.io/survey-mit-spring-2026/images/renamed/visual_complex/82b99122.JPEG
0473_piano_n03086457_12727_conf0.999797.JPEG,03ab9cea.JPEG,visual_complex,https://mmarcantoinee.github.io/survey-mit-spring-2026/images/renamed/visual_complex/03ab9cea.JPEG
0473_piano_n03928116_3087_conf0.999806.JPEG,649cc94d.JPEG,visual_complex,https://mmarcantoinee.github.io/survey-mit-spring-2026/images/renamed/visual_complex/649cc94d.JPEG
0473_piano_n04515003_2767_conf0.986249.JPEG,cdbae0d0.JPEG,visual_complex,https://mmarcantoinee.github.io/survey-mit-spring-2026/images/renamed/visual_complex/cdbae0d0.JPEG
0474_earring_bing_boucle_doreille_0196_conf0.999998.jpg,6fd59ab4.jpg,visual_complex,https://mmarcantoinee.github.io/survey-mit-spring-2026/images/renamed/visual_complex/6fd59ab4.jpg
0474_earring_n03909020_2675_conf0.998913.JPEG,98aafe74.JPEG,visual_complex,https://mmarcantoinee.github.io/survey-mit-spring-2026/images/renamed/visual_complex/98aafe74.JPEG
0474_earring_n03909020_3043_conf0.999913.JPEG,79c48039.JPEG,visual_complex,https://mmarcantoinee.github.io/survey-mit-spring-2026/images/renamed/visual_complex/79c48039.JPEG
0474_earring_n03909020_3538_conf0.993293.JPEG,a9cb4edc.JPEG,visual_complex,https://mmarcantoinee.github.io/survey-mit-spring-2026/images/renamed/visual_complex/a9cb4edc.JPEG
0475_chicken_n01792158_15857_conf0.982272.JPEG,7f1743ca.JPEG,visual_complex,https://mmarcantoinee.github.io/survey-mit-spring-2026/images/renamed/visual_complex/7f1743ca.JPEG
0475_chicken_n01792158_23831_conf0.999782.JPEG,77f4e1b7.JPEG,visual_complex,https://mmarcantoinee.github.io/survey-mit-spring-2026/images/renamed/visual_complex/77f4e1b7.JPEG
0475_chicken_n01792158_8540_conf0.999997.JPEG,3b10378c.JPEG,visual_complex,https://mmarcantoinee.github.io/survey-mit-spring-2026/images/renamed/visual_complex/3b10378c.JPEG
0475_chicken_n01792429_2374_conf0.999334.JPEG,e3166435.JPEG,visual_complex,https://mmarcantoinee.github.io/survey-mit-spring-2026/images/renamed/visual_complex/e3166435.JPEG
0475_chicken_n01792429_9671_conf1.000000.JPEG,4f99c092.JPEG,visual_complex,https://mmarcantoinee.github.io/survey-mit-spring-2026/images/renamed/visual_complex/4f99c092.JPEG
0475_chicken_n01792640_15004_conf0.999972.JPEG,d4497d96.JPEG,visual_complex,https://mmarcantoinee.github.io/survey-mit-spring-2026/images/renamed/visual_complex/d4497d96.JPEG
0475_chicken_n01792640_4158_conf0.999942.JPEG,bd43ba00.JPEG,visual_complex,https://mmarcantoinee.github.io/survey-mit-spring-2026/images/renamed/visual_complex/bd43ba00.JPEG
0475_chicken_n03016737_23712_conf0.987529.JPEG,21aef3b4.JPEG,visual_complex,https://mmarcantoinee.github.io/survey-mit-spring-2026/images/renamed/visual_complex/21aef3b4.JPEG
0478_blueberry_n07743224_13064_conf0.999967.JPEG,23dffd0b.JPEG,visual_complex,https://mmarcantoinee.github.io/survey-mit-spring-2026/images/renamed/visual_complex/23dffd0b.JPEG
0478_blueberry_n07743544_3492_conf0.999359.JPEG,5eae88a5.JPEG,visual_complex,https://mmarcantoinee.github.io/survey-mit-spring-2026/images/renamed/visual_complex/5eae88a5.JPEG
0478_blueberry_n07743544_5724_conf0.998795.JPEG,ebc074b3.JPEG,visual_complex,https://mmarcantoinee.github.io/survey-mit-spring-2026/images/renamed/visual_complex/ebc074b3.JPEG
0479_grapefruit_n07749969_14823_conf1.000000.JPEG,f939e5c7.JPEG,visual_complex,https://mmarcantoinee.github.io/survey-mit-spring-2026/images/renamed/visual_complex/f939e5c7.JPEG
0479_grapefruit_n07749969_20895_conf0.999997.JPEG,c4856376.JPEG,visual_complex,https://mmarcantoinee.github.io/survey-mit-spring-2026/images/renamed/visual_complex/c4856376.JPEG
0479_grapefruit_n07749969_2815_conf1.000000.JPEG,d1825908.JPEG,visual_complex,https://mmarcantoinee.github.io/survey-mit-spring-2026/images/renamed/visual_complex/d1825908.JPEG
0479_grapefruit_n07749969_6176_conf0.999929.JPEG,ac4edc7a.JPEG,visual_complex,https://mmarcantoinee.github.io/survey-mit-spring-2026/images/renamed/visual_complex/ac4edc7a.JPEG
0482_thermometer_n02948942_375_conf0.995125.JPEG,13a92101.JPEG,visual_complex,https://mmarcantoinee.github.io/survey-mit-spring-2026/images/renamed/visual_complex/13a92101.JPEG
0484_cranberry_n12249542_5130_conf0.999409.JPEG,ed8cf933.JPEG,visual_complex,https://mmarcantoinee.github.io/survey-mit-spring-2026/images/renamed/visual_complex/ed8cf933.JPEG
0484_cranberry_n12249542_5965_conf0.984728.JPEG,9eb04838.JPEG,visual_complex,https://mmarcantoinee.github.io/survey-mit-spring-2026/images/renamed/visual_complex/9eb04838.JPEG
0484_cranberry_n12254168_4482_conf0.982503.JPEG,867b20f1.JPEG,visual_complex,https://mmarcantoinee.github.io/survey-mit-spring-2026/images/renamed/visual_complex/867b20f1.JPEG
0488_iceberg_n09308572_1776_conf0.999997.JPEG,224ed25b.JPEG,visual_complex,https://mmarcantoinee.github.io/survey-mit-spring-2026/images/renamed/visual_complex/224ed25b.JPEG
0488_iceberg_n09308572_3320_conf0.996623.JPEG,ef085887.JPEG,visual_complex,https://mmarcantoinee.github.io/survey-mit-spring-2026/images/renamed/visual_complex/ef085887.JPEG
0488_iceberg_n09308572_3632_conf0.999981.JPEG,622a4885.JPEG,visual_complex,https://mmarcantoinee.github.io/survey-mit-spring-2026/images/renamed/visual_complex/622a4885.JPEG
0488_iceberg_n09308572_4101_conf0.999138.JPEG,2a14af45.JPEG,visual_complex,https://mmarcantoinee.github.io/survey-mit-spring-2026/images/renamed/visual_complex/2a14af45.JPEG
0488_iceberg_n09308572_4482_conf0.999887.JPEG,8e2800fa.JPEG,visual_complex,https://mmarcantoinee.github.io/survey-mit-spring-2026/images/renamed/visual_complex/8e2800fa.JPEG
0488_iceberg_n09308572_4528_conf0.999993.JPEG,a745c83f.JPEG,visual_complex,https://mmarcantoinee.github.io/survey-mit-spring-2026/images/renamed/visual_complex/a745c83f.JPEG
0488_iceberg_n09308572_571_conf0.999995.JPEG,24c7e451.JPEG,visual_complex,https://mmarcantoinee.github.io/survey-mit-spring-2026/images/renamed/visual_complex/24c7e451.JPEG
0488_iceberg_n09308572_6393_conf0.987515.JPEG,5e62a9f4.JPEG,visual_complex,https://mmarcantoinee.github.io/survey-mit-spring-2026/images/renamed/visual_complex/5e62a9f4.JPEG
0494_wasp_n02212062_1802_conf0.999841.JPEG,d26693de.JPEG,visual_complex,https://mmarcantoinee.github.io/survey-mit-spring-2026/images/renamed/visual_complex/d26693de.JPEG
0494_wasp_n02212062_6740_conf0.983145.JPEG,6075b753.JPEG,visual_complex,https://mmarcantoinee.github.io/survey-mit-spring-2026/images/renamed/visual_complex/6075b753.JPEG
0494_wasp_n02212062_828_conf0.999914.JPEG,92533632.JPEG,visual_complex,https://mmarcantoinee.github.io/survey-mit-spring-2026/images/renamed/visual_complex/92533632.JPEG
0494_wasp_n02212958_3256_conf0.994133.JPEG,2be00be6.JPEG,visual_complex,https://mmarcantoinee.github.io/survey-mit-spring-2026/images/renamed/visual_complex/2be00be6.JPEG
0494_wasp_n02212958_585_conf0.998786.JPEG,9d607afb.JPEG,visual_complex,https://mmarcantoinee.github.io/survey-mit-spring-2026/images/renamed/visual_complex/9d607afb.JPEG
0494_wasp_n02213543_2555_conf0.999985.JPEG,013c8743.JPEG,visual_complex,https://mmarcantoinee.github.io/survey-mit-spring-2026/images/renamed/visual_complex/013c8743.JPEG
0505_tweezers_n03941684_2465_conf0.994268.JPEG,7230ead3.JPEG,visual_complex,https://mmarcantoinee.github.io/survey-mit-spring-2026/images/renamed/visual_complex/7230ead3.JPEG
0506_asparagus_n07719213_1186_conf0.999421.JPEG,d53150d1.JPEG,visual_complex,https://mmarcantoinee.github.io/survey-mit-spring-2026/images/renamed/visual_complex/d53150d1.JPEG
0506_asparagus_n07719213_3995_conf0.997024.JPEG,79447c82.JPEG,visual_complex,https://mmarcantoinee.github.io/survey-mit-spring-2026/images/renamed/visual_complex/79447c82.JPEG
0508_croissant_bing_croissant_0189_conf0.997409.jpg,34a6e4b2.jpg,visual_complex,https://mmarcantoinee.github.io/survey-mit-spring-2026/images/renamed/visual_complex/34a6e4b2.jpg
0510_teapot_n04398044_8902_conf0.997369.JPEG,62300c51.JPEG,visual_complex,https://mmarcantoinee.github.io/survey-mit-spring-2026/images/renamed/visual_complex/62300c51.JPEG
0513_acorn_n12267677_15778_conf0.996344.JPEG,c7f00313.JPEG,visual_complex,https://mmarcantoinee.github.io/survey-mit-spring-2026/images/renamed/visual_complex/c7f00313.JPEG
0513_acorn_n12267677_6302_conf0.997368.JPEG,7bb9428a.JPEG,visual_complex,https://mmarcantoinee.github.io/survey-mit-spring-2026/images/renamed/visual_complex/7bb9428a.JPEG
0533_seashell_n01904806_9533_conf0.989550.JPEG,37930715.JPEG,visual_complex,https://mmarcantoinee.github.io/survey-mit-spring-2026/images/renamed/visual_complex/37930715.JPEG
0535_birdhouse_bing_birdhouse_0028_conf0.994144.jpg,93c839c9.jpg,visual_complex,https://mmarcantoinee.github.io/survey-mit-spring-2026/images/renamed/visual_complex/93c839c9.jpg
0542_thyme_n07821758_3940_conf0.999401.JPEG,19f8d1f2.JPEG,visual_complex,https://mmarcantoinee.github.io/survey-mit-spring-2026/images/renamed/visual_complex/19f8d1f2.JPEG
0542_thyme_n12870891_10187_conf0.995143.JPEG,b23d7436.JPEG,visual_complex,https://mmarcantoinee.github.io/survey-mit-spring-2026/images/renamed/visual_complex/b23d7436.JPEG
0542_thyme_n12870891_2609_conf0.999527.JPEG,24ec8b51.JPEG,visual_complex,https://mmarcantoinee.github.io/survey-mit-spring-2026/images/renamed/visual_complex/24ec8b51.JPEG
0543_thumbtack_n04431745_24070_conf0.999876.JPEG,337ac488.JPEG,visual_complex,https://mmarcantoinee.github.io/survey-mit-spring-2026/images/renamed/visual_complex/337ac488.JPEG
0553_paperclip_n03886762_10815_conf0.999098.JPEG,dfae3760.JPEG,visual_complex,https://mmarcantoinee.github.io/survey-mit-spring-2026/images/renamed/visual_complex/dfae3760.JPEG
0553_paperclip_n03886762_11686_conf0.997023.JPEG,fed77c78.JPEG,visual_complex,https://mmarcantoinee.github.io/survey-mit-spring-2026/images/renamed/visual_complex/fed77c78.JPEG
0555_matchstick_n03729826_2933_conf0.985463.JPEG,3f262142.JPEG,visual_complex,https://mmarcantoinee.github.io/survey-mit-spring-2026/images/renamed/visual_complex/3f262142.JPEG
0564_envelope_n13869788_3176_conf0.990432.JPEG,f0410506.JPEG,visual_complex,https://mmarcantoinee.github.io/survey-mit-spring-2026/images/renamed/visual_complex/f0410506.JPEG
0564_envelope_n13869788_8327_conf0.993228.JPEG,07291ce6.JPEG,visual_complex,https://mmarcantoinee.github.io/survey-mit-spring-2026/images/renamed/visual_complex/07291ce6.JPEG
0582_pineapple_n07753275_10487_conf0.999989.JPEG,52987e17.JPEG,visual_complex,https://mmarcantoinee.github.io/survey-mit-spring-2026/images/renamed/visual_complex/52987e17.JPEG
0582_pineapple_n07753275_1685_conf0.994631.JPEG,063f5c05.JPEG,visual_complex,https://mmarcantoinee.github.io/survey-mit-spring-2026/images/renamed/visual_complex/063f5c05.JPEG
0582_pineapple_n12607456_25033_conf0.997583.JPEG,8e181bd8.JPEG,visual_complex,https://mmarcantoinee.github.io/survey-mit-spring-2026/images/renamed/visual_complex/8e181bd8.JPEG
0582_pineapple_n12607456_2887_conf0.999999.JPEG,65cc0cd3.JPEG,visual_complex,https://mmarcantoinee.github.io/survey-mit-spring-2026/images/renamed/visual_complex/65cc0cd3.JPEG
0593_butterfly_n02274259_17189_conf0.991481.JPEG,322ccc6e.JPEG,visual_complex,https://mmarcantoinee.github.io/survey-mit-spring-2026/images/renamed/visual_complex/322ccc6e.JPEG
0593_butterfly_n02274259_3028_conf0.993963.JPEG,9d175e21.JPEG,visual_complex,https://mmarcantoinee.github.io/survey-mit-spring-2026/images/renamed/visual_complex/9d175e21.JPEG
0593_butterfly_n02274259_434_conf0.995314.JPEG,f11dea78.JPEG,visual_complex,https://mmarcantoinee.github.io/survey-mit-spring-2026/images/renamed/visual_complex/f11dea78.JPEG
0593_butterfly_n02275773_1606_conf0.999990.JPEG,04d2f88f.JPEG,visual_complex,https://mmarcantoinee.github.io/survey-mit-spring-2026/images/renamed/visual_complex/04d2f88f.JPEG
0593_butterfly_n02278024_4591_conf0.998647.JPEG,6cde9e38.JPEG,visual_complex,https://mmarcantoinee.github.io/survey-mit-spring-2026/images/renamed/visual_complex/6cde9e38.JPEG
0597_camel_n00449892_1129_conf0.984645.JPEG,4962a206.JPEG,visual_complex,https://mmarcantoinee.github.io/survey-mit-spring-2026/images/renamed/visual_complex/4962a206.JPEG
0597_camel_n00449892_369_conf0.996087.JPEG,d93fd67b.JPEG,visual_complex,https://mmarcantoinee.github.io/survey-mit-spring-2026/images/renamed/visual_complex/d93fd67b.JPEG
0597_camel_n00449892_5798_conf0.995138.JPEG,c446562e.JPEG,visual_complex,https://mmarcantoinee.github.io/survey-mit-spring-2026/images/renamed/visual_complex/c446562e.JPEG
0597_camel_n00449892_9396_conf0.999941.JPEG,7818f7b0.JPEG,visual_complex,https://mmarcantoinee.github.io/survey-mit-spring-2026/images/renamed/visual_complex/7818f7b0.JPEG
0597_camel_n02437136_8623_conf0.992198.JPEG,308b700a.JPEG,visual_complex,https://mmarcantoinee.github.io/survey-mit-spring-2026/images/renamed/visual_complex/308b700a.JPEG
0597_camel_n02437312_1632_conf0.999711.JPEG,9f5e9426.JPEG,visual_complex,https://mmarcantoinee.github.io/survey-mit-spring-2026/images/renamed/visual_complex/9f5e9426.JPEG
0597_camel_n02437312_1918_conf0.991104.JPEG,0cf1f1b4.JPEG,visual_complex,https://mmarcantoinee.github.io/survey-mit-spring-2026/images/renamed/visual_complex/0cf1f1b4.JPEG
0597_camel_n02437312_7143_conf0.997799.JPEG,9b7edd88.JPEG,visual_complex,https://mmarcantoinee.github.io/survey-mit-spring-2026/images/renamed/visual_complex/9b7edd88.JPEG
0597_camel_n02437482_2526_conf0.997116.JPEG,5f0f4b0b.JPEG,visual_complex,https://mmarcantoinee.github.io/survey-mit-spring-2026/images/renamed/visual_complex/5f0f4b0b.JPEG
0597_camel_n02437482_4281_conf0.997421.JPEG,5a95ea95.JPEG,visual_complex,https://mmarcantoinee.github.io/survey-mit-spring-2026/images/renamed/visual_complex/5a95ea95.JPEG
0598_balloon_n02782093_2852_conf0.997680.JPEG,1126b997.JPEG,visual_complex,https://mmarcantoinee.github.io/survey-mit-spring-2026/images/renamed/visual_complex/1126b997.JPEG
0598_balloon_n02782093_4750_conf0.998321.JPEG,aa905cf4.JPEG,visual_complex,https://mmarcantoinee.github.io/survey-mit-spring-2026/images/renamed/visual_complex/aa905cf4.JPEG
0598_balloon_n02782602_4892_conf0.997180.JPEG,f2563661.JPEG,visual_complex,https://mmarcantoinee.github.io/survey-mit-spring-2026/images/renamed/visual_complex/f2563661.JPEG
0598_balloon_n02782602_5011_conf0.999644.JPEG,d7435052.JPEG,visual_complex,https://mmarcantoinee.github.io/survey-mit-spring-2026/images/renamed/visual_complex/d7435052.JPEG
0598_balloon_n02782602_683_conf0.998538.JPEG,d4f2c873.JPEG,visual_complex,https://mmarcantoinee.github.io/survey-mit-spring-2026/images/renamed/visual_complex/d4f2c873.JPEG
0598_balloon_n03541923_1152_conf0.992127.JPEG,4a71fc85.JPEG,visual_complex,https://mmarcantoinee.github.io/survey-mit-spring-2026/images/renamed/visual_complex/4a71fc85.JPEG
0598_balloon_n03541923_1587_conf0.999910.JPEG,f778bc8c.JPEG,visual_complex,https://mmarcantoinee.github.io/survey-mit-spring-2026/images/renamed/visual_complex/f778bc8c.JPEG
0598_balloon_n03541923_3007_conf0.999994.JPEG,f2882aa3.JPEG,visual_complex,https://mmarcantoinee.github.io/survey-mit-spring-2026/images/renamed/visual_complex/f2882aa3.JPEG
0598_balloon_n03541923_301_conf0.999999.JPEG,ceb262ba.JPEG,visual_complex,https://mmarcantoinee.github.io/survey-mit-spring-2026/images/renamed/visual_complex/ceb262ba.JPEG
0598_balloon_n03541923_3524_conf0.999937.JPEG,0c2c8602.JPEG,visual_complex,https://mmarcantoinee.github.io/survey-mit-spring-2026/images/renamed/visual_complex/0c2c8602.JPEG
0598_balloon_n03541923_3691_conf0.999529.JPEG,d7bb68fc.JPEG,visual_complex,https://mmarcantoinee.github.io/survey-mit-spring-2026/images/renamed/visual_complex/d7bb68fc.JPEG
0599_beach_bing_playa_0013_conf0.999335.jpg,62e86cd8.jpg,visual_complex,https://mmarcantoinee.github.io/survey-mit-spring-2026/images/renamed/visual_complex/62e86cd8.jpg
0599_beach_n09217230_15749_conf0.999086.JPEG,3cbd6055.JPEG,visual_complex,https://mmarcantoinee.github.io/survey-mit-spring-2026/images/renamed/visual_complex/3cbd6055.JPEG
0607_crate_n03127925_6767_conf0.991259.JPEG,80e00815.JPEG,visual_complex,https://mmarcantoinee.github.io/survey-mit-spring-2026/images/renamed/visual_complex/80e00815.JPEG
0609_wrench_n02886434_1770_conf1.000000.JPEG,5a22ccb1.JPEG,visual_complex,https://mmarcantoinee.github.io/survey-mit-spring-2026/images/renamed/visual_complex/5a22ccb1.JPEG
0609_wrench_n02886434_3431_conf0.999925.JPEG,26c9bd26.JPEG,visual_complex,https://mmarcantoinee.github.io/survey-mit-spring-2026/images/renamed/visual_complex/26c9bd26.JPEG
0609_wrench_n03848168_2003_conf0.999986.JPEG,4cb4937d.JPEG,visual_complex,https://mmarcantoinee.github.io/survey-mit-spring-2026/images/renamed/visual_complex/4cb4937d.JPEG
0609_wrench_n03848168_2084_conf0.999999.JPEG,d0b27ecb.JPEG,visual_complex,https://mmarcantoinee.github.io/survey-mit-spring-2026/images/renamed/visual_complex/d0b27ecb.JPEG
0609_wrench_n03848168_3474_conf1.000000.JPEG,c123bf1d.JPEG,visual_complex,https://mmarcantoinee.github.io/survey-mit-spring-2026/images/renamed/visual_complex/c123bf1d.JPEG
0611_eggroll_n07866723_8676_conf0.983962.JPEG,19d8e849.JPEG,visual_complex,https://mmarcantoinee.github.io/survey-mit-spring-2026/images/renamed/visual_complex/19d8e849.JPEG
0617_taco_n07880751_3359_conf0.999755.JPEG,01a73c85.JPEG,visual_complex,https://mmarcantoinee.github.io/survey-mit-spring-2026/images/renamed/visual_complex/01a73c85.JPEG
0618_rat_n02331046_1287_conf0.999802.JPEG,47725124.JPEG,visual_complex,https://mmarcantoinee.github.io/survey-mit-spring-2026/images/renamed/visual_complex/47725124.JPEG
0618_rat_n02331046_2533_conf0.985836.JPEG,c2faae21.JPEG,visual_complex,https://mmarcantoinee.github.io/survey-mit-spring-2026/images/renamed/visual_complex/c2faae21.JPEG
0624_meatball_n07871720_1026_conf0.994649.JPEG,26c90414.JPEG,visual_complex,https://mmarcantoinee.github.io/survey-mit-spring-2026/images/renamed/visual_complex/26c90414.JPEG
0624_meatball_n07871720_2016_conf0.994389.JPEG,54cb8e72.JPEG,visual_complex,https://mmarcantoinee.github.io/survey-mit-spring-2026/images/renamed/visual_complex/54cb8e72.JPEG
0624_meatball_n07871720_3774_conf0.998788.JPEG,44be4da2.JPEG,visual_complex,https://mmarcantoinee.github.io/survey-mit-spring-2026/images/renamed/visual_complex/44be4da2.JPEG
0625_emerald_n04968056_11251_conf0.997869.JPEG,bf064063.JPEG,visual_complex,https://mmarcantoinee.github.io/survey-mit-spring-2026/images/renamed/visual_complex/bf064063.JPEG
0625_emerald_n04968056_21829_conf0.998366.JPEG,3b02bb20.JPEG,visual_complex,https://mmarcantoinee.github.io/survey-mit-spring-2026/images/renamed/visual_complex/3b02bb20.JPEG
0625_emerald_n04968056_3997_conf0.999472.JPEG,b7b400f8.JPEG,visual_complex,https://mmarcantoinee.github.io/survey-mit-spring-2026/images/renamed/visual_complex/b7b400f8.JPEG
0625_emerald_n04968056_7449_conf0.999887.JPEG,d51592d6.JPEG,visual_complex,https://mmarcantoinee.github.io/survey-mit-spring-2026/images/renamed/visual_complex/d51592d6.JPEG
0631_sheep_n10588074_13766_conf0.995848.JPEG,08d350d3.JPEG,visual_complex,https://mmarcantoinee.github.io/survey-mit-spring-2026/images/renamed/visual_complex/08d350d3.JPEG
0633_jukebox_n03604156_1363_conf0.999999.JPEG,11a98de3.JPEG,visual_complex,https://mmarcantoinee.github.io/survey-mit-spring-2026/images/renamed/visual_complex/11a98de3.JPEG
0633_jukebox_n03604156_4222_conf1.000000.JPEG,3ae8a06d.JPEG,visual_complex,https://mmarcantoinee.github.io/survey-mit-spring-2026/images/renamed/visual_complex/3ae8a06d.JPEG
0633_jukebox_n03604156_4854_conf1.000000.JPEG,6e13df4c.JPEG,visual_complex,https://mmarcantoinee.github.io/survey-mit-spring-2026/images/renamed/visual_complex/6e13df4c.JPEG
0634_desert_flickr_desert_0004_conf0.999879.jpg,96a9338c.jpg,visual_complex,https://mmarcantoinee.github.io/survey-mit-spring-2026/images/renamed/visual_complex/96a9338c.jpg
0643_raspberry_n07745466_7168_conf0.993673.JPEG,0d9ae5fa.JPEG,visual_complex,https://mmarcantoinee.github.io/survey-mit-spring-2026/images/renamed/visual_complex/0d9ae5fa.JPEG
0647_snail_n01944812_13438_conf0.998728.JPEG,29308957.JPEG,visual_complex,https://mmarcantoinee.github.io/survey-mit-spring-2026/images/renamed/visual_complex/29308957.JPEG
0647_snail_n01944812_533_conf0.996592.JPEG,7e41fb0e.JPEG,visual_complex,https://mmarcantoinee.github.io/survey-mit-spring-2026/images/renamed/visual_complex/7e41fb0e.JPEG
0654_pistachio_n07775050_27367_conf0.996369.JPEG,20bdd384.JPEG,visual_complex,https://mmarcantoinee.github.io/survey-mit-spring-2026/images/renamed/visual_complex/20bdd384.JPEG
0654_pistachio_n07775050_9690_conf0.999984.JPEG,18554b04.JPEG,visual_complex,https://mmarcantoinee.github.io/survey-mit-spring-2026/images/renamed/visual_complex/18554b04.JPEG
0655_groundhog_n02361337_11003_conf0.999832.JPEG,83b8185d.JPEG,visual_complex,https://mmarcantoinee.github.io/survey-mit-spring-2026/images/renamed/visual_complex/83b8185d.JPEG
0657_jellyfish_n01910747_336_conf0.991645.JPEG,b89f7aad.JPEG,visual_complex,https://mmarcantoinee.github.io/survey-mit-spring-2026/images/renamed/visual_complex/b89f7aad.JPEG
0657_jellyfish_n01913166_12676_conf1.000000.JPEG,8e0734a2.JPEG,visual_complex,https://mmarcantoinee.github.io/survey-mit-spring-2026/images/renamed/visual_complex/8e0734a2.JPEG
0659_carousel_bing_carousel_0223_conf1.000000.jpg,9ad35127.jpg,visual_complex,https://mmarcantoinee.github.io/survey-mit-spring-2026/images/renamed/visual_complex/9ad35127.jpg
0659_carousel_n02966193_14143_conf0.992697.JPEG,126e7fc8.JPEG,visual_complex,https://mmarcantoinee.github.io/survey-mit-spring-2026/images/renamed/visual_complex/126e7fc8.JPEG
0659_carousel_n02966193_17486_conf0.999527.JPEG,589df998.JPEG,visual_complex,https://mmarcantoinee.github.io/survey-mit-spring-2026/images/renamed/visual_complex/589df998.JPEG
0659_carousel_n02966193_2510_conf0.999997.JPEG,915d59f6.JPEG,visual_complex,https://mmarcantoinee.github.io/survey-mit-spring-2026/images/renamed/visual_complex/915d59f6.JPEG
0659_carousel_n02966193_40180_conf0.999906.JPEG,a0b620a0.JPEG,visual_complex,https://mmarcantoinee.github.io/survey-mit-spring-2026/images/renamed/visual_complex/a0b620a0.JPEG
0665_pear_n07767847_11567_conf0.999971.JPEG,9fbf3f88.JPEG,visual_complex,https://mmarcantoinee.github.io/survey-mit-spring-2026/images/renamed/visual_complex/9fbf3f88.JPEG
0665_pear_n07768230_9966_conf0.998852.JPEG,221096da.JPEG,visual_complex,https://mmarcantoinee.github.io/survey-mit-spring-2026/images/renamed/visual_complex/221096da.JPEG
0665_pear_n12651611_10223_conf0.992984.JPEG,518c6931.JPEG,visual_complex,https://mmarcantoinee.github.io/survey-mit-spring-2026/images/renamed/visual_complex/518c6931.JPEG
0665_pear_n12651611_19953_conf0.984168.JPEG,31cd43d5.JPEG,visual_complex,https://mmarcantoinee.github.io/survey-mit-spring-2026/images/renamed/visual_complex/31cd43d5.JPEG
0666_bullet_n02916350_3943_conf0.996803.JPEG,33b3638d.JPEG,visual_complex,https://mmarcantoinee.github.io/survey-mit-spring-2026/images/renamed/visual_complex/33b3638d.JPEG
0666_bullet_n03402369_74_conf0.981927.JPEG,5901296d.JPEG,visual_complex,https://mmarcantoinee.github.io/survey-mit-spring-2026/images/renamed/visual_complex/5901296d.JPEG
0666_bullet_n04090548_7054_conf0.994520.JPEG,e9dadd32.JPEG,visual_complex,https://mmarcantoinee.github.io/survey-mit-spring-2026/images/renamed/visual_complex/e9dadd32.JPEG
0666_bullet_n04090548_8149_conf0.999852.JPEG,e3879b69.JPEG,visual_complex,https://mmarcantoinee.github.io/survey-mit-spring-2026/images/renamed/visual_complex/e3879b69.JPEG
0670_pliers_n03816530_1778_conf0.994713.JPEG,eb981fb5.JPEG,visual_complex,https://mmarcantoinee.github.io/survey-mit-spring-2026/images/renamed/visual_complex/eb981fb5.JPEG
0675_toothpick_n04453390_13039_conf0.999551.JPEG,9be4f2fd.JPEG,visual_complex,https://mmarcantoinee.github.io/survey-mit-spring-2026/images/renamed/visual_complex/9be4f2fd.JPEG
0676_stagecoach_n04297098_12764_conf0.999987.JPEG,cab901fc.JPEG,visual_complex,https://mmarcantoinee.github.io/survey-mit-spring-2026/images/renamed/visual_complex/cab901fc.JPEG
0676_stagecoach_n04297098_15035_conf0.999998.JPEG,238d7bd4.JPEG,visual_complex,https://mmarcantoinee.github.io/survey-mit-spring-2026/images/renamed/visual_complex/238d7bd4.JPEG
0676_stagecoach_n04297098_23310_conf0.999997.JPEG,cd69fb07.JPEG,visual_complex,https://mmarcantoinee.github.io/survey-mit-spring-2026/images/renamed/visual_complex/cd69fb07.JPEG
0678_hourglass_n03544143_6677_conf0.999994.JPEG,9901b97b.JPEG,visual_complex,https://mmarcantoinee.github.io/survey-mit-spring-2026/images/renamed/visual_complex/9901b97b.JPEG
0678_hourglass_n03544143_6989_conf0.998249.JPEG,637b8122.JPEG,visual_complex,https://mmarcantoinee.github.io/survey-mit-spring-2026/images/renamed/visual_complex/637b8122.JPEG
0678_hourglass_n03544143_7185_conf0.985975.JPEG,9c463021.JPEG,visual_complex,https://mmarcantoinee.github.io/survey-mit-spring-2026/images/renamed/visual_complex/9c463021.JPEG
0678_hourglass_n04134632_4302_conf0.999395.JPEG,c9dc231d.JPEG,visual_complex,https://mmarcantoinee.github.io/survey-mit-spring-2026/images/renamed/visual_complex/c9dc231d.JPEG
0678_hourglass_n04134632_446_conf1.000000.JPEG,4c09e72f.JPEG,visual_complex,https://mmarcantoinee.github.io/survey-mit-spring-2026/images/renamed/visual_complex/4c09e72f.JPEG
0686_coliseum_n02704949_1011_conf0.997915.JPEG,db47816e.JPEG,visual_complex,https://mmarcantoinee.github.io/survey-mit-spring-2026/images/renamed/visual_complex/db47816e.JPEG
0686_coliseum_n02704949_11568_conf1.000000.JPEG,b51a6a9f.JPEG,visual_complex,https://mmarcantoinee.github.io/survey-mit-spring-2026/images/renamed/visual_complex/b51a6a9f.JPEG
0686_coliseum_n02704949_16443_conf0.999847.JPEG,adf1c710.JPEG,visual_complex,https://mmarcantoinee.github.io/survey-mit-spring-2026/images/renamed/visual_complex/adf1c710.JPEG
0686_coliseum_n02704949_23134_conf1.000000.JPEG,0f4cf941.JPEG,visual_complex,https://mmarcantoinee.github.io/survey-mit-spring-2026/images/renamed/visual_complex/0f4cf941.JPEG
0686_coliseum_n02704949_23592_conf0.993882.JPEG,36066d6e.JPEG,visual_complex,https://mmarcantoinee.github.io/survey-mit-spring-2026/images/renamed/visual_complex/36066d6e.JPEG
0686_coliseum_n02704949_6383_conf0.999999.JPEG,760caa88.JPEG,visual_complex,https://mmarcantoinee.github.io/survey-mit-spring-2026/images/renamed/visual_complex/760caa88.JPEG
0686_coliseum_n02705201_5697_conf0.999441.JPEG,e8463e4a.JPEG,visual_complex,https://mmarcantoinee.github.io/survey-mit-spring-2026/images/renamed/visual_complex/e8463e4a.JPEG
0687_blowtorch_n02855390_12419_conf0.997852.JPEG,e3fbe9df.JPEG,visual_complex,https://mmarcantoinee.github.io/survey-mit-spring-2026/images/renamed/visual_complex/e3fbe9df.JPEG
0721_hedgehog_n01893825_15355_conf0.999657.JPEG,2a28d7d9.JPEG,visual_complex,https://mmarcantoinee.github.io/survey-mit-spring-2026/images/renamed/visual_complex/2a28d7d9.JPEG
0721_hedgehog_n01893825_3011_conf0.998649.JPEG,4c87ac7a.JPEG,visual_complex,https://mmarcantoinee.github.io/survey-mit-spring-2026/images/renamed/visual_complex/4c87ac7a.JPEG
0721_hedgehog_n01893825_4885_conf0.999741.JPEG,8b22b76b.JPEG,visual_complex,https://mmarcantoinee.github.io/survey-mit-spring-2026/images/renamed/visual_complex/8b22b76b.JPEG
0729_opossum_n01874928_12870_conf0.994257.JPEG,142a0d5e.JPEG,visual_complex,https://mmarcantoinee.github.io/survey-mit-spring-2026/images/renamed/visual_complex/142a0d5e.JPEG
0729_opossum_n01874928_4415_conf0.998532.JPEG,0fe069ee.JPEG,visual_complex,https://mmarcantoinee.github.io/survey-mit-spring-2026/images/renamed/visual_complex/0fe069ee.JPEG
0737_pumpkin_n07735510_426_conf0.999999.JPEG,c7a8b18d.JPEG,visual_complex,https://mmarcantoinee.github.io/survey-mit-spring-2026/images/renamed/visual_complex/c7a8b18d.JPEG
0737_pumpkin_n07735510_6925_conf0.995090.JPEG,13cc49c1.JPEG,visual_complex,https://mmarcantoinee.github.io/survey-mit-spring-2026/images/renamed/visual_complex/13cc49c1.JPEG
0737_pumpkin_n07735510_7254_conf0.999950.JPEG,c13f1254.JPEG,visual_complex,https://mmarcantoinee.github.io/survey-mit-spring-2026/images/renamed/visual_complex/c13f1254.JPEG
0737_pumpkin_n07735510_9432_conf0.999993.JPEG,63b769f3.JPEG,visual_complex,https://mmarcantoinee.github.io/survey-mit-spring-2026/images/renamed/visual_complex/63b769f3.JPEG
0737_pumpkin_n12158443_24911_conf0.999934.JPEG,6aef3fbb.JPEG,visual_complex,https://mmarcantoinee.github.io/survey-mit-spring-2026/images/renamed/visual_complex/6aef3fbb.JPEG
0737_pumpkin_n12158443_8372_conf0.999994.JPEG,fdabecb0.JPEG,visual_complex,https://mmarcantoinee.github.io/survey-mit-spring-2026/images/renamed/visual_complex/fdabecb0.JPEG
0737_pumpkin_n12162425_19792_conf0.997812.JPEG,c0fe3915.JPEG,visual_complex,https://mmarcantoinee.github.io/survey-mit-spring-2026/images/renamed/visual_complex/c0fe3915.JPEG
0739_bowl_n02881193_1495_conf0.992762.JPEG,37508f5a.JPEG,visual_complex,https://mmarcantoinee.github.io/survey-mit-spring-2026/images/renamed/visual_complex/37508f5a.JPEG
0739_bowl_n02881193_3286_conf0.997532.JPEG,5fee7d73.JPEG,visual_complex,https://mmarcantoinee.github.io/survey-mit-spring-2026/images/renamed/visual_complex/5fee7d73.JPEG
0739_bowl_n03775546_1496_conf0.998561.JPEG,ed6f3e7a.JPEG,visual_complex,https://mmarcantoinee.github.io/survey-mit-spring-2026/images/renamed/visual_complex/ed6f3e7a.JPEG
0740_worm_n01740551_1610_conf0.985800.JPEG,a0447981.JPEG,visual_complex,https://mmarcantoinee.github.io/survey-mit-spring-2026/images/renamed/visual_complex/a0447981.JPEG
0740_worm_n01740551_7710_conf0.998745.JPEG,a8c93793.JPEG,visual_complex,https://mmarcantoinee.github.io/survey-mit-spring-2026/images/renamed/visual_complex/a8c93793.JPEG
0740_worm_n01931520_26576_conf0.988519.JPEG,68d7ef3e.JPEG,visual_complex,https://mmarcantoinee.github.io/survey-mit-spring-2026/images/renamed/visual_complex/68d7ef3e.JPEG
0743_candy_n07606669_10350_conf0.993255.JPEG,42611946.JPEG,visual_complex,https://mmarcantoinee.github.io/survey-mit-spring-2026/images/renamed/visual_complex/42611946.JPEG
0743_candy_n07606669_8653_conf0.995126.JPEG,7876d3b2.JPEG,visual_complex,https://mmarcantoinee.github.io/survey-mit-spring-2026/images/renamed/visual_complex/7876d3b2.JPEG
0754_clarinet_n03037709_15895_conf0.995331.JPEG,13eac8b3.JPEG,visual_complex,https://mmarcantoinee.github.io/survey-mit-spring-2026/images/renamed/visual_complex/13eac8b3.JPEG
0759_peanut_bing_erdnuss_0025_conf0.999965.jpg,41ccc2c8.jpg,visual_complex,https://mmarcantoinee.github.io/survey-mit-spring-2026/images/renamed/visual_complex/41ccc2c8.jpg
0764_gondola_bing_gondola_0237_conf1.000000.jpg,0d9a795f.jpg,visual_complex,https://mmarcantoinee.github.io/survey-mit-spring-2026/images/renamed/visual_complex/0d9a795f.jpg
0764_gondola_n03447447_11838_conf0.999998.JPEG,1757d8b4.JPEG,visual_complex,https://mmarcantoinee.github.io/survey-mit-spring-2026/images/renamed/visual_complex/1757d8b4.JPEG
0764_gondola_n03447447_2106_conf0.997094.JPEG,a6c5dbb0.JPEG,visual_complex,https://mmarcantoinee.github.io/survey-mit-spring-2026/images/renamed/visual_complex/a6c5dbb0.JPEG
0764_gondola_n03447447_5271_conf0.994277.JPEG,6a936472.JPEG,visual_complex,https://mmarcantoinee.github.io/survey-mit-spring-2026/images/renamed/visual_complex/6a936472.JPEG
0764_gondola_n03447447_6285_conf0.999904.JPEG,903d492a.JPEG,visual_complex,https://mmarcantoinee.github.io/survey-mit-spring-2026/images/renamed/visual_complex/903d492a.JPEG
0764_gondola_n03447447_7544_conf0.998925.JPEG,5ad55e42.JPEG,visual_complex,https://mmarcantoinee.github.io/survey-mit-spring-2026/images/renamed/visual_complex/5ad55e42.JPEG
0768_television_n03072440_8506_conf0.999828.JPEG,2f9458b4.JPEG,visual_complex,https://mmarcantoinee.github.io/survey-mit-spring-2026/images/renamed/visual_complex/2f9458b4.JPEG
0772_barnacle_n01999186_4670_conf0.999853.JPEG,72193bcc.JPEG,visual_complex,https://mmarcantoinee.github.io/survey-mit-spring-2026/images/renamed/visual_complex/72193bcc.JPEG
0787_cashew_n12759273_38_conf0.999750.JPEG,55a23f1c.JPEG,visual_complex,https://mmarcantoinee.github.io/survey-mit-spring-2026/images/renamed/visual_complex/55a23f1c.JPEG
0794_streetlamp_n04335886_11980_conf0.989489.JPEG,4233dcac.JPEG,visual_complex,https://mmarcantoinee.github.io/survey-mit-spring-2026/images/renamed/visual_complex/4233dcac.JPEG
0794_streetlamp_n04335886_132_conf0.993620.JPEG,3727cf25.JPEG,visual_complex,https://mmarcantoinee.github.io/survey-mit-spring-2026/images/renamed/visual_complex/3727cf25.JPEG
0794_streetlamp_n04335886_13302_conf0.999330.JPEG,438ed1e6.JPEG,visual_complex,https://mmarcantoinee.github.io/survey-mit-spring-2026/images/renamed/visual_complex/438ed1e6.JPEG
0801_razor_n04127521_15852_conf0.999861.JPEG,d290a03d.JPEG,visual_complex,https://mmarcantoinee.github.io/survey-mit-spring-2026/images/renamed/visual_complex/d290a03d.JPEG
0801_razor_n04332074_926_conf0.997720.JPEG,6d107e4b.JPEG,visual_complex,https://mmarcantoinee.github.io/survey-mit-spring-2026/images/renamed/visual_complex/6d107e4b.JPEG
0807_peach_n07751004_306_conf0.984093.JPEG,d380abe3.JPEG,visual_complex,https://mmarcantoinee.github.io/survey-mit-spring-2026/images/renamed/visual_complex/d380abe3.JPEG
0807_peach_n07751004_3407_conf0.980526.JPEG,e0c74f52.JPEG,visual_complex,https://mmarcantoinee.github.io/survey-mit-spring-2026/images/renamed/visual_complex/e0c74f52.JPEG
0807_peach_n12648045_18243_conf0.990234.JPEG,8dfdf7be.JPEG,visual_complex,https://mmarcantoinee.github.io/survey-mit-spring-2026/images/renamed/visual_complex/8dfdf7be.JPEG
0812_coin_bing_Muenze_1837_conf0.990824.jpg,368063d9.jpg,visual_complex,https://mmarcantoinee.github.io/survey-mit-spring-2026/images/renamed/visual_complex/368063d9.jpg
0822_grasshopper_n02226429_9520_conf0.997375.JPEG,73137679.JPEG,visual_complex,https://mmarcantoinee.github.io/survey-mit-spring-2026/images/renamed/visual_complex/73137679.JPEG
0822_grasshopper_n02227966_2419_conf0.981407.JPEG,d82d30c9.JPEG,visual_complex,https://mmarcantoinee.github.io/survey-mit-spring-2026/images/renamed/visual_complex/d82d30c9.JPEG
0822_grasshopper_n02228341_6168_conf0.999650.JPEG,b077be80.JPEG,visual_complex,https://mmarcantoinee.github.io/survey-mit-spring-2026/images/renamed/visual_complex/b077be80.JPEG
0828_pea_n07725531_1835_conf0.997980.JPEG,7f515442.JPEG,visual_complex,https://mmarcantoinee.github.io/survey-mit-spring-2026/images/renamed/visual_complex/7f515442.JPEG
0829_toaster_n04442312_2742_conf0.999245.JPEG,ddc1402d.JPEG,visual_complex,https://mmarcantoinee.github.io/survey-mit-spring-2026/images/renamed/visual_complex/ddc1402d.JPEG
0829_toaster_n04442312_6076_conf0.998874.JPEG,43d6c037.JPEG,visual_complex,https://mmarcantoinee.github.io/survey-mit-spring-2026/images/renamed/visual_complex/43d6c037.JPEG
0836_chalk_n03003091_25361_conf0.998366.JPEG,2b971926.JPEG,visual_complex,https://mmarcantoinee.github.io/survey-mit-spring-2026/images/renamed/visual_complex/2b971926.JPEG
0836_chalk_n03003091_2705_conf0.999373.JPEG,d16cc35b.JPEG,visual_complex,https://mmarcantoinee.github.io/survey-mit-spring-2026/images/renamed/visual_complex/d16cc35b.JPEG
0836_chalk_n03003091_5614_conf0.983958.JPEG,c794046e.JPEG,visual_complex,https://mmarcantoinee.github.io/survey-mit-spring-2026/images/renamed/visual_complex/c794046e.JPEG
0836_chalk_n03003091_7382_conf0.999191.JPEG,5650e32a.JPEG,visual_complex,https://mmarcantoinee.github.io/survey-mit-spring-2026/images/renamed/visual_complex/5650e32a.JPEG
0841_bee_n02207345_18663_conf0.991258.JPEG,0b14157b.JPEG,visual_complex,https://mmarcantoinee.github.io/survey-mit-spring-2026/images/renamed/visual_complex/0b14157b.JPEG
0842_bicycle_flickr_bicycle_0347_conf0.999990.jpg,a006dd3b.jpg,visual_complex,https://mmarcantoinee.github.io/survey-mit-spring-2026/images/renamed/visual_complex/a006dd3b.jpg
0842_bicycle_n02834778_1034_conf1.000000.JPEG,82b779e6.JPEG,visual_complex,https://mmarcantoinee.github.io/survey-mit-spring-2026/images/renamed/visual_complex/82b779e6.JPEG
0842_bicycle_n02835271_9682_conf0.999832.JPEG,e2efc3a0.JPEG,visual_complex,https://mmarcantoinee.github.io/survey-mit-spring-2026/images/renamed/visual_complex/e2efc3a0.JPEG
0846_pencil_n03652100_2447_conf0.994868.JPEG,92eab13e.JPEG,visual_complex,https://mmarcantoinee.github.io/survey-mit-spring-2026/images/renamed/visual_complex/92eab13e.JPEG
0848_garlic_n07818277_1101_conf0.996930.JPEG,7222612a.JPEG,visual_complex,https://mmarcantoinee.github.io/survey-mit-spring-2026/images/renamed/visual_complex/7222612a.JPEG
0848_garlic_n07818277_13891_conf0.997211.JPEG,8d9592e1.JPEG,visual_complex,https://mmarcantoinee.github.io/survey-mit-spring-2026/images/renamed/visual_complex/8d9592e1.JPEG
0848_garlic_n07818277_19184_conf0.986550.JPEG,7cdecce4.JPEG,visual_complex,https://mmarcantoinee.github.io/survey-mit-spring-2026/images/renamed/visual_complex/7cdecce4.JPEG
0848_garlic_n07818277_2551_conf0.999797.JPEG,ab7016dd.JPEG,visual_complex,https://mmarcantoinee.github.io/survey-mit-spring-2026/images/renamed/visual_complex/ab7016dd.JPEG
0848_garlic_n07818277_8269_conf0.988629.JPEG,c266d81b.JPEG,visual_complex,https://mmarcantoinee.github.io/survey-mit-spring-2026/images/renamed/visual_complex/c266d81b.JPEG
0848_garlic_n07818422_11510_conf0.988578.JPEG,020d2eea.JPEG,visual_complex,https://mmarcantoinee.github.io/survey-mit-spring-2026/images/renamed/visual_complex/020d2eea.JPEG
0848_garlic_n07818422_19935_conf0.995458.JPEG,48d2fe91.JPEG,visual_complex,https://mmarcantoinee.github.io/survey-mit-spring-2026/images/renamed/visual_complex/48d2fe91.JPEG
0852_rhino_n02391994_18390_conf0.991233.JPEG,4a61fb37.JPEG,visual_complex,https://mmarcantoinee.github.io/survey-mit-spring-2026/images/renamed/visual_complex/4a61fb37.JPEG
0852_rhino_n02391994_971_conf0.999770.JPEG,b0acf835.JPEG,visual_complex,https://mmarcantoinee.github.io/survey-mit-spring-2026/images/renamed/visual_complex/b0acf835.JPEG
0853_wheat_n12142085_2313_conf0.999965.JPEG,71c54e25.JPEG,visual_complex,https://mmarcantoinee.github.io/survey-mit-spring-2026/images/renamed/visual_complex/71c54e25.JPEG
0857_waterfall_bing_waterfall_0714_conf0.992864.jpg,c1a50828.jpg,visual_complex,https://mmarcantoinee.github.io/survey-mit-spring-2026/images/renamed/visual_complex/c1a50828.jpg
0857_waterfall_flickr_waterfall_0084_conf0.999843.jpg,b1c56abb.jpg,visual_complex,https://mmarcantoinee.github.io/survey-mit-spring-2026/images/renamed/visual_complex/b1c56abb.jpg
0857_waterfall_flickr_waterfall_0126_conf0.999938.jpg,8d306773.jpg,visual_complex,https://mmarcantoinee.github.io/survey-mit-spring-2026/images/renamed/visual_complex/8d306773.jpg
0857_waterfall_flickr_waterfall_0187_conf0.999905.jpg,e4238491.jpg,visual_complex,https://mmarcantoinee.github.io/survey-mit-spring-2026/images/renamed/visual_complex/e4238491.jpg
0857_waterfall_flickr_waterfall_0314_conf0.985114.jpg,c20a1f88.jpg,visual_complex,https://mmarcantoinee.github.io/survey-mit-spring-2026/images/renamed/visual_complex/c20a1f88.jpg
0857_waterfall_flickr_waterfall_0368_conf0.997579.jpg,20a36114.jpg,visual_complex,https://mmarcantoinee.github.io/survey-mit-spring-2026/images/renamed/visual_complex/20a36114.jpg
0858_squirrel_n02355477_2646_conf0.998534.JPEG,1529cfca.JPEG,visual_complex,https://mmarcantoinee.github.io/survey-mit-spring-2026/images/renamed/visual_complex/1529cfca.JPEG
0858_squirrel_n02356381_7856_conf0.999574.JPEG,5fb3e8c0.JPEG,visual_complex,https://mmarcantoinee.github.io/survey-mit-spring-2026/images/renamed/visual_complex/5fb3e8c0.JPEG
0858_squirrel_n02357111_14027_conf0.999989.JPEG,648765c1.JPEG,visual_complex,https://mmarcantoinee.github.io/survey-mit-spring-2026/images/renamed/visual_complex/648765c1.JPEG
0858_squirrel_n02357111_8164_conf0.999852.JPEG,c331bd0d.JPEG,visual_complex,https://mmarcantoinee.github.io/survey-mit-spring-2026/images/renamed/visual_complex/c331bd0d.JPEG
0867_bulldozer_n02916179_10936_conf0.999976.JPEG,e81437af.JPEG,visual_complex,https://mmarcantoinee.github.io/survey-mit-spring-2026/images/renamed/visual_complex/e81437af.JPEG
0867_bulldozer_n02916179_20840_conf0.999990.JPEG,c848a938.JPEG,visual_complex,https://mmarcantoinee.github.io/survey-mit-spring-2026/images/renamed/visual_complex/c848a938.JPEG
0869_closet_n03057636_2358_conf0.986174.JPEG,6eebfa79.JPEG,visual_complex,https://mmarcantoinee.github.io/survey-mit-spring-2026/images/renamed/visual_complex/6eebfa79.JPEG
0869_closet_n03148324_25893_conf0.999428.JPEG,f930f773.JPEG,visual_complex,https://mmarcantoinee.github.io/survey-mit-spring-2026/images/renamed/visual_complex/f930f773.JPEG
0869_closet_n03148324_6508_conf0.990968.JPEG,4056c18d.JPEG,visual_complex,https://mmarcantoinee.github.io/survey-mit-spring-2026/images/renamed/visual_complex/4056c18d.JPEG
0869_closet_n03148324_8908_conf0.999908.JPEG,7170468f.JPEG,visual_complex,https://mmarcantoinee.github.io/survey-mit-spring-2026/images/renamed/visual_complex/7170468f.JPEG
0875_broom_n02906734_6687_conf0.993570.JPEG,f5459f2a.JPEG,visual_complex,https://mmarcantoinee.github.io/survey-mit-spring-2026/images/renamed/visual_complex/f5459f2a.JPEG
0878_starfish_n02317335_12079_conf0.983971.JPEG,5b392b66.JPEG,visual_complex,https://mmarcantoinee.github.io/survey-mit-spring-2026/images/renamed/visual_complex/5b392b66.JPEG
0882_scoreboard_bing_scoreboard_0079_conf0.999900.jpg,ff52d3b1.jpg,visual_complex,https://mmarcantoinee.github.io/survey-mit-spring-2026/images/renamed/visual_complex/ff52d3b1.jpg
0882_scoreboard_bing_scoreboard_0113_conf0.999995.jpg,ee9e5ce6.jpg,visual_complex,https://mmarcantoinee.github.io/survey-mit-spring-2026/images/renamed/visual_complex/ee9e5ce6.jpg
0882_scoreboard_n04149813_3125_conf0.991954.JPEG,76b49ee4.JPEG,visual_complex,https://mmarcantoinee.github.io/survey-mit-spring-2026/images/renamed/visual_complex/76b49ee4.JPEG
0882_scoreboard_n04149813_6175_conf0.999921.JPEG,4b78c50f.JPEG,visual_complex,https://mmarcantoinee.github.io/survey-mit-spring-2026/images/renamed/visual_complex/4b78c50f.JPEG
0882_scoreboard_n04149813_6236_conf0.999969.JPEG,2206a27b.JPEG,visual_complex,https://mmarcantoinee.github.io/survey-mit-spring-2026/images/renamed/visual_complex/2206a27b.JPEG
0894_rice_n07804323_8500_conf0.989081.JPEG,c1f15fee.JPEG,visual_complex,https://mmarcantoinee.github.io/survey-mit-spring-2026/images/renamed/visual_complex/c1f15fee.JPEG
0894_rice_n07804657_6930_conf0.994147.JPEG,56247e93.JPEG,visual_complex,https://mmarcantoinee.github.io/survey-mit-spring-2026/images/renamed/visual_complex/56247e93.JPEG
0895_crouton_n07682197_13464_conf0.980928.JPEG,2d4236e8.JPEG,visual_complex,https://mmarcantoinee.github.io/survey-mit-spring-2026/images/renamed/visual_complex/2d4236e8.JPEG
0895_crouton_n07682197_3266_conf0.984911.JPEG,8fed358d.JPEG,visual_complex,https://mmarcantoinee.github.io/survey-mit-spring-2026/images/renamed/visual_complex/8fed358d.JPEG
0909_flea_n02187150_6422_conf0.999944.JPEG,7d1199dc.JPEG,visual_complex,https://mmarcantoinee.github.io/survey-mit-spring-2026/images/renamed/visual_complex/7d1199dc.JPEG
0921_bench_n03891251_1432_conf0.989712.JPEG,559a4088.JPEG,visual_complex,https://mmarcantoinee.github.io/survey-mit-spring-2026/images/renamed/visual_complex/559a4088.JPEG
0921_bench_n04177820_12119_conf0.989186.JPEG,09eaec29.JPEG,visual_complex,https://mmarcantoinee.github.io/survey-mit-spring-2026/images/renamed/visual_complex/09eaec29.JPEG
0945_windmill_n04587404_10745_conf0.999927.JPEG,757180a2.JPEG,visual_complex,https://mmarcantoinee.github.io/survey-mit-spring-2026/images/renamed/visual_complex/757180a2.JPEG
0945_windmill_n04587404_1140_conf0.999830.JPEG,6cf4f03e.JPEG,visual_complex,https://mmarcantoinee.github.io/survey-mit-spring-2026/images/renamed/visual_complex/6cf4f03e.JPEG
0945_windmill_n04587404_12011_conf0.999892.JPEG,836b2a82.JPEG,visual_complex,https://mmarcantoinee.github.io/survey-mit-spring-2026/images/renamed/visual_complex/836b2a82.JPEG
0945_windmill_n04587404_13267_conf0.998397.JPEG,ce1c82bd.JPEG,visual_complex,https://mmarcantoinee.github.io/survey-mit-spring-2026/images/renamed/visual_complex/ce1c82bd.JPEG
0945_windmill_n04587404_19348_conf0.997399.JPEG,97b6567d.JPEG,visual_complex,https://mmarcantoinee.github.io/survey-mit-spring-2026/images/renamed/visual_complex/97b6567d.JPEG
0945_windmill_n04587404_9546_conf0.981178.JPEG,731fd7c7.JPEG,visual_complex,https://mmarcantoinee.github.io/survey-mit-spring-2026/images/renamed/visual_complex/731fd7c7.JPEG
0945_windmill_n04587559_3651_conf0.999964.JPEG,8b65546c.JPEG,visual_complex,https://mmarcantoinee.github.io/survey-mit-spring-2026/images/renamed/visual_complex/8b65546c.JPEG
0945_windmill_n04587559_6815_conf0.992056.JPEG,f115953d.JPEG,visual_complex,https://mmarcantoinee.github.io/survey-mit-spring-2026/images/renamed/visual_complex/f115953d.JPEG
0945_windmill_n04587559_7281_conf0.998416.JPEG,b54b242e.JPEG,visual_complex,https://mmarcantoinee.github.io/survey-mit-spring-2026/images/renamed/visual_complex/b54b242e.JPEG
0945_windmill_n04587559_9668_conf0.992786.JPEG,f574ecbd.JPEG,visual_complex,https://mmarcantoinee.github.io/survey-mit-spring-2026/images/renamed/visual_complex/f574ecbd.JPEG
0948_pan_n03400231_18275_conf0.997235.JPEG,7ca37293.JPEG,visual_complex,https://mmarcantoinee.github.io/survey-mit-spring-2026/images/renamed/visual_complex/7ca37293.JPEG
0948_pan_n03900301_2490_conf0.993794.JPEG,a3c2f26e.JPEG,visual_complex,https://mmarcantoinee.github.io/survey-mit-spring-2026/images/renamed/visual_complex/a3c2f26e.JPEG
0949_avocado_bing_aguacate_0473_conf0.998687.jpg,e232ab49.jpg,visual_complex,https://mmarcantoinee.github.io/survey-mit-spring-2026/images/renamed/visual_complex/e232ab49.jpg
0949_avocado_n07764847_1788_conf0.988725.JPEG,186ee4e0.JPEG,visual_complex,https://mmarcantoinee.github.io/survey-mit-spring-2026/images/renamed/visual_complex/186ee4e0.JPEG
0949_avocado_n07764847_19342_conf0.999693.JPEG,4ca207cc.JPEG,visual_complex,https://mmarcantoinee.github.io/survey-mit-spring-2026/images/renamed/visual_complex/4ca207cc.JPEG
0950_guacamole_n07583066_6265_conf0.987737.JPEG,bba414da.JPEG,visual_complex,https://mmarcantoinee.github.io/survey-mit-spring-2026/images/renamed/visual_complex/bba414da.JPEG
0950_guacamole_n07583066_7928_conf0.999103.JPEG,bb7d51a2.JPEG,visual_complex,https://mmarcantoinee.github.io/survey-mit-spring-2026/images/renamed/visual_complex/bb7d51a2.JPEG
0950_guacamole_n07583066_9363_conf0.999433.JPEG,7922a8dc.JPEG,visual_complex,https://mmarcantoinee.github.io/survey-mit-spring-2026/images/renamed/visual_complex/7922a8dc.JPEG
0955_cane_n03715275_4038_conf0.999512.JPEG,af0d0b2e.JPEG,visual_complex,https://mmarcantoinee.github.io/survey-mit-spring-2026/images/renamed/visual_complex/af0d0b2e.JPEG
0956_sprinkler_n04289027_17636_conf0.998862.JPEG,f717ea35.JPEG,visual_complex,https://mmarcantoinee.github.io/survey-mit-spring-2026/images/renamed/visual_complex/f717ea35.JPEG
0956_sprinkler_n04289027_950_conf0.999948.JPEG,bbc84984.JPEG,visual_complex,https://mmarcantoinee.github.io/survey-mit-spring-2026/images/renamed/visual_complex/bbc84984.JPEG
0956_sprinkler_n04289195_5600_conf0.997478.JPEG,b7bf2c60.JPEG,visual_complex,https://mmarcantoinee.github.io/survey-mit-spring-2026/images/renamed/visual_complex/b7bf2c60.JPEG
0956_sprinkler_n04289195_7711_conf0.990769.JPEG,d1682689.JPEG,visual_complex,https://mmarcantoinee.github.io/survey-mit-spring-2026/images/renamed/visual_complex/d1682689.JPEG
0964_outhouse_bing_outhouse_0031_conf0.992780.jpg,aa1c8c50.jpg,visual_complex,https://mmarcantoinee.github.io/survey-mit-spring-2026/images/renamed/visual_complex/aa1c8c50.jpg
0964_outhouse_n03860404_1876_conf0.990511.JPEG,b017f621.JPEG,visual_complex,https://mmarcantoinee.github.io/survey-mit-spring-2026/images/renamed/visual_complex/b017f621.JPEG
0969_anthill_n09199101_8358_conf0.998884.JPEG,c1bdf6d8.JPEG,visual_complex,https://mmarcantoinee.github.io/survey-mit-spring-2026/images/renamed/visual_complex/c1bdf6d8.JPEG
0969_anthill_n09199101_8885_conf0.997531.JPEG,783f6a79.JPEG,visual_complex,https://mmarcantoinee.github.io/survey-mit-spring-2026/images/renamed/visual_complex/783f6a79.JPEG
1009_skunk_n02445715_8723_conf1.000000.JPEG,aec482c0.JPEG,visual_complex,https://mmarcantoinee.github.io/survey-mit-spring-2026/images/renamed/visual_complex/aec482c0.JPEG
1009_skunk_n02446206_72_conf0.998950.JPEG,2d05de67.JPEG,visual_complex,https://mmarcantoinee.github.io/survey-mit-spring-2026/images/renamed/visual_complex/2d05de67.JPEG
1010_barrel_n02795169_27879_conf0.996346.JPEG,20f8fa9c.JPEG,visual_complex,https://mmarcantoinee.github.io/survey-mit-spring-2026/images/renamed/visual_complex/20f8fa9c.JPEG
1010_barrel_n02823335_3032_conf0.999999.JPEG,5d1986c4.JPEG,visual_complex,https://mmarcantoinee.github.io/survey-mit-spring-2026/images/renamed/visual_complex/5d1986c4.JPEG
1010_barrel_n03610418_14683_conf0.998765.JPEG,d2e49df5.JPEG,visual_complex,https://mmarcantoinee.github.io/survey-mit-spring-2026/images/renamed/visual_complex/d2e49df5.JPEG
1011_typewriter_n03274435_4076_conf1.000000.JPEG,c17ac4ec.JPEG,visual_complex,https://mmarcantoinee.github.io/survey-mit-spring-2026/images/renamed/visual_complex/c17ac4ec.JPEG
1014_bun_n07691237_6239_conf0.997194.JPEG,014eda11.JPEG,visual_complex,https://mmarcantoinee.github.io/survey-mit-spring-2026/images/renamed/visual_complex/014eda11.JPEG
1015_hay_n03500389_1739_conf1.000000.JPEG,be452a2e.JPEG,visual_complex,https://mmarcantoinee.github.io/survey-mit-spring-2026/images/renamed/visual_complex/be452a2e.JPEG
1015_hay_n03500389_214_conf0.999967.JPEG,adcf0c9c.JPEG,visual_complex,https://mmarcantoinee.github.io/survey-mit-spring-2026/images/renamed/visual_complex/adcf0c9c.JPEG
1015_hay_n03500389_2749_conf0.999998.JPEG,b68be395.JPEG,visual_complex,https://mmarcantoinee.github.io/survey-mit-spring-2026/images/renamed/visual_complex/b68be395.JPEG
1015_hay_n03500389_3296_conf0.999820.JPEG,642bf76d.JPEG,visual_complex,https://mmarcantoinee.github.io/survey-mit-spring-2026/images/renamed/visual_complex/642bf76d.JPEG
1015_hay_n03500389_3804_conf0.999511.JPEG,b6b2a24e.JPEG,visual_complex,https://mmarcantoinee.github.io/survey-mit-spring-2026/images/renamed/visual_complex/b6b2a24e.JPEG
1015_hay_n07802026_19013_conf0.999993.JPEG,d01b81c1.JPEG,visual_complex,https://mmarcantoinee.github.io/survey-mit-spring-2026/images/renamed/visual_complex/d01b81c1.JPEG
1015_hay_n07802026_19778_conf0.999613.JPEG,7bd1f1a0.JPEG,visual_complex,https://mmarcantoinee.github.io/survey-mit-spring-2026/images/renamed/visual_complex/7bd1f1a0.JPEG
1015_hay_n07802026_20222_conf0.995658.JPEG,f75140b8.JPEG,visual_complex,https://mmarcantoinee.github.io/survey-mit-spring-2026/images/renamed/visual_complex/f75140b8.JPEG
1015_hay_n07802026_20356_conf0.998707.JPEG,8f7f2ebe.JPEG,visual_complex,https://mmarcantoinee.github.io/survey-mit-spring-2026/images/renamed/visual_complex/8f7f2ebe.JPEG
1015_hay_n07802026_6387_conf0.999992.JPEG,258e831c.JPEG,visual_complex,https://mmarcantoinee.github.io/survey-mit-spring-2026/images/renamed/visual_complex/258e831c.JPEG
1021_mosquito_n02200198_8080_conf1.000000.JPEG,d4763b10.JPEG,visual_complex,https://mmarcantoinee.github.io/survey-mit-spring-2026/images/renamed/visual_complex/d4763b10.JPEG
1021_mosquito_n02201000_6054_conf1.000000.JPEG,4f372b3d.JPEG,visual_complex,https://mmarcantoinee.github.io/survey-mit-spring-2026/images/renamed/visual_complex/4f372b3d.JPEG
1021_mosquito_n02201000_6065_conf0.998412.JPEG,da0b37c2.JPEG,visual_complex,https://mmarcantoinee.github.io/survey-mit-spring-2026/images/renamed/visual_complex/da0b37c2.JPEG
1021_mosquito_n02202006_5451_conf0.999734.JPEG,84ff0c6c.JPEG,visual_complex,https://mmarcantoinee.github.io/survey-mit-spring-2026/images/renamed/visual_complex/84ff0c6c.JPEG
1021_mosquito_n02202006_624_conf0.999989.JPEG,86bcbd16.JPEG,visual_complex,https://mmarcantoinee.github.io/survey-mit-spring-2026/images/renamed/visual_complex/86bcbd16.JPEG
1024_coffin_n03064758_46358_conf0.995009.JPEG,21b6cfb2.JPEG,visual_complex,https://mmarcantoinee.github.io/survey-mit-spring-2026/images/renamed/visual_complex/21b6cfb2.JPEG
1025_newspaper_n03822171_24211_conf0.999980.JPEG,d6704831.JPEG,visual_complex,https://mmarcantoinee.github.io/survey-mit-spring-2026/images/renamed/visual_complex/d6704831.JPEG
1025_newspaper_n03822171_4042_conf0.999951.JPEG,74d06c2c.JPEG,visual_complex,https://mmarcantoinee.github.io/survey-mit-spring-2026/images/renamed/visual_complex/74d06c2c.JPEG
1025_newspaper_n03822171_8702_conf0.999994.JPEG,7c72126f.JPEG,visual_complex,https://mmarcantoinee.github.io/survey-mit-spring-2026/images/renamed/visual_complex/7c72126f.JPEG
1025_newspaper_n06267655_2544_conf0.998184.JPEG,2e86dd97.JPEG,visual_complex,https://mmarcantoinee.github.io/survey-mit-spring-2026/images/renamed/visual_complex/2e86dd97.JPEG
1025_newspaper_n06267758_12875_conf1.000000.JPEG,88ef4c74.JPEG,visual_complex,https://mmarcantoinee.github.io/survey-mit-spring-2026/images/renamed/visual_complex/88ef4c74.JPEG
1025_newspaper_n06267893_34519_conf1.000000.JPEG,0e87e4b4.JPEG,visual_complex,https://mmarcantoinee.github.io/survey-mit-spring-2026/images/renamed/visual_complex/0e87e4b4.JPEG
1037_candle_n02948072_12590_conf0.987777.JPEG,062c255e.JPEG,visual_complex,https://mmarcantoinee.github.io/survey-mit-spring-2026/images/renamed/visual_complex/062c255e.JPEG
1037_candle_n02948072_43304_conf0.986322.JPEG,74abe662.JPEG,visual_complex,https://mmarcantoinee.github.io/survey-mit-spring-2026/images/renamed/visual_complex/74abe662.JPEG
1037_candle_n02948072_43947_conf0.999930.JPEG,457cc527.JPEG,visual_complex,https://mmarcantoinee.github.io/survey-mit-spring-2026/images/renamed/visual_complex/457cc527.JPEG
1037_candle_n04534895_353_conf0.999967.JPEG,2e60b023.JPEG,visual_complex,https://mmarcantoinee.github.io/survey-mit-spring-2026/images/renamed/visual_complex/2e60b023.JPEG
1037_candle_n04534895_8625_conf0.999638.JPEG,10566cff.JPEG,visual_complex,https://mmarcantoinee.github.io/survey-mit-spring-2026/images/renamed/visual_complex/10566cff.JPEG
1040_cymbals_n02869249_34371_conf0.999796.JPEG,ffac8991.JPEG,visual_complex,https://mmarcantoinee.github.io/survey-mit-spring-2026/images/renamed/visual_complex/ffac8991.JPEG
1041_kumquat_n07749446_7263_conf0.993032.JPEG,2b31692a.JPEG,visual_complex,https://mmarcantoinee.github.io/survey-mit-spring-2026/images/renamed/visual_complex/2b31692a.JPEG
1041_kumquat_n07749446_7527_conf0.990483.JPEG,d0a7d9c2.JPEG,visual_complex,https://mmarcantoinee.github.io/survey-mit-spring-2026/images/renamed/visual_complex/d0a7d9c2.JPEG
1041_kumquat_n07749446_96_conf0.991908.JPEG,9d8c0c87.JPEG,visual_complex,https://mmarcantoinee.github.io/survey-mit-spring-2026/images/renamed/visual_complex/9d8c0c87.JPEG
1043_mall_bing_mall_0116_conf0.998973.jpg,859f461c.jpg,visual_complex,https://mmarcantoinee.github.io/survey-mit-spring-2026/images/renamed/visual_complex/859f461c.jpg
1043_mall_n03965456_62175_conf0.999495.JPEG,904784c1.JPEG,visual_complex,https://mmarcantoinee.github.io/survey-mit-spring-2026/images/renamed/visual_complex/904784c1.JPEG
1055_candelabra_n02947818_5294_conf0.999997.JPEG,1cd9cace.JPEG,visual_complex,https://mmarcantoinee.github.io/survey-mit-spring-2026/images/renamed/visual_complex/1cd9cace.JPEG
1055_candelabra_n03746005_2647_conf1.000000.JPEG,aa463269.JPEG,visual_complex,https://mmarcantoinee.github.io/survey-mit-spring-2026/images/renamed/visual_complex/aa463269.JPEG
1063_knot_bing_knot_0003_conf0.994059.jpg,b36b794d.jpg,visual_complex,https://mmarcantoinee.github.io/survey-mit-spring-2026/images/renamed/visual_complex/b36b794d.jpg
1063_knot_n02881906_4984_conf0.996102.JPEG,4981237a.JPEG,visual_complex,https://mmarcantoinee.github.io/survey-mit-spring-2026/images/renamed/visual_complex/4981237a.JPEG
1063_knot_n03627232_6643_conf0.982193.JPEG,fbe0d5ce.JPEG,visual_complex,https://mmarcantoinee.github.io/survey-mit-spring-2026/images/renamed/visual_complex/fbe0d5ce.JPEG
1064_lobster_n01982650_2547_conf0.999891.JPEG,d442da3f.JPEG,visual_complex,https://mmarcantoinee.github.io/survey-mit-spring-2026/images/renamed/visual_complex/d442da3f.JPEG
1064_lobster_n01983481_13503_conf0.997995.JPEG,41b3557a.JPEG,visual_complex,https://mmarcantoinee.github.io/survey-mit-spring-2026/images/renamed/visual_complex/41b3557a.JPEG
1064_lobster_n01983481_19654_conf0.999976.JPEG,53955d39.JPEG,visual_complex,https://mmarcantoinee.github.io/survey-mit-spring-2026/images/renamed/visual_complex/53955d39.JPEG
1064_lobster_n01983481_3825_conf0.986013.JPEG,c4e65723.JPEG,visual_complex,https://mmarcantoinee.github.io/survey-mit-spring-2026/images/renamed/visual_complex/c4e65723.JPEG
1064_lobster_n01983481_4700_conf0.998404.JPEG,5c49dfbf.JPEG,visual_complex,https://mmarcantoinee.github.io/survey-mit-spring-2026/images/renamed/visual_complex/5c49dfbf.JPEG
1069_crib_n03131574_16035_conf0.999783.JPEG,5fc8fce5.JPEG,visual_complex,https://mmarcantoinee.github.io/survey-mit-spring-2026/images/renamed/visual_complex/5fc8fce5.JPEG
1069_crib_n03131574_16877_conf0.996351.JPEG,31867c0d.JPEG,visual_complex,https://mmarcantoinee.github.io/survey-mit-spring-2026/images/renamed/visual_complex/31867c0d.JPEG
1069_crib_n03131574_28885_conf0.999987.JPEG,b730bbb0.JPEG,visual_complex,https://mmarcantoinee.github.io/survey-mit-spring-2026/images/renamed/visual_complex/b730bbb0.JPEG
1069_crib_n03131669_16379_conf0.999981.JPEG,e70abae5.JPEG,visual_complex,https://mmarcantoinee.github.io/survey-mit-spring-2026/images/renamed/visual_complex/e70abae5.JPEG
1069_crib_n03131669_2980_conf0.999631.JPEG,8adca5ee.JPEG,visual_complex,https://mmarcantoinee.github.io/survey-mit-spring-2026/images/renamed/visual_complex/8adca5ee.JPEG
1070_broccoli_n07714990_5919_conf0.992522.JPEG,7272c335.JPEG,visual_complex,https://mmarcantoinee.github.io/survey-mit-spring-2026/images/renamed/visual_complex/7272c335.JPEG
1070_broccoli_n07714990_7788_conf0.999710.JPEG,c243309d.JPEG,visual_complex,https://mmarcantoinee.github.io/survey-mit-spring-2026/images/renamed/visual_complex/c243309d.JPEG
1070_broccoli_n11876803_18188_conf0.994465.JPEG,587fd22a.JPEG,visual_complex,https://mmarcantoinee.github.io/survey-mit-spring-2026/images/renamed/visual_complex/587fd22a.JPEG
1070_broccoli_n11876803_4545_conf0.997551.JPEG,613a31e7.JPEG,visual_complex,https://mmarcantoinee.github.io/survey-mit-spring-2026/images/renamed/visual_complex/613a31e7.JPEG
1073_fireworks_bing_fireworks_0481_conf0.999938.jpg,5956b348.jpg,visual_complex,https://mmarcantoinee.github.io/survey-mit-spring-2026/images/renamed/visual_complex/5956b348.jpg
1073_fireworks_bing_fuegos_artificiales_0188_conf0.999411.jpg,b3497d7f.jpg,visual_complex,https://mmarcantoinee.github.io/survey-mit-spring-2026/images/renamed/visual_complex/b3497d7f.jpg
1073_fireworks_flickr_fireworks_0403_conf0.996277.jpg,9aefe2cf.jpg,visual_complex,https://mmarcantoinee.github.io/survey-mit-spring-2026/images/renamed/visual_complex/9aefe2cf.jpg
1076_ant_n02219486_25714_conf0.994701.JPEG,8a73fb13.JPEG,visual_complex,https://mmarcantoinee.github.io/survey-mit-spring-2026/images/renamed/visual_complex/8a73fb13.JPEG
1076_ant_n02220804_1634_conf0.999196.JPEG,18c4384c.JPEG,visual_complex,https://mmarcantoinee.github.io/survey-mit-spring-2026/images/renamed/visual_complex/18c4384c.JPEG
1076_ant_n02221083_3077_conf0.999508.JPEG,a7d7e3c6.JPEG,visual_complex,https://mmarcantoinee.github.io/survey-mit-spring-2026/images/renamed/visual_complex/a7d7e3c6.JPEG
1076_ant_n02221414_11939_conf0.994362.JPEG,32f0d436.JPEG,visual_complex,https://mmarcantoinee.github.io/survey-mit-spring-2026/images/renamed/visual_complex/32f0d436.JPEG
1076_ant_n02221414_2929_conf0.999667.JPEG,5ae13399.JPEG,visual_complex,https://mmarcantoinee.github.io/survey-mit-spring-2026/images/renamed/visual_complex/5ae13399.JPEG
1081_thermostat_n04422875_1365_conf0.998514.JPEG,3890b4e6.JPEG,visual_complex,https://mmarcantoinee.github.io/survey-mit-spring-2026/images/renamed/visual_complex/3890b4e6.JPEG
1082_caterpillar_n02285801_2900_conf0.997979.JPEG,84ed74ba.JPEG,visual_complex,https://mmarcantoinee.github.io/survey-mit-spring-2026/images/renamed/visual_complex/84ed74ba.JPEG
1082_caterpillar_n02285801_3139_conf0.996241.JPEG,ea0e05f7.JPEG,visual_complex,https://mmarcantoinee.github.io/survey-mit-spring-2026/images/renamed/visual_complex/ea0e05f7.JPEG
1082_caterpillar_n02310717_863_conf0.999255.JPEG,15d83861.JPEG,visual_complex,https://mmarcantoinee.github.io/survey-mit-spring-2026/images/renamed/visual_complex/15d83861.JPEG
1084_papaya_n07762244_2233_conf0.984245.JPEG,dc560705.JPEG,visual_complex,https://mmarcantoinee.github.io/survey-mit-spring-2026/images/renamed/visual_complex/dc560705.JPEG
1084_papaya_n07762244_2391_conf0.998760.JPEG,cac526a6.JPEG,visual_complex,https://mmarcantoinee.github.io/survey-mit-spring-2026/images/renamed/visual_complex/cac526a6.JPEG
1088_zucchini_n07716358_19973_conf0.997342.JPEG,3a407280.JPEG,visual_complex,https://mmarcantoinee.github.io/survey-mit-spring-2026/images/renamed/visual_complex/3a407280.JPEG
1088_zucchini_n12159804_488_conf0.997198.JPEG,e9261a2a.JPEG,visual_complex,https://mmarcantoinee.github.io/survey-mit-spring-2026/images/renamed/visual_complex/e9261a2a.JPEG
1089_pecan_n07774719_16791_conf0.998165.JPEG,92f2816e.JPEG,visual_complex,https://mmarcantoinee.github.io/survey-mit-spring-2026/images/renamed/visual_complex/92f2816e.JPEG
1089_pecan_n07774719_1750_conf0.999483.JPEG,c2cd9dbf.JPEG,visual_complex,https://mmarcantoinee.github.io/survey-mit-spring-2026/images/renamed/visual_complex/c2cd9dbf.JPEG
1093_radish_n07735687_3995_conf0.998526.JPEG,3c6c3795.JPEG,visual_complex,https://mmarcantoinee.github.io/survey-mit-spring-2026/images/renamed/visual_complex/3c6c3795.JPEG
1093_radish_n11894327_1208_conf0.987139.JPEG,e664ed63.JPEG,visual_complex,https://mmarcantoinee.github.io/survey-mit-spring-2026/images/renamed/visual_complex/e664ed63.JPEG
1093_radish_n11895092_16424_conf0.985495.JPEG,e22ddb41.JPEG,visual_complex,https://mmarcantoinee.github.io/survey-mit-spring-2026/images/renamed/visual_complex/e22ddb41.JPEG
1096_onion_n07722217_14666_conf0.992548.JPEG,bd3200c9.JPEG,visual_complex,https://mmarcantoinee.github.io/survey-mit-spring-2026/images/renamed/visual_complex/bd3200c9.JPEG
1096_onion_n07722217_1935_conf0.995187.JPEG,d812dd43.JPEG,visual_complex,https://mmarcantoinee.github.io/survey-mit-spring-2026/images/renamed/visual_complex/d812dd43.JPEG
1096_onion_n07722888_132_conf0.982101.JPEG,e0668f32.JPEG,visual_complex,https://mmarcantoinee.github.io/survey-mit-spring-2026/images/renamed/visual_complex/e0668f32.JPEG
1096_onion_n07722888_4179_conf0.999797.JPEG,5442a31b.JPEG,visual_complex,https://mmarcantoinee.github.io/survey-mit-spring-2026/images/renamed/visual_complex/5442a31b.JPEG
1101_crayon_bing_crayon_0167_conf0.997962.jpg,7b609e07.jpg,visual_complex,https://mmarcantoinee.github.io/survey-mit-spring-2026/images/renamed/visual_complex/7b609e07.jpg
1101_crayon_n03128248_1012_conf0.999944.JPEG,96e2c93b.JPEG,visual_complex,https://mmarcantoinee.github.io/survey-mit-spring-2026/images/renamed/visual_complex/96e2c93b.JPEG
1101_crayon_n03128248_12343_conf0.999961.JPEG,c46c870f.JPEG,visual_complex,https://mmarcantoinee.github.io/survey-mit-spring-2026/images/renamed/visual_complex/c46c870f.JPEG
1101_crayon_n03128248_12857_conf0.996852.JPEG,5ee12056.JPEG,visual_complex,https://mmarcantoinee.github.io/survey-mit-spring-2026/images/renamed/visual_complex/5ee12056.JPEG
1101_crayon_n03128248_1696_conf0.994941.JPEG,9dbe2f6f.JPEG,visual_complex,https://mmarcantoinee.github.io/survey-mit-spring-2026/images/renamed/visual_complex/9dbe2f6f.JPEG
1101_crayon_n03128248_6454_conf0.999228.JPEG,1871b4a8.JPEG,visual_complex,https://mmarcantoinee.github.io/survey-mit-spring-2026/images/renamed/visual_complex/1871b4a8.JPEG
1101_crayon_n03128248_7157_conf0.999923.JPEG,a34a4ef2.JPEG,visual_complex,https://mmarcantoinee.github.io/survey-mit-spring-2026/images/renamed/visual_complex/a34a4ef2.JPEG
1112_canoe_n02843029_2750_conf0.981359.JPEG,e7a65e1b.JPEG,visual_complex,https://mmarcantoinee.github.io/survey-mit-spring-2026/images/renamed/visual_complex/e7a65e1b.JPEG
1112_canoe_n02951358_6268_conf0.993830.JPEG,9c36056d.JPEG,visual_complex,https://mmarcantoinee.github.io/survey-mit-spring-2026/images/renamed/visual_complex/9c36056d.JPEG
1112_canoe_n03254374_15258_conf0.988142.JPEG,6bb6b2ff.JPEG,visual_complex,https://mmarcantoinee.github.io/survey-mit-spring-2026/images/renamed/visual_complex/6bb6b2ff.JPEG
1112_canoe_n03254374_824_conf0.988239.JPEG,d8dcb3d1.JPEG,visual_complex,https://mmarcantoinee.github.io/survey-mit-spring-2026/images/renamed/visual_complex/d8dcb3d1.JPEG
1112_canoe_n03861430_1284_conf0.989815.JPEG,c7ab6fb2.JPEG,visual_complex,https://mmarcantoinee.github.io/survey-mit-spring-2026/images/renamed/visual_complex/c7ab6fb2.JPEG
1120_tunnel_bing_tunnel_0048_conf0.998822.jpg,19dcbbd1.jpg,visual_complex,https://mmarcantoinee.github.io/survey-mit-spring-2026/images/renamed/visual_complex/19dcbbd1.jpg
1120_tunnel_bing_tunnel_0091_conf0.990843.jpg,f858dc81.jpg,visual_complex,https://mmarcantoinee.github.io/survey-mit-spring-2026/images/renamed/visual_complex/f858dc81.jpg
1123_scissors_n03044934_13805_conf0.999048.JPEG,af064753.JPEG,visual_complex,https://mmarcantoinee.github.io/survey-mit-spring-2026/images/renamed/visual_complex/af064753.JPEG
1123_scissors_n04148054_1841_conf0.987585.JPEG,ba4133e1.JPEG,visual_complex,https://mmarcantoinee.github.io/survey-mit-spring-2026/images/renamed/visual_complex/ba4133e1.JPEG
1125_cork_bing_cork_0007_conf0.999098.jpg,6752beae.jpg,visual_complex,https://mmarcantoinee.github.io/survey-mit-spring-2026/images/renamed/visual_complex/6752beae.jpg
1125_cork_n03108853_15445_conf0.995972.JPEG,02c5185b.JPEG,visual_complex,https://mmarcantoinee.github.io/survey-mit-spring-2026/images/renamed/visual_complex/02c5185b.JPEG
1129_zebra_n02391234_2427_conf0.999999.JPEG,8bd1862d.JPEG,visual_complex,https://mmarcantoinee.github.io/survey-mit-spring-2026/images/renamed/visual_complex/8bd1862d.JPEG
1129_zebra_n02391373_553_conf0.999997.JPEG,d3e95254.JPEG,visual_complex,https://mmarcantoinee.github.io/survey-mit-spring-2026/images/renamed/visual_complex/d3e95254.JPEG
1130_kangaroo_n01877134_4874_conf0.983769.JPEG,e4fcb7f4.JPEG,visual_complex,https://mmarcantoinee.github.io/survey-mit-spring-2026/images/renamed/visual_complex/e4fcb7f4.JPEG
1135_hamster_n02342885_3971_conf0.980404.JPEG,f459147d.JPEG,visual_complex,https://mmarcantoinee.github.io/survey-mit-spring-2026/images/renamed/visual_complex/f459147d.JPEG
1135_hamster_n02343320_518_conf0.994130.JPEG,33cfd762.JPEG,visual_complex,https://mmarcantoinee.github.io/survey-mit-spring-2026/images/renamed/visual_complex/33cfd762.JPEG
1137_missile_bing_missile_0042_conf0.999770.jpg,842ed53e.jpg,visual_complex,https://mmarcantoinee.github.io/survey-mit-spring-2026/images/renamed/visual_complex/842ed53e.jpg
1137_missile_bing_missile_0116_conf0.988066.jpg,56fa104d.jpg,visual_complex,https://mmarcantoinee.github.io/survey-mit-spring-2026/images/renamed/visual_complex/56fa104d.jpg
1137_missile_bing_missile_0221_conf0.999436.jpg,82270605.jpg,visual_complex,https://mmarcantoinee.github.io/survey-mit-spring-2026/images/renamed/visual_complex/82270605.jpg
1137_missile_n03140771_2527_conf0.999819.JPEG,adcc8880.JPEG,visual_complex,https://mmarcantoinee.github.io/survey-mit-spring-2026/images/renamed/visual_complex/adcc8880.JPEG
1137_missile_n03140771_934_conf0.999613.JPEG,52938b67.JPEG,visual_complex,https://mmarcantoinee.github.io/survey-mit-spring-2026/images/renamed/visual_complex/52938b67.JPEG
1137_missile_n03466162_3145_conf0.981804.JPEG,48052439.JPEG,visual_complex,https://mmarcantoinee.github.io/survey-mit-spring-2026/images/renamed/visual_complex/48052439.JPEG
1137_missile_n03578251_7513_conf0.997317.JPEG,d2eb3e6c.JPEG,visual_complex,https://mmarcantoinee.github.io/survey-mit-spring-2026/images/renamed/visual_complex/d2eb3e6c.JPEG
1139_dishwasher_bing_dishwasher_0286_conf0.980737.jpg,ed6fdc9a.jpg,visual_complex,https://mmarcantoinee.github.io/survey-mit-spring-2026/images/renamed/visual_complex/ed6fdc9a.jpg
1139_dishwasher_n03207941_9271_conf0.982979.JPEG,5ede3768.JPEG,visual_complex,https://mmarcantoinee.github.io/survey-mit-spring-2026/images/renamed/visual_complex/5ede3768.JPEG
1146_bamboo_n12147835_5281_conf0.998674.JPEG,d50d4fcc.JPEG,visual_complex,https://mmarcantoinee.github.io/survey-mit-spring-2026/images/renamed/visual_complex/d50d4fcc.JPEG
1154_otter_n02444819_1220_conf0.999922.JPEG,95bac3c8.JPEG,visual_complex,https://mmarcantoinee.github.io/survey-mit-spring-2026/images/renamed/visual_complex/95bac3c8.JPEG
1154_otter_n02444819_2106_conf0.992270.JPEG,bb4b36f2.JPEG,visual_complex,https://mmarcantoinee.github.io/survey-mit-spring-2026/images/renamed/visual_complex/bb4b36f2.JPEG
1156_nacho_n07712959_3186_conf0.996491.JPEG,c1d66d76.JPEG,visual_complex,https://mmarcantoinee.github.io/survey-mit-spring-2026/images/renamed/visual_complex/c1d66d76.JPEG
1156_nacho_n07712959_423_conf0.992920.JPEG,a9999afd.JPEG,visual_complex,https://mmarcantoinee.github.io/survey-mit-spring-2026/images/renamed/visual_complex/a9999afd.JPEG
1157_calculator_n03483823_8332_conf0.999780.JPEG,eaaf5811.JPEG,visual_complex,https://mmarcantoinee.github.io/survey-mit-spring-2026/images/renamed/visual_complex/eaaf5811.JPEG
1158_fence_n03000134_2225_conf0.999836.JPEG,6d8d5a0f.JPEG,visual_complex,https://mmarcantoinee.github.io/survey-mit-spring-2026/images/renamed/visual_complex/6d8d5a0f.JPEG
1158_fence_n04046974_3956_conf0.999020.JPEG,47a1cf4e.JPEG,visual_complex,https://mmarcantoinee.github.io/survey-mit-spring-2026/images/renamed/visual_complex/47a1cf4e.JPEG
1166_stethoscope_bing_estetoscopio_0013_conf0.999534.jpg,a7f7037f.jpg,visual_complex,https://mmarcantoinee.github.io/survey-mit-spring-2026/images/renamed/visual_complex/a7f7037f.jpg
1176_library_n03660909_1893_conf0.981240.JPEG,edc4a268.JPEG,visual_complex,https://mmarcantoinee.github.io/survey-mit-spring-2026/images/renamed/visual_complex/edc4a268.JPEG
1176_library_n03661043_1144_conf0.999797.JPEG,d5b789af.JPEG,visual_complex,https://mmarcantoinee.github.io/survey-mit-spring-2026/images/renamed/visual_complex/d5b789af.JPEG
1176_library_n03661043_17473_conf0.999386.JPEG,bc6b6093.JPEG,visual_complex,https://mmarcantoinee.github.io/survey-mit-spring-2026/images/renamed/visual_complex/bc6b6093.JPEG
1185_tadpole_bing_tadpole_0098_conf0.992698.jpg,b4c61a25.jpg,visual_complex,https://mmarcantoinee.github.io/survey-mit-spring-2026/images/renamed/visual_complex/b4c61a25.jpg
1185_tadpole_n02469472_9382_conf0.989590.JPEG,62fc9bd5.JPEG,visual_complex,https://mmarcantoinee.github.io/survey-mit-spring-2026/images/renamed/visual_complex/62fc9bd5.JPEG
1188_dollhouse_bing_casa_de_munecas_0057_conf0.999928.jpg,9a109870.jpg,visual_complex,https://mmarcantoinee.github.io/survey-mit-spring-2026/images/renamed/visual_complex/9a109870.jpg
1188_dollhouse_n03219483_13566_conf0.993590.JPEG,b7c8c18c.JPEG,visual_complex,https://mmarcantoinee.github.io/survey-mit-spring-2026/images/renamed/visual_complex/b7c8c18c.JPEG
1200_guava_n07765361_8442_conf0.997475.JPEG,e8286ff2.JPEG,visual_complex,https://mmarcantoinee.github.io/survey-mit-spring-2026/images/renamed/visual_complex/e8286ff2.JPEG
1200_guava_n12333530_1084_conf0.984659.JPEG,6566f6d8.JPEG,visual_complex,https://mmarcantoinee.github.io/survey-mit-spring-2026/images/renamed/visual_complex/6566f6d8.JPEG
1200_guava_n12333771_8241_conf0.982153.JPEG,b7e8aac5.JPEG,visual_complex,https://mmarcantoinee.github.io/survey-mit-spring-2026/images/renamed/visual_complex/b7e8aac5.JPEG
1202_pomegranate_n07768694_10094_conf0.999999.JPEG,92347cb4.JPEG,visual_complex,https://mmarcantoinee.github.io/survey-mit-spring-2026/images/renamed/visual_complex/92347cb4.JPEG
1202_pomegranate_n07768694_12059_conf0.999964.JPEG,ff5f0fe6.JPEG,visual_complex,https://mmarcantoinee.github.io/survey-mit-spring-2026/images/renamed/visual_complex/ff5f0fe6.JPEG
1202_pomegranate_n07768694_15674_conf0.987018.JPEG,3a8fea95.JPEG,visual_complex,https://mmarcantoinee.github.io/survey-mit-spring-2026/images/renamed/visual_complex/3a8fea95.JPEG
1202_pomegranate_n07768694_1826_conf0.997332.JPEG,2f48d09c.JPEG,visual_complex,https://mmarcantoinee.github.io/survey-mit-spring-2026/images/renamed/visual_complex/2f48d09c.JPEG
1202_pomegranate_n07768694_3816_conf0.985261.JPEG,32eda63b.JPEG,visual_complex,https://mmarcantoinee.github.io/survey-mit-spring-2026/images/renamed/visual_complex/32eda63b.JPEG
1202_pomegranate_n07768694_6400_conf0.999089.JPEG,1da539ce.JPEG,visual_complex,https://mmarcantoinee.github.io/survey-mit-spring-2026/images/renamed/visual_complex/1da539ce.JPEG
1202_pomegranate_n07768694_7471_conf0.991635.JPEG,66d97dd5.JPEG,visual_complex,https://mmarcantoinee.github.io/survey-mit-spring-2026/images/renamed/visual_complex/66d97dd5.JPEG
1202_pomegranate_n07768694_7897_conf0.994502.JPEG,13cb34ed.JPEG,visual_complex,https://mmarcantoinee.github.io/survey-mit-spring-2026/images/renamed/visual_complex/13cb34ed.JPEG
1202_pomegranate_n07768694_9520_conf0.987442.JPEG,e69ebe8e.JPEG,visual_complex,https://mmarcantoinee.github.io/survey-mit-spring-2026/images/renamed/visual_complex/e69ebe8e.JPEG
1202_pomegranate_n12345280_5504_conf0.998588.JPEG,f751240c.JPEG,visual_complex,https://mmarcantoinee.github.io/survey-mit-spring-2026/images/renamed/visual_complex/f751240c.JPEG
1205_tamale_n07879659_7240_conf0.982889.JPEG,0b9c068c.JPEG,visual_complex,https://mmarcantoinee.github.io/survey-mit-spring-2026/images/renamed/visual_complex/0b9c068c.JPEG
1205_tamale_n07879659_9358_conf0.998744.JPEG,181e97eb.JPEG,visual_complex,https://mmarcantoinee.github.io/survey-mit-spring-2026/images/renamed/visual_complex/181e97eb.JPEG
1220_plum_n07751451_26493_conf0.999182.JPEG,ba23e249.JPEG,visual_complex,https://mmarcantoinee.github.io/survey-mit-spring-2026/images/renamed/visual_complex/ba23e249.JPEG
1220_plum_n07751451_6442_conf0.998317.JPEG,9b172e85.JPEG,visual_complex,https://mmarcantoinee.github.io/survey-mit-spring-2026/images/renamed/visual_complex/9b172e85.JPEG
1220_plum_n12638218_20217_conf0.999514.JPEG,134f9681.JPEG,visual_complex,https://mmarcantoinee.github.io/survey-mit-spring-2026/images/renamed/visual_complex/134f9681.JPEG
1222_oyster_flickr_oyster_0422_conf0.999346.jpg,799f341b.jpg,visual_complex,https://mmarcantoinee.github.io/survey-mit-spring-2026/images/renamed/visual_complex/799f341b.jpg
1222_oyster_n01960459_10602_conf0.992967.JPEG,535ca634.JPEG,visual_complex,https://mmarcantoinee.github.io/survey-mit-spring-2026/images/renamed/visual_complex/535ca634.JPEG
1222_oyster_n01960459_16283_conf0.997591.JPEG,55f51093.JPEG,visual_complex,https://mmarcantoinee.github.io/survey-mit-spring-2026/images/renamed/visual_complex/55f51093.JPEG
1222_oyster_n01960459_19344_conf0.999955.JPEG,d79b27f8.JPEG,visual_complex,https://mmarcantoinee.github.io/survey-mit-spring-2026/images/renamed/visual_complex/d79b27f8.JPEG
1222_oyster_n01960459_6656_conf0.999703.JPEG,c0282cd7.JPEG,visual_complex,https://mmarcantoinee.github.io/survey-mit-spring-2026/images/renamed/visual_complex/c0282cd7.JPEG
1223_cinnamon_n07814390_2002_conf0.995958.JPEG,866c582d.JPEG,visual_complex,https://mmarcantoinee.github.io/survey-mit-spring-2026/images/renamed/visual_complex/866c582d.JPEG
1223_cinnamon_n07814390_8567_conf0.999999.JPEG,e71b32f2.JPEG,visual_complex,https://mmarcantoinee.github.io/survey-mit-spring-2026/images/renamed/visual_complex/e71b32f2.JPEG
1223_cinnamon_n07814390_885_conf0.999846.JPEG,5efb5ffa.JPEG,visual_complex,https://mmarcantoinee.github.io/survey-mit-spring-2026/images/renamed/visual_complex/5efb5ffa.JPEG
1223_cinnamon_n11705387_5600_conf0.999942.JPEG,9bf0262f.JPEG,visual_complex,https://mmarcantoinee.github.io/survey-mit-spring-2026/images/renamed/visual_complex/9bf0262f.JPEG
1225_bandage_n02785648_5151_conf0.999400.JPEG,011145b9.JPEG,visual_complex,https://mmarcantoinee.github.io/survey-mit-spring-2026/images/renamed/visual_complex/011145b9.JPEG
1225_bandage_n03082656_7736_conf0.980512.JPEG,55bcba62.JPEG,visual_complex,https://mmarcantoinee.github.io/survey-mit-spring-2026/images/renamed/visual_complex/55bcba62.JPEG
1225_bandage_n03430091_13933_conf0.991517.JPEG,df05aace.JPEG,visual_complex,https://mmarcantoinee.github.io/survey-mit-spring-2026/images/renamed/visual_complex/df05aace.JPEG
1225_bandage_n04101860_965_conf0.999770.JPEG,029d44e2.JPEG,visual_complex,https://mmarcantoinee.github.io/survey-mit-spring-2026/images/renamed/visual_complex/029d44e2.JPEG
1235_mistletoe_bing_mistletoe_0057_conf0.999996.jpg,1f0a0ef6.jpg,visual_complex,https://mmarcantoinee.github.io/survey-mit-spring-2026/images/renamed/visual_complex/1f0a0ef6.jpg
1235_mistletoe_n12739332_11747_conf0.986261.JPEG,d8aa569f.JPEG,visual_complex,https://mmarcantoinee.github.io/survey-mit-spring-2026/images/renamed/visual_complex/d8aa569f.JPEG
1235_mistletoe_n12739332_12752_conf0.999997.JPEG,6422aa18.JPEG,visual_complex,https://mmarcantoinee.github.io/survey-mit-spring-2026/images/renamed/visual_complex/6422aa18.JPEG
1245_custard_n07619004_6193_conf0.988462.JPEG,645067ac.JPEG,visual_complex,https://mmarcantoinee.github.io/survey-mit-spring-2026/images/renamed/visual_complex/645067ac.JPEG
1245_custard_n07619208_142_conf0.998682.JPEG,2b71f135.JPEG,visual_complex,https://mmarcantoinee.github.io/survey-mit-spring-2026/images/renamed/visual_complex/2b71f135.JPEG
1245_custard_n07619409_3969_conf0.999711.JPEG,ddd2d89d.JPEG,visual_complex,https://mmarcantoinee.github.io/survey-mit-spring-2026/images/renamed/visual_complex/ddd2d89d.JPEG
1245_custard_n07619409_4046_conf0.998932.JPEG,2eef4838.JPEG,visual_complex,https://mmarcantoinee.github.io/survey-mit-spring-2026/images/renamed/visual_complex/2eef4838.JPEG
1247_wristwatch_n04607869_16481_conf0.980910.JPEG,7a805645.JPEG,visual_complex,https://mmarcantoinee.github.io/survey-mit-spring-2026/images/renamed/visual_complex/7a805645.JPEG
1247_wristwatch_n04607869_702_conf0.999829.JPEG,9ed00a49.JPEG,visual_complex,https://mmarcantoinee.github.io/survey-mit-spring-2026/images/renamed/visual_complex/9ed00a49.JPEG
1247_wristwatch_n04607869_752_conf0.989013.JPEG,37d2d70e.JPEG,visual_complex,https://mmarcantoinee.github.io/survey-mit-spring-2026/images/renamed/visual_complex/37d2d70e.JPEG
1248_corkscrew_n03109150_12319_conf0.995433.JPEG,443c9ef1.JPEG,visual_complex,https://mmarcantoinee.github.io/survey-mit-spring-2026/images/renamed/visual_complex/443c9ef1.JPEG
1254_kebab_n07869775_19867_conf0.991906.JPEG,4ad51252.JPEG,visual_complex,https://mmarcantoinee.github.io/survey-mit-spring-2026/images/renamed/visual_complex/4ad51252.JPEG
1254_kebab_n07869775_22722_conf0.995971.JPEG,850d14fb.JPEG,visual_complex,https://mmarcantoinee.github.io/survey-mit-spring-2026/images/renamed/visual_complex/850d14fb.JPEG
1254_kebab_n07869775_8272_conf0.991996.JPEG,8d62d9bf.JPEG,visual_complex,https://mmarcantoinee.github.io/survey-mit-spring-2026/images/renamed/visual_complex/8d62d9bf.JPEG
1255_granola_bing_granola_0166_conf0.998155.jpg,5f63b701.jpg,visual_complex,https://mmarcantoinee.github.io/survey-mit-spring-2026/images/renamed/visual_complex/5f63b701.jpg
1259_gargoyle_bing_gargoyle_0069_conf0.984258.jpg,5f363056.jpg,visual_complex,https://mmarcantoinee.github.io/survey-mit-spring-2026/images/renamed/visual_complex/5f363056.jpg
1259_gargoyle_n03418618_1192_conf0.994894.JPEG,ea5d2b4c.JPEG,visual_complex,https://mmarcantoinee.github.io/survey-mit-spring-2026/images/renamed/visual_complex/ea5d2b4c.JPEG
1259_gargoyle_n03418618_2056_conf0.991902.JPEG,62c0ae7a.JPEG,visual_complex,https://mmarcantoinee.github.io/survey-mit-spring-2026/images/renamed/visual_complex/62c0ae7a.JPEG
1259_gargoyle_n03418618_6763_conf0.999570.JPEG,5102c153.JPEG,visual_complex,https://mmarcantoinee.github.io/survey-mit-spring-2026/images/renamed/visual_complex/5102c153.JPEG
1264_mantis_n02236044_15211_conf0.992775.JPEG,3e22d137.JPEG,visual_complex,https://mmarcantoinee.github.io/survey-mit-spring-2026/images/renamed/visual_complex/3e22d137.JPEG
1264_mantis_n02236241_1233_conf0.999797.JPEG,7c371179.JPEG,visual_complex,https://mmarcantoinee.github.io/survey-mit-spring-2026/images/renamed/visual_complex/7c371179.JPEG
1264_mantis_n02236241_8193_conf0.998559.JPEG,f82a3833.JPEG,visual_complex,https://mmarcantoinee.github.io/survey-mit-spring-2026/images/renamed/visual_complex/f82a3833.JPEG
1282_parsnip_n07735404_5292_conf0.982091.JPEG,cae0c4fc.JPEG,visual_complex,https://mmarcantoinee.github.io/survey-mit-spring-2026/images/renamed/visual_complex/cae0c4fc.JPEG
1282_parsnip_n07735404_8827_conf0.998401.JPEG,ed9ea69d.JPEG,visual_complex,https://mmarcantoinee.github.io/survey-mit-spring-2026/images/renamed/visual_complex/ed9ea69d.JPEG
1294_curtain_flickr_curtain_0359_conf0.998056.jpg,44b8a994.jpg,visual_complex,https://mmarcantoinee.github.io/survey-mit-spring-2026/images/renamed/visual_complex/44b8a994.jpg
1294_curtain_n03246454_27768_conf0.994304.JPEG,709ca8ed.JPEG,visual_complex,https://mmarcantoinee.github.io/survey-mit-spring-2026/images/renamed/visual_complex/709ca8ed.JPEG
1294_curtain_n04126541_4767_conf0.999863.JPEG,82c5e70e.JPEG,visual_complex,https://mmarcantoinee.github.io/survey-mit-spring-2026/images/renamed/visual_complex/82c5e70e.JPEG
1294_curtain_n04418357_5591_conf0.998829.JPEG,367ed04d.JPEG,visual_complex,https://mmarcantoinee.github.io/survey-mit-spring-2026/images/renamed/visual_complex/367ed04d.JPEG
1297_crown_n03138669_12009_conf0.983601.JPEG,edce6ced.JPEG,visual_complex,https://mmarcantoinee.github.io/survey-mit-spring-2026/images/renamed/visual_complex/edce6ced.JPEG
1297_crown_n03138669_17978_conf0.999927.JPEG,bc827a14.JPEG,visual_complex,https://mmarcantoinee.github.io/survey-mit-spring-2026/images/renamed/visual_complex/bc827a14.JPEG
1297_crown_n03139464_4065_conf1.000000.JPEG,cb852205.JPEG,visual_complex,https://mmarcantoinee.github.io/survey-mit-spring-2026/images/renamed/visual_complex/cb852205.JPEG
1297_crown_n03139464_4255_conf0.992731.JPEG,88af7879.JPEG,visual_complex,https://mmarcantoinee.github.io/survey-mit-spring-2026/images/renamed/visual_complex/88af7879.JPEG
1305_lemonade_n07926250_19187_conf0.988989.JPEG,372d2e79.JPEG,visual_complex,https://mmarcantoinee.github.io/survey-mit-spring-2026/images/renamed/visual_complex/372d2e79.JPEG
1305_lemonade_n07926250_3532_conf0.982184.JPEG,8f574c44.JPEG,visual_complex,https://mmarcantoinee.github.io/survey-mit-spring-2026/images/renamed/visual_complex/8f574c44.JPEG
1306_wolf_n02114100_11680_conf0.990158.JPEG,4ebbeba7.JPEG,visual_complex,https://mmarcantoinee.github.io/survey-mit-spring-2026/images/renamed/visual_complex/4ebbeba7.JPEG
1306_wolf_n02114100_1823_conf0.985400.JPEG,73cff8dc.JPEG,visual_complex,https://mmarcantoinee.github.io/survey-mit-spring-2026/images/renamed/visual_complex/73cff8dc.JPEG
1306_wolf_n02114100_2326_conf0.992073.JPEG,34d39a6f.JPEG,visual_complex,https://mmarcantoinee.github.io/survey-mit-spring-2026/images/renamed/visual_complex/34d39a6f.JPEG
1307_bugle_n02793089_1850_conf0.999894.JPEG,1294eaf7.JPEG,visual_complex,https://mmarcantoinee.github.io/survey-mit-spring-2026/images/renamed/visual_complex/1294eaf7.JPEG
1307_bugle_n02793089_18826_conf0.992748.JPEG,a91d47f1.JPEG,visual_complex,https://mmarcantoinee.github.io/survey-mit-spring-2026/images/renamed/visual_complex/a91d47f1.JPEG
1309_graveyard_bing_friedhof_0852_conf0.987567.jpg,95e365de.jpg,visual_complex,https://mmarcantoinee.github.io/survey-mit-spring-2026/images/renamed/visual_complex/95e365de.jpg
1309_graveyard_n08521623_34952_conf1.000000.JPEG,fb51af2c.JPEG,visual_complex,https://mmarcantoinee.github.io/survey-mit-spring-2026/images/renamed/visual_complex/fb51af2c.JPEG
1309_graveyard_n08521623_873_conf0.999933.JPEG,fd752e28.JPEG,visual_complex,https://mmarcantoinee.github.io/survey-mit-spring-2026/images/renamed/visual_complex/fd752e28.JPEG
1320_tumbleweed_bing_tumbleweed_0074_conf0.990332.jpg,b60d86c4.jpg,visual_complex,https://mmarcantoinee.github.io/survey-mit-spring-2026/images/renamed/visual_complex/b60d86c4.jpg
1320_tumbleweed_n12554911_6333_conf0.993770.JPEG,462ea0bb.JPEG,visual_complex,https://mmarcantoinee.github.io/survey-mit-spring-2026/images/renamed/visual_complex/462ea0bb.JPEG
1320_tumbleweed_n12554911_879_conf0.992006.JPEG,b9f72173.JPEG,visual_complex,https://mmarcantoinee.github.io/survey-mit-spring-2026/images/renamed/visual_complex/b9f72173.JPEG
1335_dragonfly_n02268443_14638_conf0.989311.JPEG,c0a05176.JPEG,visual_complex,https://mmarcantoinee.github.io/survey-mit-spring-2026/images/renamed/visual_complex/c0a05176.JPEG
1335_dragonfly_n02268443_23283_conf0.994119.JPEG,23af3d02.JPEG,visual_complex,https://mmarcantoinee.github.io/survey-mit-spring-2026/images/renamed/visual_complex/23af3d02.JPEG
1335_dragonfly_n02268443_38238_conf0.999879.JPEG,38658a07.JPEG,visual_complex,https://mmarcantoinee.github.io/survey-mit-spring-2026/images/renamed/visual_complex/38658a07.JPEG
1335_dragonfly_n02268443_38377_conf0.991280.JPEG,7ccfd752.JPEG,visual_complex,https://mmarcantoinee.github.io/survey-mit-spring-2026/images/renamed/visual_complex/7ccfd752.JPEG
1335_dragonfly_n02268443_40580_conf0.999886.JPEG,10826f68.JPEG,visual_complex,https://mmarcantoinee.github.io/survey-mit-spring-2026/images/renamed/visual_complex/10826f68.JPEG
1335_dragonfly_n02268443_7964_conf0.999220.JPEG,5673f4dd.JPEG,visual_complex,https://mmarcantoinee.github.io/survey-mit-spring-2026/images/renamed/visual_complex/5673f4dd.JPEG
1335_dragonfly_n02268443_8287_conf0.990876.JPEG,a171e69f.JPEG,visual_complex,https://mmarcantoinee.github.io/survey-mit-spring-2026/images/renamed/visual_complex/a171e69f.JPEG
1338_flag_bing_flag_0011_conf0.999997.jpg,f0f95c44.jpg,visual_complex,https://mmarcantoinee.github.io/survey-mit-spring-2026/images/renamed/visual_complex/f0f95c44.jpg
1338_flag_n03354903_11777_conf0.997303.JPEG,5bff1eee.JPEG,visual_complex,https://mmarcantoinee.github.io/survey-mit-spring-2026/images/renamed/visual_complex/5bff1eee.JPEG
1338_flag_n03354903_24406_conf0.997708.JPEG,563f655c.JPEG,visual_complex,https://mmarcantoinee.github.io/survey-mit-spring-2026/images/renamed/visual_complex/563f655c.JPEG
1338_flag_n03354903_26890_conf0.999973.JPEG,2b742ccf.JPEG,visual_complex,https://mmarcantoinee.github.io/survey-mit-spring-2026/images/renamed/visual_complex/2b742ccf.JPEG
1338_flag_n03354903_3792_conf0.998554.JPEG,26245d0d.JPEG,visual_complex,https://mmarcantoinee.github.io/survey-mit-spring-2026/images/renamed/visual_complex/26245d0d.JPEG
1338_flag_n03354903_42282_conf0.999986.JPEG,dae9c49f.JPEG,visual_complex,https://mmarcantoinee.github.io/survey-mit-spring-2026/images/renamed/visual_complex/dae9c49f.JPEG
1338_flag_n03354903_5113_conf0.998801.JPEG,888f36af.JPEG,visual_complex,https://mmarcantoinee.github.io/survey-mit-spring-2026/images/renamed/visual_complex/888f36af.JPEG
1338_flag_n03354903_6456_conf0.999999.JPEG,3d2fb677.JPEG,visual_complex,https://mmarcantoinee.github.io/survey-mit-spring-2026/images/renamed/visual_complex/3d2fb677.JPEG
1345_mushroom_n13001366_2857_conf0.999130.JPEG,1699262d.JPEG,visual_complex,https://mmarcantoinee.github.io/survey-mit-spring-2026/images/renamed/visual_complex/1699262d.JPEG
1346_beetle_n02164464_12309_conf0.987910.JPEG,8dc297aa.JPEG,visual_complex,https://mmarcantoinee.github.io/survey-mit-spring-2026/images/renamed/visual_complex/8dc297aa.JPEG
1346_beetle_n02165456_11477_conf0.998228.JPEG,9b0fa0ad.JPEG,visual_complex,https://mmarcantoinee.github.io/survey-mit-spring-2026/images/renamed/visual_complex/9b0fa0ad.JPEG
1346_beetle_n02165456_2508_conf0.999793.JPEG,855190cb.JPEG,visual_complex,https://mmarcantoinee.github.io/survey-mit-spring-2026/images/renamed/visual_complex/855190cb.JPEG
1346_beetle_n02172870_14681_conf0.998395.JPEG,2369ae65.JPEG,visual_complex,https://mmarcantoinee.github.io/survey-mit-spring-2026/images/renamed/visual_complex/2369ae65.JPEG
1357_sloth_n02456962_4841_conf0.988069.JPEG,dc8790ca.JPEG,visual_complex,https://mmarcantoinee.github.io/survey-mit-spring-2026/images/renamed/visual_complex/dc8790ca.JPEG
1357_sloth_n02456962_902_conf0.996713.JPEG,b57b01a2.JPEG,visual_complex,https://mmarcantoinee.github.io/survey-mit-spring-2026/images/renamed/visual_complex/b57b01a2.JPEG
1357_sloth_n02458135_22_conf0.999923.JPEG,19fad61c.JPEG,visual_complex,https://mmarcantoinee.github.io/survey-mit-spring-2026/images/renamed/visual_complex/19fad61c.JPEG
1364_dough_n07860988_14097_conf0.981623.JPEG,8b6fd787.JPEG,visual_complex,https://mmarcantoinee.github.io/survey-mit-spring-2026/images/renamed/visual_complex/8b6fd787.JPEG
1364_dough_n07861158_4507_conf0.983576.JPEG,caabe65c.JPEG,visual_complex,https://mmarcantoinee.github.io/survey-mit-spring-2026/images/renamed/visual_complex/caabe65c.JPEG
1367_sphinx_bing_esfinge_0189_conf1.000000.jpg,ebbba5fb.jpg,visual_complex,https://mmarcantoinee.github.io/survey-mit-spring-2026/images/renamed/visual_complex/ebbba5fb.jpg
1367_sphinx_bing_esfinge_0326_conf1.000000.jpg,4a6335cf.jpg,visual_complex,https://mmarcantoinee.github.io/survey-mit-spring-2026/images/renamed/visual_complex/4a6335cf.jpg
1367_sphinx_bing_sphinx_0004_conf1.000000.jpg,dcd7967a.jpg,visual_complex,https://mmarcantoinee.github.io/survey-mit-spring-2026/images/renamed/visual_complex/dcd7967a.jpg
1367_sphinx_bing_sphinx_0050_conf1.000000.jpg,312f5bcd.jpg,visual_complex,https://mmarcantoinee.github.io/survey-mit-spring-2026/images/renamed/visual_complex/312f5bcd.jpg
1367_sphinx_bing_sphinx_0133_conf0.999997.jpg,e24bdd27.jpg,visual_complex,https://mmarcantoinee.github.io/survey-mit-spring-2026/images/renamed/visual_complex/e24bdd27.jpg
1367_sphinx_bing_sphinx_0250_conf0.999999.jpg,8c823702.jpg,visual_complex,https://mmarcantoinee.github.io/survey-mit-spring-2026/images/renamed/visual_complex/8c823702.jpg
1367_sphinx_n10635788_10189_conf0.999809.JPEG,d18bc517.JPEG,visual_complex,https://mmarcantoinee.github.io/survey-mit-spring-2026/images/renamed/visual_complex/d18bc517.JPEG
1367_sphinx_n10635788_13026_conf0.998330.JPEG,49f30179.JPEG,visual_complex,https://mmarcantoinee.github.io/survey-mit-spring-2026/images/renamed/visual_complex/49f30179.JPEG
1367_sphinx_n10635788_13591_conf0.999991.JPEG,092f54d7.JPEG,visual_complex,https://mmarcantoinee.github.io/survey-mit-spring-2026/images/renamed/visual_complex/092f54d7.JPEG
1367_sphinx_n10635788_15004_conf1.000000.JPEG,af6d9b08.JPEG,visual_complex,https://mmarcantoinee.github.io/survey-mit-spring-2026/images/renamed/visual_complex/af6d9b08.JPEG
1367_sphinx_n10635788_5001_conf1.000000.JPEG,17d41349.JPEG,visual_complex,https://mmarcantoinee.github.io/survey-mit-spring-2026/images/renamed/visual_complex/17d41349.JPEG
1367_sphinx_n10635788_5809_conf1.000000.JPEG,7e348e94.JPEG,visual_complex,https://mmarcantoinee.github.io/survey-mit-spring-2026/images/renamed/visual_complex/7e348e94.JPEG
1367_sphinx_n10635788_6477_conf0.996070.JPEG,fe3a6c97.JPEG,visual_complex,https://mmarcantoinee.github.io/survey-mit-spring-2026/images/renamed/visual_complex/fe3a6c97.JPEG
1374_canyon_n09233446_11427_conf0.992597.JPEG,013321fa.JPEG,visual_complex,https://mmarcantoinee.github.io/survey-mit-spring-2026/images/renamed/visual_complex/013321fa.JPEG
1374_canyon_n09233446_25240_conf0.999986.JPEG,33dc16a3.JPEG,visual_complex,https://mmarcantoinee.github.io/survey-mit-spring-2026/images/renamed/visual_complex/33dc16a3.JPEG
1374_canyon_n09233446_26344_conf0.999629.JPEG,86755e47.JPEG,visual_complex,https://mmarcantoinee.github.io/survey-mit-spring-2026/images/renamed/visual_complex/86755e47.JPEG
1374_canyon_n09233446_3526_conf1.000000.JPEG,6ea3c115.JPEG,visual_complex,https://mmarcantoinee.github.io/survey-mit-spring-2026/images/renamed/visual_complex/6ea3c115.JPEG
1374_canyon_n09233446_4136_conf0.999998.JPEG,878b8eec.JPEG,visual_complex,https://mmarcantoinee.github.io/survey-mit-spring-2026/images/renamed/visual_complex/878b8eec.JPEG
1374_canyon_n09233446_7474_conf0.998857.JPEG,475e6cd0.JPEG,visual_complex,https://mmarcantoinee.github.io/survey-mit-spring-2026/images/renamed/visual_complex/475e6cd0.JPEG
1374_canyon_n09233446_7575_conf0.999780.JPEG,35ebe221.JPEG,visual_complex,https://mmarcantoinee.github.io/survey-mit-spring-2026/images/renamed/visual_complex/35ebe221.JPEG
1375_iguana_n01677747_4371_conf0.999997.JPEG,25e353ee.JPEG,visual_complex,https://mmarcantoinee.github.io/survey-mit-spring-2026/images/renamed/visual_complex/25e353ee.JPEG
1375_iguana_n01677747_5957_conf0.994065.JPEG,8b717a88.JPEG,visual_complex,https://mmarcantoinee.github.io/survey-mit-spring-2026/images/renamed/visual_complex/8b717a88.JPEG
1379_chalice_bing_calice_0008_conf0.988370.jpg,a1f3e26f.jpg,visual_complex,https://mmarcantoinee.github.io/survey-mit-spring-2026/images/renamed/visual_complex/a1f3e26f.jpg
1379_chalice_bing_chalice_0003_conf1.000000.jpg,dc20d0cc.jpg,visual_complex,https://mmarcantoinee.github.io/survey-mit-spring-2026/images/renamed/visual_complex/dc20d0cc.jpg
1379_chalice_bing_chalice_0122_conf0.993258.jpg,07b24796.jpg,visual_complex,https://mmarcantoinee.github.io/survey-mit-spring-2026/images/renamed/visual_complex/07b24796.jpg
1379_chalice_n03002948_9884_conf0.999549.JPEG,7436b098.JPEG,visual_complex,https://mmarcantoinee.github.io/survey-mit-spring-2026/images/renamed/visual_complex/7436b098.JPEG
1391_hairpin_n02860640_8655_conf0.999959.JPEG,cd6e0c5e.JPEG,visual_complex,https://mmarcantoinee.github.io/survey-mit-spring-2026/images/renamed/visual_complex/cd6e0c5e.JPEG
1394_aloe_n12476510_7021_conf0.999999.JPEG,0d7637a9.JPEG,visual_complex,https://mmarcantoinee.github.io/survey-mit-spring-2026/images/renamed/visual_complex/0d7637a9.JPEG
1394_aloe_n12477163_144_conf0.998710.JPEG,3a4389c1.JPEG,visual_complex,https://mmarcantoinee.github.io/survey-mit-spring-2026/images/renamed/visual_complex/3a4389c1.JPEG
1403_platypus_n01873310_19691_conf0.999926.JPEG,d058301c.JPEG,visual_complex,https://mmarcantoinee.github.io/survey-mit-spring-2026/images/renamed/visual_complex/d058301c.JPEG
1403_platypus_n01873310_9688_conf0.998783.JPEG,61c204b3.JPEG,visual_complex,https://mmarcantoinee.github.io/survey-mit-spring-2026/images/renamed/visual_complex/61c204b3.JPEG
1418_casino_n03413428_31632_conf0.999847.JPEG,022a33f6.JPEG,visual_complex,https://mmarcantoinee.github.io/survey-mit-spring-2026/images/renamed/visual_complex/022a33f6.JPEG
1418_casino_n03413428_909_conf0.997173.JPEG,25845f8c.JPEG,visual_complex,https://mmarcantoinee.github.io/survey-mit-spring-2026/images/renamed/visual_complex/25845f8c.JPEG
1424_shrimp_n07582152_848_conf0.985154.JPEG,827ff85e.JPEG,visual_complex,https://mmarcantoinee.github.io/survey-mit-spring-2026/images/renamed/visual_complex/827ff85e.JPEG
1427_grate_n03454536_14033_conf0.994695.JPEG,dbdaaeec.JPEG,visual_complex,https://mmarcantoinee.github.io/survey-mit-spring-2026/images/renamed/visual_complex/dbdaaeec.JPEG
1427_grate_n03454707_110_conf0.986657.JPEG,434a0549.JPEG,visual_complex,https://mmarcantoinee.github.io/survey-mit-spring-2026/images/renamed/visual_complex/434a0549.JPEG
1428_loudspeaker_n03691459_21236_conf0.991704.JPEG,64b6055d.JPEG,visual_complex,https://mmarcantoinee.github.io/survey-mit-spring-2026/images/renamed/visual_complex/64b6055d.JPEG
1428_loudspeaker_n04349401_5131_conf0.998190.JPEG,3566473a.JPEG,visual_complex,https://mmarcantoinee.github.io/survey-mit-spring-2026/images/renamed/visual_complex/3566473a.JPEG
1428_loudspeaker_n04599124_9226_conf0.999742.JPEG,fc5c387a.JPEG,visual_complex,https://mmarcantoinee.github.io/survey-mit-spring-2026/images/renamed/visual_complex/fc5c387a.JPEG
1433_tower_n03098959_1631_conf0.999476.JPEG,d37acaa2.JPEG,visual_complex,https://mmarcantoinee.github.io/survey-mit-spring-2026/images/renamed/visual_complex/d37acaa2.JPEG
1433_tower_n03098959_3940_conf0.999655.JPEG,d6a6f19b.JPEG,visual_complex,https://mmarcantoinee.github.io/survey-mit-spring-2026/images/renamed/visual_complex/d6a6f19b.JPEG
1433_tower_n03098959_5559_conf0.999637.JPEG,3490ea19.JPEG,visual_complex,https://mmarcantoinee.github.io/survey-mit-spring-2026/images/renamed/visual_complex/3490ea19.JPEG
1433_tower_n03098959_7319_conf0.997202.JPEG,87e74d7b.JPEG,visual_complex,https://mmarcantoinee.github.io/survey-mit-spring-2026/images/renamed/visual_complex/87e74d7b.JPEG
1433_tower_n04460130_3822_conf0.999843.JPEG,9573df44.JPEG,visual_complex,https://mmarcantoinee.github.io/survey-mit-spring-2026/images/renamed/visual_complex/9573df44.JPEG
1433_tower_n04556948_15590_conf0.997851.JPEG,0e83373d.JPEG,visual_complex,https://mmarcantoinee.github.io/survey-mit-spring-2026/images/renamed/visual_complex/0e83373d.JPEG
1461_submarine_n02755529_1909_conf0.999996.JPEG,2cf0390a.JPEG,visual_complex,https://mmarcantoinee.github.io/survey-mit-spring-2026/images/renamed/visual_complex/2cf0390a.JPEG
1461_submarine_n03811295_2253_conf0.999685.JPEG,18ba01ea.JPEG,visual_complex,https://mmarcantoinee.github.io/survey-mit-spring-2026/images/renamed/visual_complex/18ba01ea.JPEG
1461_submarine_n04347754_13183_conf0.997994.JPEG,c091b01e.JPEG,visual_complex,https://mmarcantoinee.github.io/survey-mit-spring-2026/images/renamed/visual_complex/c091b01e.JPEG
1461_submarine_n04347754_32794_conf0.999994.JPEG,6adc063c.JPEG,visual_complex,https://mmarcantoinee.github.io/survey-mit-spring-2026/images/renamed/visual_complex/6adc063c.JPEG
1470_syringe_n03555662_8281_conf0.999476.JPEG,ab72e6c9.JPEG,visual_complex,https://mmarcantoinee.github.io/survey-mit-spring-2026/images/renamed/visual_complex/ab72e6c9.JPEG
1476_cannon_n02950256_15231_conf0.988886.JPEG,8919d1b7.JPEG,visual_complex,https://mmarcantoinee.github.io/survey-mit-spring-2026/images/renamed/visual_complex/8919d1b7.JPEG
1476_cannon_n02950632_3110_conf0.986765.JPEG,b4e86c57.JPEG,visual_complex,https://mmarcantoinee.github.io/survey-mit-spring-2026/images/renamed/visual_complex/b4e86c57.JPEG
1476_cannon_n02950632_9389_conf0.999818.JPEG,a4859135.JPEG,visual_complex,https://mmarcantoinee.github.io/survey-mit-spring-2026/images/renamed/visual_complex/a4859135.JPEG
1494_pothole_n09398076_964_conf0.997980.JPEG,3070465a.JPEG,visual_complex,https://mmarcantoinee.github.io/survey-mit-spring-2026/images/renamed/visual_complex/3070465a.JPEG
1512_chili_n07721456_1716_conf0.999992.JPEG,b90e5e1a.JPEG,visual_complex,https://mmarcantoinee.github.io/survey-mit-spring-2026/images/renamed/visual_complex/b90e5e1a.JPEG
1512_chili_n07722052_6509_conf0.998812.JPEG,aeee15cc.JPEG,visual_complex,https://mmarcantoinee.github.io/survey-mit-spring-2026/images/renamed/visual_complex/aeee15cc.JPEG
1512_chili_n07722052_9005_conf0.999957.JPEG,9462d30c.JPEG,visual_complex,https://mmarcantoinee.github.io/survey-mit-spring-2026/images/renamed/visual_complex/9462d30c.JPEG
1515_waterspout_n04562496_1276_conf0.999472.JPEG,3d67c5f6.JPEG,visual_complex,https://mmarcantoinee.github.io/survey-mit-spring-2026/images/renamed/visual_complex/3d67c5f6.JPEG
1515_waterspout_n04562496_1991_conf0.999835.JPEG,4c9d5949.JPEG,visual_complex,https://mmarcantoinee.github.io/survey-mit-spring-2026/images/renamed/visual_complex/4c9d5949.JPEG
1515_waterspout_n04562496_2370_conf0.998809.JPEG,86799e14.JPEG,visual_complex,https://mmarcantoinee.github.io/survey-mit-spring-2026/images/renamed/visual_complex/86799e14.JPEG
1515_waterspout_n04562496_2443_conf0.997425.JPEG,3428491a.JPEG,visual_complex,https://mmarcantoinee.github.io/survey-mit-spring-2026/images/renamed/visual_complex/3428491a.JPEG
1515_waterspout_n04562496_2723_conf1.000000.JPEG,f0113130.JPEG,visual_complex,https://mmarcantoinee.github.io/survey-mit-spring-2026/images/renamed/visual_complex/f0113130.JPEG
1515_waterspout_n04562496_2803_conf0.995837.JPEG,914bb4da.JPEG,visual_complex,https://mmarcantoinee.github.io/survey-mit-spring-2026/images/renamed/visual_complex/914bb4da.JPEG
1515_waterspout_n04562496_2866_conf0.995933.JPEG,29738719.JPEG,visual_complex,https://mmarcantoinee.github.io/survey-mit-spring-2026/images/renamed/visual_complex/29738719.JPEG
1515_waterspout_n04562496_2972_conf0.999982.JPEG,48b04eb1.JPEG,visual_complex,https://mmarcantoinee.github.io/survey-mit-spring-2026/images/renamed/visual_complex/48b04eb1.JPEG
1515_waterspout_n04562496_2993_conf0.995404.JPEG,eaad408f.JPEG,visual_complex,https://mmarcantoinee.github.io/survey-mit-spring-2026/images/renamed/visual_complex/eaad408f.JPEG
1515_waterspout_n04562496_3183_conf0.987014.JPEG,9b90f4ac.JPEG,visual_complex,https://mmarcantoinee.github.io/survey-mit-spring-2026/images/renamed/visual_complex/9b90f4ac.JPEG
1515_waterspout_n04562496_4520_conf0.999998.JPEG,d5809947.JPEG,visual_complex,https://mmarcantoinee.github.io/survey-mit-spring-2026/images/renamed/visual_complex/d5809947.JPEG
1515_waterspout_n04562496_4777_conf0.993212.JPEG,0906ed77.JPEG,visual_complex,https://mmarcantoinee.github.io/survey-mit-spring-2026/images/renamed/visual_complex/0906ed77.JPEG
1515_waterspout_n04562496_6280_conf0.999306.JPEG,21697e25.JPEG,visual_complex,https://mmarcantoinee.github.io/survey-mit-spring-2026/images/renamed/visual_complex/21697e25.JPEG
1515_waterspout_n04562496_6442_conf0.997724.JPEG,b00f5beb.JPEG,visual_complex,https://mmarcantoinee.github.io/survey-mit-spring-2026/images/renamed/visual_complex/b00f5beb.JPEG
1515_waterspout_n04562496_704_conf0.997963.JPEG,970f7445.JPEG,visual_complex,https://mmarcantoinee.github.io/survey-mit-spring-2026/images/renamed/visual_complex/970f7445.JPEG
1530_stadium_n03379204_7612_conf0.999994.JPEG,7db31139.JPEG,visual_complex,https://mmarcantoinee.github.io/survey-mit-spring-2026/images/renamed/visual_complex/7db31139.JPEG
1530_stadium_n04295881_26696_conf1.000000.JPEG,e5efb73d.JPEG,visual_complex,https://mmarcantoinee.github.io/survey-mit-spring-2026/images/renamed/visual_complex/e5efb73d.JPEG
1530_stadium_n04295881_36312_conf0.999154.JPEG,fd3d0f07.JPEG,visual_complex,https://mmarcantoinee.github.io/survey-mit-spring-2026/images/renamed/visual_complex/fd3d0f07.JPEG
1530_stadium_n04295881_36513_conf0.999999.JPEG,ddc69857.JPEG,visual_complex,https://mmarcantoinee.github.io/survey-mit-spring-2026/images/renamed/visual_complex/ddc69857.JPEG
1530_stadium_n04295881_37612_conf0.997591.JPEG,d77ea270.JPEG,visual_complex,https://mmarcantoinee.github.io/survey-mit-spring-2026/images/renamed/visual_complex/d77ea270.JPEG
1530_stadium_n04295881_9236_conf0.994443.JPEG,77e5c189.JPEG,visual_complex,https://mmarcantoinee.github.io/survey-mit-spring-2026/images/renamed/visual_complex/77e5c189.JPEG
1531_spacecraft_n04266014_232_conf0.999602.JPEG,87eaece2.JPEG,visual_complex,https://mmarcantoinee.github.io/survey-mit-spring-2026/images/renamed/visual_complex/87eaece2.JPEG
1531_spacecraft_n04266014_5504_conf0.999969.JPEG,16451ec3.JPEG,visual_complex,https://mmarcantoinee.github.io/survey-mit-spring-2026/images/renamed/visual_complex/16451ec3.JPEG
1531_spacecraft_n04266014_5520_conf0.991059.JPEG,6e498af2.JPEG,visual_complex,https://mmarcantoinee.github.io/survey-mit-spring-2026/images/renamed/visual_complex/6e498af2.JPEG
1531_spacecraft_n04266014_5729_conf0.988833.JPEG,ace66491.JPEG,visual_complex,https://mmarcantoinee.github.io/survey-mit-spring-2026/images/renamed/visual_complex/ace66491.JPEG
1531_spacecraft_n04266014_89_conf0.999966.JPEG,2d63f91f.JPEG,visual_complex,https://mmarcantoinee.github.io/survey-mit-spring-2026/images/renamed/visual_complex/2d63f91f.JPEG
1533_cheese_n07852045_2807_conf0.981806.JPEG,1866497c.JPEG,visual_complex,https://mmarcantoinee.github.io/survey-mit-spring-2026/images/renamed/visual_complex/1866497c.JPEG
1533_cheese_n07852229_7666_conf0.996283.JPEG,61315399.JPEG,visual_complex,https://mmarcantoinee.github.io/survey-mit-spring-2026/images/renamed/visual_complex/61315399.JPEG
1543_hammer_n03715669_4189_conf0.995391.JPEG,248b98e4.JPEG,visual_complex,https://mmarcantoinee.github.io/survey-mit-spring-2026/images/renamed/visual_complex/248b98e4.JPEG
1551_coconut_n07772935_25283_conf0.999828.JPEG,62cb2814.JPEG,visual_complex,https://mmarcantoinee.github.io/survey-mit-spring-2026/images/renamed/visual_complex/62cb2814.JPEG
1551_coconut_n07772935_5280_conf0.999993.JPEG,9080a753.JPEG,visual_complex,https://mmarcantoinee.github.io/survey-mit-spring-2026/images/renamed/visual_complex/9080a753.JPEG
1563_beet_flickr_beet_0257_conf0.993418.jpg,6ce0dd8a.jpg,visual_complex,https://mmarcantoinee.github.io/survey-mit-spring-2026/images/renamed/visual_complex/6ce0dd8a.jpg
1563_beet_n07719839_23477_conf0.992335.JPEG,b8a663f4.JPEG,visual_complex,https://mmarcantoinee.github.io/survey-mit-spring-2026/images/renamed/visual_complex/b8a663f4.JPEG
1563_beet_n07719980_2031_conf0.993627.JPEG,7d4ec967.JPEG,visual_complex,https://mmarcantoinee.github.io/survey-mit-spring-2026/images/renamed/visual_complex/7d4ec967.JPEG
1563_beet_n11832480_5215_conf0.997453.JPEG,7e8e6284.JPEG,visual_complex,https://mmarcantoinee.github.io/survey-mit-spring-2026/images/renamed/visual_complex/7e8e6284.JPEG
1567_stegosaurus_n01701859_1209_conf0.998932.JPEG,ddee8fbb.JPEG,visual_complex,https://mmarcantoinee.github.io/survey-mit-spring-2026/images/renamed/visual_complex/ddee8fbb.JPEG
1567_stegosaurus_n01701859_12463_conf0.996727.JPEG,659c7012.JPEG,visual_complex,https://mmarcantoinee.github.io/survey-mit-spring-2026/images/renamed/visual_complex/659c7012.JPEG
1567_stegosaurus_n01701859_200_conf0.995312.JPEG,f121b423.JPEG,visual_complex,https://mmarcantoinee.github.io/survey-mit-spring-2026/images/renamed/visual_complex/f121b423.JPEG
1567_stegosaurus_n01701859_2236_conf0.999928.JPEG,2089acae.JPEG,visual_complex,https://mmarcantoinee.github.io/survey-mit-spring-2026/images/renamed/visual_complex/2089acae.JPEG
1567_stegosaurus_n01701859_5596_conf0.999881.JPEG,ffd6333a.JPEG,visual_complex,https://mmarcantoinee.github.io/survey-mit-spring-2026/images/renamed/visual_complex/ffd6333a.JPEG
1572_chocolate_n04972451_62742_conf0.981885.JPEG,e802e13d.JPEG,visual_complex,https://mmarcantoinee.github.io/survey-mit-spring-2026/images/renamed/visual_complex/e802e13d.JPEG
1572_chocolate_n07609632_19042_conf0.989258.JPEG,2b4b85ab.JPEG,visual_complex,https://mmarcantoinee.github.io/survey-mit-spring-2026/images/renamed/visual_complex/2b4b85ab.JPEG
1589_muffin_n07690273_14199_conf0.999910.JPEG,a742813a.JPEG,visual_complex,https://mmarcantoinee.github.io/survey-mit-spring-2026/images/renamed/visual_complex/a742813a.JPEG
1589_muffin_n07690273_21839_conf0.998103.JPEG,9c8eb0ea.JPEG,visual_complex,https://mmarcantoinee.github.io/survey-mit-spring-2026/images/renamed/visual_complex/9c8eb0ea.JPEG
1589_muffin_n07690431_2242_conf0.996594.JPEG,a60f8677.JPEG,visual_complex,https://mmarcantoinee.github.io/survey-mit-spring-2026/images/renamed/visual_complex/a60f8677.JPEG
1589_muffin_n07690511_1807_conf0.998228.JPEG,8c42c7ea.JPEG,visual_complex,https://mmarcantoinee.github.io/survey-mit-spring-2026/images/renamed/visual_complex/8c42c7ea.JPEG
1589_muffin_n07690511_6081_conf0.988792.JPEG,9c6bb319.JPEG,visual_complex,https://mmarcantoinee.github.io/survey-mit-spring-2026/images/renamed/visual_complex/9c6bb319.JPEG
1592_turnip_n07735803_7868_conf0.982887.JPEG,2b95bfb0.JPEG,visual_complex,https://mmarcantoinee.github.io/survey-mit-spring-2026/images/renamed/visual_complex/2b95bfb0.JPEG
1593_wire_n02790823_7446_conf0.999175.JPEG,614072d5.JPEG,visual_complex,https://mmarcantoinee.github.io/survey-mit-spring-2026/images/renamed/visual_complex/614072d5.JPEG
1593_wire_n04594218_20249_conf0.996051.JPEG,1f91525a.JPEG,visual_complex,https://mmarcantoinee.github.io/survey-mit-spring-2026/images/renamed/visual_complex/1f91525a.JPEG
1612_forklift_n03384352_5737_conf0.997187.JPEG,94e342ea.JPEG,visual_complex,https://mmarcantoinee.github.io/survey-mit-spring-2026/images/renamed/visual_complex/94e342ea.JPEG
1612_forklift_n03384352_7277_conf0.996988.JPEG,206d48ce.JPEG,visual_complex,https://mmarcantoinee.github.io/survey-mit-spring-2026/images/renamed/visual_complex/206d48ce.JPEG
1613_fondue_bing_fondue_0050_conf0.994968.jpg,2bb7fba2.jpg,visual_complex,https://mmarcantoinee.github.io/survey-mit-spring-2026/images/renamed/visual_complex/2bb7fba2.jpg
1613_fondue_n07867421_9699_conf0.998511.JPEG,b34b0354.JPEG,visual_complex,https://mmarcantoinee.github.io/survey-mit-spring-2026/images/renamed/visual_complex/b34b0354.JPEG
1613_fondue_n07867616_5130_conf0.981340.JPEG,ad1a28d8.JPEG,visual_complex,https://mmarcantoinee.github.io/survey-mit-spring-2026/images/renamed/visual_complex/ad1a28d8.JPEG
1617_gazebo_bing_gazebo_0143_conf0.999479.jpg,f3091a57.jpg,visual_complex,https://mmarcantoinee.github.io/survey-mit-spring-2026/images/renamed/visual_complex/f3091a57.jpg
1617_gazebo_n03430418_18261_conf0.996871.JPEG,d27632bd.JPEG,visual_complex,https://mmarcantoinee.github.io/survey-mit-spring-2026/images/renamed/visual_complex/d27632bd.JPEG
1617_gazebo_n03430418_25278_conf0.996963.JPEG,994d38e1.JPEG,visual_complex,https://mmarcantoinee.github.io/survey-mit-spring-2026/images/renamed/visual_complex/994d38e1.JPEG
1617_gazebo_n03430418_8327_conf0.999124.JPEG,38019390.JPEG,visual_complex,https://mmarcantoinee.github.io/survey-mit-spring-2026/images/renamed/visual_complex/38019390.JPEG
1632_melon_n07755929_7739_conf0.998896.JPEG,7fc2ad00.JPEG,visual_complex,https://mmarcantoinee.github.io/survey-mit-spring-2026/images/renamed/visual_complex/7fc2ad00.JPEG
1632_melon_n07756951_5988_conf0.982837.JPEG,d8be72d3.JPEG,visual_complex,https://mmarcantoinee.github.io/survey-mit-spring-2026/images/renamed/visual_complex/d8be72d3.JPEG
1632_melon_n07756951_9721_conf0.981274.JPEG,0103bc5d.JPEG,visual_complex,https://mmarcantoinee.github.io/survey-mit-spring-2026/images/renamed/visual_complex/0103bc5d.JPEG
1636_bib_bing_bavoir_0053_conf0.999872.jpg,d357d5ce.jpg,visual_complex,https://mmarcantoinee.github.io/survey-mit-spring-2026/images/renamed/visual_complex/d357d5ce.jpg
1636_bib_n02834397_1027_conf0.995990.JPEG,a28fdc49.JPEG,visual_complex,https://mmarcantoinee.github.io/survey-mit-spring-2026/images/renamed/visual_complex/a28fdc49.JPEG
1636_bib_n02834397_2278_conf0.999497.JPEG,a0c39296.JPEG,visual_complex,https://mmarcantoinee.github.io/survey-mit-spring-2026/images/renamed/visual_complex/a0c39296.JPEG
1636_bib_n02834397_3546_conf0.997877.JPEG,47b9078b.JPEG,visual_complex,https://mmarcantoinee.github.io/survey-mit-spring-2026/images/renamed/visual_complex/47b9078b.JPEG
1636_bib_n02834397_4042_conf0.999066.JPEG,30e69c9a.JPEG,visual_complex,https://mmarcantoinee.github.io/survey-mit-spring-2026/images/renamed/visual_complex/30e69c9a.JPEG
1636_bib_n02834397_4809_conf0.999054.JPEG,cc3d6516.JPEG,visual_complex,https://mmarcantoinee.github.io/survey-mit-spring-2026/images/renamed/visual_complex/cc3d6516.JPEG
1636_bib_n02834397_5066_conf0.998938.JPEG,26fdaf0e.JPEG,visual_complex,https://mmarcantoinee.github.io/survey-mit-spring-2026/images/renamed/visual_complex/26fdaf0e.JPEG
1649_strongbox_n04125021_4244_conf0.999532.JPEG,ba123e78.JPEG,visual_complex,https://mmarcantoinee.github.io/survey-mit-spring-2026/images/renamed/visual_complex/ba123e78.JPEG
1649_strongbox_n04125257_13107_conf0.999412.JPEG,3ada16f3.JPEG,visual_complex,https://mmarcantoinee.github.io/survey-mit-spring-2026/images/renamed/visual_complex/3ada16f3.JPEG
1655_steamroller_n04310157_20571_conf0.999922.JPEG,de9152e4.JPEG,visual_complex,https://mmarcantoinee.github.io/survey-mit-spring-2026/images/renamed/visual_complex/de9152e4.JPEG
1673_dishrag_n03207743_14340_conf0.991406.JPEG,f34cd8b7.JPEG,visual_complex,https://mmarcantoinee.github.io/survey-mit-spring-2026/images/renamed/visual_complex/f34cd8b7.JPEG
1673_dishrag_n03207743_16205_conf0.993081.JPEG,96ab1e1c.JPEG,visual_complex,https://mmarcantoinee.github.io/survey-mit-spring-2026/images/renamed/visual_complex/96ab1e1c.JPEG
1673_dishrag_n03207743_25099_conf0.991492.JPEG,7e174dcf.JPEG,visual_complex,https://mmarcantoinee.github.io/survey-mit-spring-2026/images/renamed/visual_complex/7e174dcf.JPEG
1677_anchor_n02709367_18270_conf0.997398.JPEG,0cb011ee.JPEG,visual_complex,https://mmarcantoinee.github.io/survey-mit-spring-2026/images/renamed/visual_complex/0cb011ee.JPEG
1686_fountain_n03241335_275_conf0.999459.JPEG,05161840.JPEG,visual_complex,https://mmarcantoinee.github.io/survey-mit-spring-2026/images/renamed/visual_complex/05161840.JPEG
1686_fountain_n03388043_1632_conf0.996351.JPEG,45b1785e.JPEG,visual_complex,https://mmarcantoinee.github.io/survey-mit-spring-2026/images/renamed/visual_complex/45b1785e.JPEG
1687_parachute_n03888257_1593_conf0.999999.JPEG,65d3e341.JPEG,visual_complex,https://mmarcantoinee.github.io/survey-mit-spring-2026/images/renamed/visual_complex/65d3e341.JPEG
1687_parachute_n03888257_1797_conf0.999964.JPEG,d3cd5125.JPEG,visual_complex,https://mmarcantoinee.github.io/survey-mit-spring-2026/images/renamed/visual_complex/d3cd5125.JPEG
1687_parachute_n03888257_1895_conf0.999898.JPEG,6bdc3a50.JPEG,visual_complex,https://mmarcantoinee.github.io/survey-mit-spring-2026/images/renamed/visual_complex/6bdc3a50.JPEG
1687_parachute_n03889726_1530_conf0.999989.JPEG,a1cb65ed.JPEG,visual_complex,https://mmarcantoinee.github.io/survey-mit-spring-2026/images/renamed/visual_complex/a1cb65ed.JPEG
1687_parachute_n03889726_7554_conf0.999999.JPEG,15eca870.JPEG,visual_complex,https://mmarcantoinee.github.io/survey-mit-spring-2026/images/renamed/visual_complex/15eca870.JPEG
1687_parachute_n03889726_8182_conf1.000000.JPEG,6f72c911.JPEG,visual_complex,https://mmarcantoinee.github.io/survey-mit-spring-2026/images/renamed/visual_complex/6f72c911.JPEG
1687_parachute_n03889726_8895_conf0.999583.JPEG,5bec3d78.JPEG,visual_complex,https://mmarcantoinee.github.io/survey-mit-spring-2026/images/renamed/visual_complex/5bec3d78.JPEG
1697_sink_n04553703_17614_conf0.992570.JPEG,a28424bd.JPEG,visual_complex,https://mmarcantoinee.github.io/survey-mit-spring-2026/images/renamed/visual_complex/a28424bd.JPEG
1697_sink_n04553703_2006_conf0.998656.JPEG,bbb68457.JPEG,visual_complex,https://mmarcantoinee.github.io/survey-mit-spring-2026/images/renamed/visual_complex/bbb68457.JPEG
1697_sink_n04553703_24112_conf0.989748.JPEG,4e363081.JPEG,visual_complex,https://mmarcantoinee.github.io/survey-mit-spring-2026/images/renamed/visual_complex/4e363081.JPEG
1700_radiator_n04040759_5945_conf0.999652.JPEG,dcf5fb6d.JPEG,visual_complex,https://mmarcantoinee.github.io/survey-mit-spring-2026/images/renamed/visual_complex/dcf5fb6d.JPEG
1700_radiator_n04041069_110_conf0.999977.JPEG,fb8ac805.JPEG,visual_complex,https://mmarcantoinee.github.io/survey-mit-spring-2026/images/renamed/visual_complex/fb8ac805.JPEG
1700_radiator_n04041069_5911_conf0.986070.JPEG,290b61d5.JPEG,visual_complex,https://mmarcantoinee.github.io/survey-mit-spring-2026/images/renamed/visual_complex/290b61d5.JPEG
1704_burner_n03425769_2218_conf0.985349.JPEG,51b2db9a.JPEG,visual_complex,https://mmarcantoinee.github.io/survey-mit-spring-2026/images/renamed/visual_complex/51b2db9a.JPEG
1704_burner_n03425769_7909_conf0.994880.JPEG,5a4ddd89.JPEG,visual_complex,https://mmarcantoinee.github.io/survey-mit-spring-2026/images/renamed/visual_complex/5a4ddd89.JPEG
1734_gramophone_n03452267_1533_conf1.000000.JPEG,4398951c.JPEG,visual_complex,https://mmarcantoinee.github.io/survey-mit-spring-2026/images/renamed/visual_complex/4398951c.JPEG
1734_gramophone_n03452267_6208_conf0.992685.JPEG,0e9af0de.JPEG,visual_complex,https://mmarcantoinee.github.io/survey-mit-spring-2026/images/renamed/visual_complex/0e9af0de.JPEG
1734_gramophone_n03452267_8380_conf0.990768.JPEG,1ac90a16.JPEG,visual_complex,https://mmarcantoinee.github.io/survey-mit-spring-2026/images/renamed/visual_complex/1ac90a16.JPEG
1739_burlap_n02922798_1545_conf0.991372.JPEG,e415c29f.JPEG,visual_complex,https://mmarcantoinee.github.io/survey-mit-spring-2026/images/renamed/visual_complex/e415c29f.JPEG
1745_earwig_n02273392_4771_conf0.999975.JPEG,71de32f9.JPEG,visual_complex,https://mmarcantoinee.github.io/survey-mit-spring-2026/images/renamed/visual_complex/71de32f9.JPEG
1753_calipers_n03759661_685_conf0.997475.JPEG,c71e0141.JPEG,visual_complex,https://mmarcantoinee.github.io/survey-mit-spring-2026/images/renamed/visual_complex/c71e0141.JPEG
1773_couch_n03115897_20062_conf0.993539.JPEG,02e4cd75.JPEG,visual_complex,https://mmarcantoinee.github.io/survey-mit-spring-2026/images/renamed/visual_complex/02e4cd75.JPEG
1773_couch_n03115897_2568_conf0.997656.JPEG,bfdbecad.JPEG,visual_complex,https://mmarcantoinee.github.io/survey-mit-spring-2026/images/renamed/visual_complex/bfdbecad.JPEG
1773_couch_n03122202_4085_conf0.988766.JPEG,03cb2c83.JPEG,visual_complex,https://mmarcantoinee.github.io/survey-mit-spring-2026/images/renamed/visual_complex/03cb2c83.JPEG
1782_parsley_n07819896_19273_conf0.992626.JPEG,de5137ac.JPEG,visual_complex,https://mmarcantoinee.github.io/survey-mit-spring-2026/images/renamed/visual_complex/de5137ac.JPEG
1782_parsley_n12626674_2622_conf0.991117.JPEG,5fc83cb8.JPEG,visual_complex,https://mmarcantoinee.github.io/survey-mit-spring-2026/images/renamed/visual_complex/5fc83cb8.JPEG
1782_parsley_n12942395_20975_conf0.989597.JPEG,4944c62c.JPEG,visual_complex,https://mmarcantoinee.github.io/survey-mit-spring-2026/images/renamed/visual_complex/4944c62c.JPEG
1782_parsley_n12942572_5629_conf0.995781.JPEG,791d2c93.JPEG,visual_complex,https://mmarcantoinee.github.io/survey-mit-spring-2026/images/renamed/visual_complex/791d2c93.JPEG
1782_parsley_n12942572_6738_conf0.998545.JPEG,d7cec7cd.JPEG,visual_complex,https://mmarcantoinee.github.io/survey-mit-spring-2026/images/renamed/visual_complex/d7cec7cd.JPEG
1787_koala_n01882714_12773_conf0.999052.JPEG,c9ab193c.JPEG,visual_complex,https://mmarcantoinee.github.io/survey-mit-spring-2026/images/renamed/visual_complex/c9ab193c.JPEG
1787_koala_n01882714_13060_conf0.999926.JPEG,a1cc8900.JPEG,visual_complex,https://mmarcantoinee.github.io/survey-mit-spring-2026/images/renamed/visual_complex/a1cc8900.JPEG
1787_koala_n01882714_14561_conf0.999780.JPEG,43d532b8.JPEG,visual_complex,https://mmarcantoinee.github.io/survey-mit-spring-2026/images/renamed/visual_complex/43d532b8.JPEG
1787_koala_n01882714_15076_conf0.999938.JPEG,0ae344d3.JPEG,visual_complex,https://mmarcantoinee.github.io/survey-mit-spring-2026/images/renamed/visual_complex/0ae344d3.JPEG
1787_koala_n01882714_6535_conf0.998439.JPEG,cf003de1.JPEG,visual_complex,https://mmarcantoinee.github.io/survey-mit-spring-2026/images/renamed/visual_complex/cf003de1.JPEG
1787_koala_n01882714_8740_conf0.994311.JPEG,1525c7d9.JPEG,visual_complex,https://mmarcantoinee.github.io/survey-mit-spring-2026/images/renamed/visual_complex/1525c7d9.JPEG
1793_bobsleigh_n02860847_19277_conf0.999476.JPEG,2fe594c4.JPEG,visual_complex,https://mmarcantoinee.github.io/survey-mit-spring-2026/images/renamed/visual_complex/2fe594c4.JPEG
1793_bobsleigh_n02860847_31610_conf0.985111.JPEG,19b10b81.JPEG,visual_complex,https://mmarcantoinee.github.io/survey-mit-spring-2026/images/renamed/visual_complex/19b10b81.JPEG
1793_bobsleigh_n02860847_4380_conf0.998748.JPEG,df5f6c96.JPEG,visual_complex,https://mmarcantoinee.github.io/survey-mit-spring-2026/images/renamed/visual_complex/df5f6c96.JPEG
1811_greenhouse_n03092166_7202_conf0.999946.JPEG,01c21e5a.JPEG,visual_complex,https://mmarcantoinee.github.io/survey-mit-spring-2026/images/renamed/visual_complex/01c21e5a.JPEG
1829_blimp_n02692877_1244_conf0.999925.JPEG,635419ff.JPEG,visual_complex,https://mmarcantoinee.github.io/survey-mit-spring-2026/images/renamed/visual_complex/635419ff.JPEG
1829_blimp_n02692877_2270_conf0.999255.JPEG,e8a3152e.JPEG,visual_complex,https://mmarcantoinee.github.io/survey-mit-spring-2026/images/renamed/visual_complex/e8a3152e.JPEG
1829_blimp_n02692877_4068_conf0.983406.JPEG,7f38b797.JPEG,visual_complex,https://mmarcantoinee.github.io/survey-mit-spring-2026/images/renamed/visual_complex/7f38b797.JPEG
1829_blimp_n02692877_4579_conf0.999673.JPEG,e272c86a.JPEG,visual_complex,https://mmarcantoinee.github.io/survey-mit-spring-2026/images/renamed/visual_complex/e272c86a.JPEG
1829_blimp_n02692877_5005_conf0.986259.JPEG,53cadcb0.JPEG,visual_complex,https://mmarcantoinee.github.io/survey-mit-spring-2026/images/renamed/visual_complex/53cadcb0.JPEG
1829_blimp_n02692877_9814_conf0.999993.JPEG,a96499dc.JPEG,visual_complex,https://mmarcantoinee.github.io/survey-mit-spring-2026/images/renamed/visual_complex/a96499dc.JPEG
1829_blimp_n02850950_13525_conf0.999992.JPEG,97901f99.JPEG,visual_complex,https://mmarcantoinee.github.io/survey-mit-spring-2026/images/renamed/visual_complex/97901f99.JPEG
1840_tray_n04476259_1464_conf0.990552.JPEG,f68fd950.JPEG,visual_complex,https://mmarcantoinee.github.io/survey-mit-spring-2026/images/renamed/visual_complex/f68fd950.JPEG
1844_mandolin_n03716887_7907_conf1.000000.JPEG,e7dc634d.JPEG,visual_complex,https://mmarcantoinee.github.io/survey-mit-spring-2026/images/renamed/visual_complex/e7dc634d.JPEG
1844_mandolin_n03716966_1282_conf0.996391.JPEG,bbc840f4.JPEG,visual_complex,https://mmarcantoinee.github.io/survey-mit-spring-2026/images/renamed/visual_complex/bbc840f4.JPEG
1844_mandolin_n03716966_17208_conf0.999959.JPEG,e0050ee5.JPEG,visual_complex,https://mmarcantoinee.github.io/survey-mit-spring-2026/images/renamed/visual_complex/e0050ee5.JPEG
1844_mandolin_n03716966_23760_conf1.000000.JPEG,cea4357a.JPEG,visual_complex,https://mmarcantoinee.github.io/survey-mit-spring-2026/images/renamed/visual_complex/cea4357a.JPEG
1844_mandolin_n03716966_8737_conf0.998519.JPEG,578dccb1.JPEG,visual_complex,https://mmarcantoinee.github.io/survey-mit-spring-2026/images/renamed/visual_complex/578dccb1.JPEG
1882_volcano_bing_volcano_0001_conf0.985731.jpg,170b663f.jpg,visual_complex,https://mmarcantoinee.github.io/survey-mit-spring-2026/images/renamed/visual_complex/170b663f.jpg
1882_volcano_bing_volcano_0010_conf0.999984.jpg,cff2ed97.jpg,visual_complex,https://mmarcantoinee.github.io/survey-mit-spring-2026/images/renamed/visual_complex/cff2ed97.jpg
1882_volcano_n09472597_1515_conf0.991450.JPEG,f299a46a.JPEG,visual_complex,https://mmarcantoinee.github.io/survey-mit-spring-2026/images/renamed/visual_complex/f299a46a.JPEG
1882_volcano_n09472597_30930_conf0.994996.JPEG,96506c01.JPEG,visual_complex,https://mmarcantoinee.github.io/survey-mit-spring-2026/images/renamed/visual_complex/96506c01.JPEG
1882_volcano_n09472597_4054_conf0.999814.JPEG,f9069d25.JPEG,visual_complex,https://mmarcantoinee.github.io/survey-mit-spring-2026/images/renamed/visual_complex/f9069d25.JPEG
1882_volcano_n09472597_52823_conf0.999574.JPEG,6544563e.JPEG,visual_complex,https://mmarcantoinee.github.io/survey-mit-spring-2026/images/renamed/visual_complex/6544563e.JPEG
1884_cabbage_n07714895_3460_conf0.984607.JPEG,5c9a60ce.JPEG,visual_complex,https://mmarcantoinee.github.io/survey-mit-spring-2026/images/renamed/visual_complex/5c9a60ce.JPEG
1886_kettle_n03612814_27000_conf0.989678.JPEG,78db6e52.JPEG,visual_complex,https://mmarcantoinee.github.io/survey-mit-spring-2026/images/renamed/visual_complex/78db6e52.JPEG
1889_antenna_n02715229_1408_conf0.999838.JPEG,25e41245.JPEG,visual_complex,https://mmarcantoinee.github.io/survey-mit-spring-2026/images/renamed/visual_complex/25e41245.JPEG
1889_antenna_n02715229_17413_conf0.999770.JPEG,8c6ce172.JPEG,visual_complex,https://mmarcantoinee.github.io/survey-mit-spring-2026/images/renamed/visual_complex/8c6ce172.JPEG
1889_antenna_n02715229_30558_conf0.992752.JPEG,df80f1a9.JPEG,visual_complex,https://mmarcantoinee.github.io/survey-mit-spring-2026/images/renamed/visual_complex/df80f1a9.JPEG
1889_antenna_n02715229_8801_conf0.999339.JPEG,7b29d2f5.JPEG,visual_complex,https://mmarcantoinee.github.io/survey-mit-spring-2026/images/renamed/visual_complex/7b29d2f5.JPEG
1889_antenna_n04041747_7023_conf0.982018.JPEG,4c639db2.JPEG,visual_complex,https://mmarcantoinee.github.io/survey-mit-spring-2026/images/renamed/visual_complex/4c639db2.JPEG
1889_antenna_n04404817_10037_conf0.999696.JPEG,d950b675.JPEG,visual_complex,https://mmarcantoinee.github.io/survey-mit-spring-2026/images/renamed/visual_complex/d950b675.JPEG
1889_antenna_n04404817_4368_conf0.992556.JPEG,72bbfc53.JPEG,visual_complex,https://mmarcantoinee.github.io/survey-mit-spring-2026/images/renamed/visual_complex/72bbfc53.JPEG
1892_panda_bing_panda_0001_conf1.000000.jpg,9ced8cb8.jpg,visual_complex,https://mmarcantoinee.github.io/survey-mit-spring-2026/images/renamed/visual_complex/9ced8cb8.jpg
1892_panda_bing_panda_0110_conf0.999975.jpg,5fae7e46.jpg,visual_complex,https://mmarcantoinee.github.io/survey-mit-spring-2026/images/renamed/visual_complex/5fae7e46.jpg
1892_panda_n02510455_12594_conf0.999884.JPEG,27c5db48.JPEG,visual_complex,https://mmarcantoinee.github.io/survey-mit-spring-2026/images/renamed/visual_complex/27c5db48.JPEG
1892_panda_n02510455_314_conf0.999994.JPEG,cf104e57.JPEG,visual_complex,https://mmarcantoinee.github.io/survey-mit-spring-2026/images/renamed/visual_complex/cf104e57.JPEG
1892_panda_n02510455_3580_conf0.997821.JPEG,ec067794.JPEG,visual_complex,https://mmarcantoinee.github.io/survey-mit-spring-2026/images/renamed/visual_complex/ec067794.JPEG
1892_panda_n02510455_744_conf1.000000.JPEG,a76dd58e.JPEG,visual_complex,https://mmarcantoinee.github.io/survey-mit-spring-2026/images/renamed/visual_complex/a76dd58e.JPEG
1892_panda_n02510455_75_conf0.999140.JPEG,82680f87.JPEG,visual_complex,https://mmarcantoinee.github.io/survey-mit-spring-2026/images/renamed/visual_complex/82680f87.JPEG
1892_panda_n02510455_8491_conf0.999999.JPEG,a89e3962.JPEG,visual_complex,https://mmarcantoinee.github.io/survey-mit-spring-2026/images/renamed/visual_complex/a89e3962.JPEG
1899_microchip_n03760310_21971_conf0.999846.JPEG,f71240a2.JPEG,visual_complex,https://mmarcantoinee.github.io/survey-mit-spring-2026/images/renamed/visual_complex/f71240a2.JPEG
1899_microchip_n03760310_2895_conf1.000000.JPEG,25e5fc9e.JPEG,visual_complex,https://mmarcantoinee.github.io/survey-mit-spring-2026/images/renamed/visual_complex/25e5fc9e.JPEG
1899_microchip_n03760310_5475_conf0.998131.JPEG,47a7ff8d.JPEG,visual_complex,https://mmarcantoinee.github.io/survey-mit-spring-2026/images/renamed/visual_complex/47a7ff8d.JPEG
1904_toolbox_n04452615_22863_conf0.999192.JPEG,6d54de37.JPEG,visual_complex,https://mmarcantoinee.github.io/survey-mit-spring-2026/images/renamed/visual_complex/6d54de37.JPEG
1914_hairbrush_n03475581_9101_conf0.985230.JPEG,8993902a.JPEG,visual_complex,https://mmarcantoinee.github.io/survey-mit-spring-2026/images/renamed/visual_complex/8993902a.JPEG
1952_pretzel_n07695742_5474_conf0.999883.JPEG,cd2e1d81.JPEG,visual_complex,https://mmarcantoinee.github.io/survey-mit-spring-2026/images/renamed/visual_complex/cd2e1d81.JPEG
1952_pretzel_n07695742_7238_conf0.998242.JPEG,782ba659.JPEG,visual_complex,https://mmarcantoinee.github.io/survey-mit-spring-2026/images/renamed/visual_complex/782ba659.JPEG
1952_pretzel_n07695878_2440_conf0.996920.JPEG,8156b96e.JPEG,visual_complex,https://mmarcantoinee.github.io/survey-mit-spring-2026/images/renamed/visual_complex/8156b96e.JPEG
1952_pretzel_n07695878_3569_conf0.999978.JPEG,5157fa8a.JPEG,visual_complex,https://mmarcantoinee.github.io/survey-mit-spring-2026/images/renamed/visual_complex/5157fa8a.JPEG
1952_pretzel_n07695878_5752_conf0.999994.JPEG,a6fe7768.JPEG,visual_complex,https://mmarcantoinee.github.io/survey-mit-spring-2026/images/renamed/visual_complex/a6fe7768.JPEG
1981_sawmill_n03697007_14284_conf0.981291.JPEG,c037c257.JPEG,visual_complex,https://mmarcantoinee.github.io/survey-mit-spring-2026/images/renamed/visual_complex/c037c257.JPEG
1981_sawmill_n03697007_4935_conf0.991053.JPEG,dc52c034.JPEG,visual_complex,https://mmarcantoinee.github.io/survey-mit-spring-2026/images/renamed/visual_complex/dc52c034.JPEG
1989_joystick_n04317976_19217_conf0.998403.JPEG,e199d2ae.JPEG,visual_complex,https://mmarcantoinee.github.io/survey-mit-spring-2026/images/renamed/visual_complex/e199d2ae.JPEG
1995_persimmon_n12771192_11021_conf0.993198.JPEG,7d7102df.JPEG,visual_complex,https://mmarcantoinee.github.io/survey-mit-spring-2026/images/renamed/visual_complex/7d7102df.JPEG
1995_persimmon_n12771192_8351_conf0.990839.JPEG,0168c846.JPEG,visual_complex,https://mmarcantoinee.github.io/survey-mit-spring-2026/images/renamed/visual_complex/0168c846.JPEG
1995_persimmon_n12771192_9520_conf0.986306.JPEG,07cc82e4.JPEG,visual_complex,https://mmarcantoinee.github.io/survey-mit-spring-2026/images/renamed/visual_complex/07cc82e4.JPEG
1995_persimmon_n12771390_22341_conf0.999990.JPEG,d74c2068.JPEG,visual_complex,https://mmarcantoinee.github.io/survey-mit-spring-2026/images/renamed/visual_complex/d74c2068.JPEG
2009_graffiti_bing_graffiti_0305_conf0.998958.jpg,d1a9fe4e.jpg,visual_complex,https://mmarcantoinee.github.io/survey-mit-spring-2026/images/renamed/visual_complex/d1a9fe4e.jpg
2017_giraffe_bing_giraffe_0058_conf0.996534.jpg,0a93fd6f.jpg,visual_complex,https://mmarcantoinee.github.io/survey-mit-spring-2026/images/renamed/visual_complex/0a93fd6f.jpg
2017_giraffe_bing_giraffe_0121_conf0.999934.jpg,a1495a2f.jpg,visual_complex,https://mmarcantoinee.github.io/survey-mit-spring-2026/images/renamed/visual_complex/a1495a2f.jpg
2017_giraffe_flickr_giraffe_0141_conf0.987465.jpg,5614a566.jpg,visual_complex,https://mmarcantoinee.github.io/survey-mit-spring-2026/images/renamed/visual_complex/5614a566.jpg
2083_chinchilla_n02367492_10364_conf0.996471.JPEG,4d200dc4.JPEG,visual_complex,https://mmarcantoinee.github.io/survey-mit-spring-2026/images/renamed/visual_complex/4d200dc4.JPEG
2083_chinchilla_n02368399_368_conf0.999997.JPEG,4cb44c01.JPEG,visual_complex,https://mmarcantoinee.github.io/survey-mit-spring-2026/images/renamed/visual_complex/4cb44c01.JPEG
2089_sundial_bing_cadran_solaire_0028_conf0.999985.jpg,f3128e93.jpg,visual_complex,https://mmarcantoinee.github.io/survey-mit-spring-2026/images/renamed/visual_complex/f3128e93.jpg
2089_sundial_bing_reloj_de_sol_0178_conf0.998922.jpg,a8fe3cb9.jpg,visual_complex,https://mmarcantoinee.github.io/survey-mit-spring-2026/images/renamed/visual_complex/a8fe3cb9.jpg
2090_beaker_n02815834_731_conf0.999654.JPEG,9600213a.JPEG,visual_complex,https://mmarcantoinee.github.io/survey-mit-spring-2026/images/renamed/visual_complex/9600213a.JPEG
2092_honeycomb_n03530642_17303_conf0.997390.JPEG,8dace3ae.JPEG,visual_complex,https://mmarcantoinee.github.io/survey-mit-spring-2026/images/renamed/visual_complex/8dace3ae.JPEG
2097_fishnet_n03639077_12397_conf0.997801.JPEG,bbffda19.JPEG,visual_complex,https://mmarcantoinee.github.io/survey-mit-spring-2026/images/renamed/visual_complex/bbffda19.JPEG
2097_fishnet_n03639077_2170_conf0.999471.JPEG,7c2e32ff.JPEG,visual_complex,https://mmarcantoinee.github.io/survey-mit-spring-2026/images/renamed/visual_complex/7c2e32ff.JPEG
2097_fishnet_n03639077_5562_conf0.998772.JPEG,9cf83c39.JPEG,visual_complex,https://mmarcantoinee.github.io/survey-mit-spring-2026/images/renamed/visual_complex/9cf83c39.JPEG
2098_odometer_n03841143_10431_conf0.999999.JPEG,ba98b19f.JPEG,visual_complex,https://mmarcantoinee.github.io/survey-mit-spring-2026/images/renamed/visual_complex/ba98b19f.JPEG
2098_odometer_n03841143_1276_conf0.999905.JPEG,997e21b3.JPEG,visual_complex,https://mmarcantoinee.github.io/survey-mit-spring-2026/images/renamed/visual_complex/997e21b3.JPEG
2098_odometer_n03841143_12946_conf0.997944.JPEG,4879c728.JPEG,visual_complex,https://mmarcantoinee.github.io/survey-mit-spring-2026/images/renamed/visual_complex/4879c728.JPEG
2098_odometer_n03841143_5996_conf0.988889.JPEG,1d8f09a9.JPEG,visual_complex,https://mmarcantoinee.github.io/survey-mit-spring-2026/images/renamed/visual_complex/1d8f09a9.JPEG
2109_chess_n03014440_11179_conf0.999996.JPEG,41a2f2ef.JPEG,visual_complex,https://mmarcantoinee.github.io/survey-mit-spring-2026/images/renamed/visual_complex/41a2f2ef.JPEG
2109_chess_n03014440_12990_conf0.992099.JPEG,a168e495.JPEG,visual_complex,https://mmarcantoinee.github.io/survey-mit-spring-2026/images/renamed/visual_complex/a168e495.JPEG
2109_chess_n03014440_9799_conf0.999994.JPEG,0557a528.JPEG,visual_complex,https://mmarcantoinee.github.io/survey-mit-spring-2026/images/renamed/visual_complex/0557a528.JPEG
2109_chess_n03901750_10281_conf0.996365.JPEG,4c0d160f.JPEG,visual_complex,https://mmarcantoinee.github.io/survey-mit-spring-2026/images/renamed/visual_complex/4c0d160f.JPEG
2109_chess_n03901750_12549_conf0.996881.JPEG,a73e426e.JPEG,visual_complex,https://mmarcantoinee.github.io/survey-mit-spring-2026/images/renamed/visual_complex/a73e426e.JPEG
2109_chess_n03901750_4674_conf0.991047.JPEG,cdb2bd5b.JPEG,visual_complex,https://mmarcantoinee.github.io/survey-mit-spring-2026/images/renamed/visual_complex/cdb2bd5b.JPEG
2109_chess_n04033287_28468_conf0.989734.JPEG,2fb2a103.JPEG,visual_complex,https://mmarcantoinee.github.io/survey-mit-spring-2026/images/renamed/visual_complex/2fb2a103.JPEG
2112_photocopier_n03924679_2465_conf0.993997.JPEG,6be64cd3.JPEG,visual_complex,https://mmarcantoinee.github.io/survey-mit-spring-2026/images/renamed/visual_complex/6be64cd3.JPEG
2112_photocopier_n03924679_7748_conf0.999782.JPEG,856faae4.JPEG,visual_complex,https://mmarcantoinee.github.io/survey-mit-spring-2026/images/renamed/visual_complex/856faae4.JPEG
2112_photocopier_n03927299_1613_conf0.989200.JPEG,f7b4b9d4.JPEG,visual_complex,https://mmarcantoinee.github.io/survey-mit-spring-2026/images/renamed/visual_complex/f7b4b9d4.JPEG
2112_photocopier_n03927299_3821_conf0.998266.JPEG,cc674f86.JPEG,visual_complex,https://mmarcantoinee.github.io/survey-mit-spring-2026/images/renamed/visual_complex/cc674f86.JPEG
2137_chair_n03632729_4317_conf1.000000.JPEG,f7b6e7c7.JPEG,visual_complex,https://mmarcantoinee.github.io/survey-mit-spring-2026/images/renamed/visual_complex/f7b6e7c7.JPEG
2159_reef_n09214916_1724_conf0.999885.JPEG,cf64de6d.JPEG,visual_complex,https://mmarcantoinee.github.io/survey-mit-spring-2026/images/renamed/visual_complex/cf64de6d.JPEG
2159_reef_n09406793_39739_conf0.996815.JPEG,5c63f279.JPEG,visual_complex,https://mmarcantoinee.github.io/survey-mit-spring-2026/images/renamed/visual_complex/5c63f279.JPEG
2186_cheetah_bing_gepard_0106_conf0.998941.jpg,889f30d0.jpg,visual_complex,https://mmarcantoinee.github.io/survey-mit-spring-2026/images/renamed/visual_complex/889f30d0.jpg
2186_cheetah_bing_gepard_0670_conf0.999667.jpg,e6bf633a.jpg,visual_complex,https://mmarcantoinee.github.io/survey-mit-spring-2026/images/renamed/visual_complex/e6bf633a.jpg
2186_cheetah_bing_guepard_0173_conf0.995084.jpg,c21065fb.jpg,visual_complex,https://mmarcantoinee.github.io/survey-mit-spring-2026/images/renamed/visual_complex/c21065fb.jpg
2186_cheetah_n02130308_5163_conf0.992305.JPEG,071010ef.JPEG,visual_complex,https://mmarcantoinee.github.io/survey-mit-spring-2026/images/renamed/visual_complex/071010ef.JPEG
2186_cheetah_n02130308_868_conf0.991873.JPEG,d7b09cdf.JPEG,visual_complex,https://mmarcantoinee.github.io/survey-mit-spring-2026/images/renamed/visual_complex/d7b09cdf.JPEG
2187_salsa_n07823460_2152_conf0.987132.JPEG,9e87cf71.JPEG,visual_complex,https://mmarcantoinee.github.io/survey-mit-spring-2026/images/renamed/visual_complex/9e87cf71.JPEG
2198_auditorium_n02750070_13729_conf0.999999.JPEG,c1f37591.JPEG,visual_complex,https://mmarcantoinee.github.io/survey-mit-spring-2026/images/renamed/visual_complex/c1f37591.JPEG
2198_auditorium_n02750070_4860_conf0.982027.JPEG,57ba9d00.JPEG,visual_complex,https://mmarcantoinee.github.io/survey-mit-spring-2026/images/renamed/visual_complex/57ba9d00.JPEG
2198_auditorium_n02750070_6955_conf0.999520.JPEG,81dcab8b.JPEG,visual_complex,https://mmarcantoinee.github.io/survey-mit-spring-2026/images/renamed/visual_complex/81dcab8b.JPEG
2198_auditorium_n02750070_9555_conf0.998075.JPEG,921d913a.JPEG,visual_complex,https://mmarcantoinee.github.io/survey-mit-spring-2026/images/renamed/visual_complex/921d913a.JPEG
2198_auditorium_n02758134_12218_conf0.988821.JPEG,319a3579.JPEG,visual_complex,https://mmarcantoinee.github.io/survey-mit-spring-2026/images/renamed/visual_complex/319a3579.JPEG
2198_auditorium_n02758134_14029_conf0.987668.JPEG,4d000f0e.JPEG,visual_complex,https://mmarcantoinee.github.io/survey-mit-spring-2026/images/renamed/visual_complex/4d000f0e.JPEG
2198_auditorium_n02758134_8778_conf0.999883.JPEG,f6c8e742.JPEG,visual_complex,https://mmarcantoinee.github.io/survey-mit-spring-2026/images/renamed/visual_complex/f6c8e742.JPEG
2200_extinguisher_n03345837_4703_conf0.999882.JPEG,b4af6ccc.JPEG,visual_complex,https://mmarcantoinee.github.io/survey-mit-spring-2026/images/renamed/visual_complex/b4af6ccc.JPEG
2206_chestnut_n04972350_10103_conf0.999898.JPEG,5846a9d4.JPEG,visual_complex,https://mmarcantoinee.github.io/survey-mit-spring-2026/images/renamed/visual_complex/5846a9d4.JPEG
2206_chestnut_n04972350_10185_conf0.999791.JPEG,a7bba36e.JPEG,visual_complex,https://mmarcantoinee.github.io/survey-mit-spring-2026/images/renamed/visual_complex/a7bba36e.JPEG
2206_chestnut_n04972350_11910_conf0.988744.JPEG,c7136a2e.JPEG,visual_complex,https://mmarcantoinee.github.io/survey-mit-spring-2026/images/renamed/visual_complex/c7136a2e.JPEG
2206_chestnut_n04972350_18644_conf0.999984.JPEG,06227f98.JPEG,visual_complex,https://mmarcantoinee.github.io/survey-mit-spring-2026/images/renamed/visual_complex/06227f98.JPEG
2206_chestnut_n04972350_24848_conf0.998587.JPEG,2c7692f0.JPEG,visual_complex,https://mmarcantoinee.github.io/survey-mit-spring-2026/images/renamed/visual_complex/2c7692f0.JPEG
2206_chestnut_n12768682_16130_conf0.982031.JPEG,1f50c0c4.JPEG,visual_complex,https://mmarcantoinee.github.io/survey-mit-spring-2026/images/renamed/visual_complex/1f50c0c4.JPEG
2206_chestnut_n12768682_18221_conf0.999987.JPEG,5a8f63d2.JPEG,visual_complex,https://mmarcantoinee.github.io/survey-mit-spring-2026/images/renamed/visual_complex/5a8f63d2.JPEG
2206_chestnut_n12768682_35053_conf0.995683.JPEG,0a889616.JPEG,visual_complex,https://mmarcantoinee.github.io/survey-mit-spring-2026/images/renamed/visual_complex/0a889616.JPEG
2212_manhole_n03717447_327_conf0.983002.JPEG,8fec4803.JPEG,visual_complex,https://mmarcantoinee.github.io/survey-mit-spring-2026/images/renamed/visual_complex/8fec4803.JPEG
2212_manhole_n03717622_9438_conf1.000000.JPEG,175517a5.JPEG,visual_complex,https://mmarcantoinee.github.io/survey-mit-spring-2026/images/renamed/visual_complex/175517a5.JPEG
2232_gooseberry_n12806015_11884_conf0.986266.JPEG,c608054f.JPEG,visual_complex,https://mmarcantoinee.github.io/survey-mit-spring-2026/images/renamed/visual_complex/c608054f.JPEG
2242_salamander_n01629819_1348_conf0.999947.JPEG,b6c6f0df.JPEG,visual_complex,https://mmarcantoinee.github.io/survey-mit-spring-2026/images/renamed/visual_complex/b6c6f0df.JPEG
2242_salamander_n01629962_2723_conf0.999987.JPEG,d62ac326.JPEG,visual_complex,https://mmarcantoinee.github.io/survey-mit-spring-2026/images/renamed/visual_complex/d62ac326.JPEG
2242_salamander_n01632601_910_conf0.999660.JPEG,96ac9e7d.JPEG,visual_complex,https://mmarcantoinee.github.io/survey-mit-spring-2026/images/renamed/visual_complex/96ac9e7d.JPEG
2245_spearmint_n12856091_16490_conf0.997341.JPEG,d9c33569.JPEG,visual_complex,https://mmarcantoinee.github.io/survey-mit-spring-2026/images/renamed/visual_complex/d9c33569.JPEG
2245_spearmint_n12856287_5029_conf0.996977.JPEG,c7a6053d.JPEG,visual_complex,https://mmarcantoinee.github.io/survey-mit-spring-2026/images/renamed/visual_complex/c7a6053d.JPEG
2293_nutmeg_bing_nutmeg_0043_conf0.999989.jpg,47a530b6.jpg,visual_complex,https://mmarcantoinee.github.io/survey-mit-spring-2026/images/renamed/visual_complex/47a530b6.jpg
2338_bolt_n02865665_12715_conf0.999469.JPEG,ece07fb5.JPEG,visual_complex,https://mmarcantoinee.github.io/survey-mit-spring-2026/images/renamed/visual_complex/ece07fb5.JPEG
2338_bolt_n03304465_3791_conf0.995443.JPEG,6d16bb34.JPEG,visual_complex,https://mmarcantoinee.github.io/survey-mit-spring-2026/images/renamed/visual_complex/6d16bb34.JPEG
2338_bolt_n04330669_3346_conf0.999990.JPEG,43738b4c.JPEG,visual_complex,https://mmarcantoinee.github.io/survey-mit-spring-2026/images/renamed/visual_complex/43738b4c.JPEG
2364_robot_n02710201_23049_conf0.999992.JPEG,40173567.JPEG,visual_complex,https://mmarcantoinee.github.io/survey-mit-spring-2026/images/renamed/visual_complex/40173567.JPEG
2364_robot_n02710201_24452_conf0.996997.JPEG,1c4fd883.JPEG,visual_complex,https://mmarcantoinee.github.io/survey-mit-spring-2026/images/renamed/visual_complex/1c4fd883.JPEG
2364_robot_n02710201_6330_conf0.990025.JPEG,60864f42.JPEG,visual_complex,https://mmarcantoinee.github.io/survey-mit-spring-2026/images/renamed/visual_complex/60864f42.JPEG
2364_robot_n02761392_14478_conf0.999859.JPEG,13af713c.JPEG,visual_complex,https://mmarcantoinee.github.io/survey-mit-spring-2026/images/renamed/visual_complex/13af713c.JPEG
2364_robot_n02761392_16977_conf0.999752.JPEG,5a83a59d.JPEG,visual_complex,https://mmarcantoinee.github.io/survey-mit-spring-2026/images/renamed/visual_complex/5a83a59d.JPEG
2364_robot_n02761392_26895_conf0.992558.JPEG,2746519e.JPEG,visual_complex,https://mmarcantoinee.github.io/survey-mit-spring-2026/images/renamed/visual_complex/2746519e.JPEG
2377_shield_n04192698_3002_conf0.993299.JPEG,6005798f.JPEG,visual_complex,https://mmarcantoinee.github.io/survey-mit-spring-2026/images/renamed/visual_complex/6005798f.JPEG
2377_shield_n04192698_5363_conf0.999231.JPEG,cceb2456.JPEG,visual_complex,https://mmarcantoinee.github.io/survey-mit-spring-2026/images/renamed/visual_complex/cceb2456.JPEG
2377_shield_n04192858_6102_conf0.985789.JPEG,f0d6e1d7.JPEG,visual_complex,https://mmarcantoinee.github.io/survey-mit-spring-2026/images/renamed/visual_complex/f0d6e1d7.JPEG
2377_shield_n04192858_6713_conf0.990368.JPEG,247156ec.JPEG,visual_complex,https://mmarcantoinee.github.io/survey-mit-spring-2026/images/renamed/visual_complex/247156ec.JPEG
2381_chameleon_n01694178_3857_conf0.996505.JPEG,ae92f0c4.JPEG,visual_complex,https://mmarcantoinee.github.io/survey-mit-spring-2026/images/renamed/visual_complex/ae92f0c4.JPEG
2381_chameleon_n09906449_1649_conf0.998683.JPEG,7b2d810d.JPEG,visual_complex,https://mmarcantoinee.github.io/survey-mit-spring-2026/images/renamed/visual_complex/7b2d810d.JPEG
2396_bison_n02410509_4128_conf0.985163.JPEG,66c9f2ce.JPEG,visual_complex,https://mmarcantoinee.github.io/survey-mit-spring-2026/images/renamed/visual_complex/66c9f2ce.JPEG
2396_bison_n02410509_526_conf0.999965.JPEG,0661c8f6.JPEG,visual_complex,https://mmarcantoinee.github.io/survey-mit-spring-2026/images/renamed/visual_complex/0661c8f6.JPEG
2396_bison_n02410509_834_conf0.999761.JPEG,0a53a0a5.JPEG,visual_complex,https://mmarcantoinee.github.io/survey-mit-spring-2026/images/renamed/visual_complex/0a53a0a5.JPEG
2396_bison_n02410702_18015_conf0.999828.JPEG,9d13d715.JPEG,visual_complex,https://mmarcantoinee.github.io/survey-mit-spring-2026/images/renamed/visual_complex/9d13d715.JPEG
2400_geyser_bing_geiser_0061_conf0.999933.jpg,f7e7c007.jpg,visual_complex,https://mmarcantoinee.github.io/survey-mit-spring-2026/images/renamed/visual_complex/f7e7c007.jpg
2400_geyser_bing_geiser_1535_conf0.992144.jpg,8b1e9fdf.jpg,visual_complex,https://mmarcantoinee.github.io/survey-mit-spring-2026/images/renamed/visual_complex/8b1e9fdf.jpg
2400_geyser_bing_geyser_0068_conf0.999962.jpg,f66b0b4c.jpg,visual_complex,https://mmarcantoinee.github.io/survey-mit-spring-2026/images/renamed/visual_complex/f66b0b4c.jpg
2400_geyser_bing_geyser_0078_conf0.999990.jpg,538b61b9.jpg,visual_complex,https://mmarcantoinee.github.io/survey-mit-spring-2026/images/renamed/visual_complex/538b61b9.jpg
2400_geyser_bing_geyser_0143_conf0.999976.jpg,1c04253d.jpg,visual_complex,https://mmarcantoinee.github.io/survey-mit-spring-2026/images/renamed/visual_complex/1c04253d.jpg
2400_geyser_bing_geyser_0243_conf0.999864.jpg,2d7b8a10.jpg,visual_complex,https://mmarcantoinee.github.io/survey-mit-spring-2026/images/renamed/visual_complex/2d7b8a10.jpg
2400_geyser_n09288635_4276_conf0.995603.JPEG,29287bad.JPEG,visual_complex,https://mmarcantoinee.github.io/survey-mit-spring-2026/images/renamed/visual_complex/29287bad.JPEG
2400_geyser_n09288635_7030_conf0.999857.JPEG,5a1b80ba.JPEG,visual_complex,https://mmarcantoinee.github.io/survey-mit-spring-2026/images/renamed/visual_complex/5a1b80ba.JPEG
2440_raccoon_n02508021_11012_conf1.000000.JPEG,89ea49e2.JPEG,visual_complex,https://mmarcantoinee.github.io/survey-mit-spring-2026/images/renamed/visual_complex/89ea49e2.JPEG
2440_raccoon_n02508021_15820_conf0.995511.JPEG,8bb1995e.JPEG,visual_complex,https://mmarcantoinee.github.io/survey-mit-spring-2026/images/renamed/visual_complex/8bb1995e.JPEG
2440_raccoon_n02508021_16774_conf0.999991.JPEG,c7354d8a.JPEG,visual_complex,https://mmarcantoinee.github.io/survey-mit-spring-2026/images/renamed/visual_complex/c7354d8a.JPEG
2440_raccoon_n02508021_2849_conf1.000000.JPEG,5a8ff5b7.JPEG,visual_complex,https://mmarcantoinee.github.io/survey-mit-spring-2026/images/renamed/visual_complex/5a8ff5b7.JPEG
2440_raccoon_n02508213_1606_conf0.999997.JPEG,1ce96d04.JPEG,visual_complex,https://mmarcantoinee.github.io/survey-mit-spring-2026/images/renamed/visual_complex/1ce96d04.JPEG
2444_coleslaw_bing_coleslaw_1240_conf0.988420.jpg,fbce97c7.jpg,visual_complex,https://mmarcantoinee.github.io/survey-mit-spring-2026/images/renamed/visual_complex/fbce97c7.jpg
2444_coleslaw_n07808587_13756_conf0.999841.JPEG,3f6aa0c9.JPEG,visual_complex,https://mmarcantoinee.github.io/survey-mit-spring-2026/images/renamed/visual_complex/3f6aa0c9.JPEG
2444_coleslaw_n07808587_3162_conf0.999604.JPEG,42e2dfd2.JPEG,visual_complex,https://mmarcantoinee.github.io/survey-mit-spring-2026/images/renamed/visual_complex/42e2dfd2.JPEG
2450_thermos_n04422727_9796_conf0.994713.JPEG,ba8448f9.JPEG,visual_complex,https://mmarcantoinee.github.io/survey-mit-spring-2026/images/renamed/visual_complex/ba8448f9.JPEG
2460_macadamia_n07774596_11401_conf0.994087.JPEG,90b31fda.JPEG,visual_complex,https://mmarcantoinee.github.io/survey-mit-spring-2026/images/renamed/visual_complex/90b31fda.JPEG
2460_macadamia_n07774596_1367_conf0.998711.JPEG,8ac1bd79.JPEG,visual_complex,https://mmarcantoinee.github.io/survey-mit-spring-2026/images/renamed/visual_complex/8ac1bd79.JPEG
2505_ruler_n04611916_5916_conf0.997442.JPEG,c263320e.JPEG,visual_complex,https://mmarcantoinee.github.io/survey-mit-spring-2026/images/renamed/visual_complex/c263320e.JPEG
2527_helicopter_flickr_helicopter_0007_conf0.999635.jpg,e3ba3adf.jpg,visual_complex,https://mmarcantoinee.github.io/survey-mit-spring-2026/images/renamed/visual_complex/e3ba3adf.jpg
2527_helicopter_flickr_helicopter_0016_conf0.998493.jpg,68a3c649.jpg,visual_complex,https://mmarcantoinee.github.io/survey-mit-spring-2026/images/renamed/visual_complex/68a3c649.jpg
2527_helicopter_flickr_helicopter_0037_conf0.996418.jpg,c3500ce8.jpg,visual_complex,https://mmarcantoinee.github.io/survey-mit-spring-2026/images/renamed/visual_complex/c3500ce8.jpg
2527_helicopter_flickr_helicopter_0436_conf0.999966.jpg,fd281083.jpg,visual_complex,https://mmarcantoinee.github.io/survey-mit-spring-2026/images/renamed/visual_complex/fd281083.jpg
2527_helicopter_n02965122_1568_conf0.999999.JPEG,664d52dc.JPEG,visual_complex,https://mmarcantoinee.github.io/survey-mit-spring-2026/images/renamed/visual_complex/664d52dc.JPEG
2527_helicopter_n02965122_2682_conf0.997645.JPEG,df23121d.JPEG,visual_complex,https://mmarcantoinee.github.io/survey-mit-spring-2026/images/renamed/visual_complex/df23121d.JPEG
2527_helicopter_n02965122_5146_conf0.995630.JPEG,507929b3.JPEG,visual_complex,https://mmarcantoinee.github.io/survey-mit-spring-2026/images/renamed/visual_complex/507929b3.JPEG
2527_helicopter_n03512147_1069_conf0.995905.JPEG,781dd4c1.JPEG,visual_complex,https://mmarcantoinee.github.io/survey-mit-spring-2026/images/renamed/visual_complex/781dd4c1.JPEG
2527_helicopter_n03512147_6289_conf0.999997.JPEG,edff62f3.JPEG,visual_complex,https://mmarcantoinee.github.io/survey-mit-spring-2026/images/renamed/visual_complex/edff62f3.JPEG
2527_helicopter_n03512147_8068_conf0.999105.JPEG,7b870930.JPEG,visual_complex,https://mmarcantoinee.github.io/survey-mit-spring-2026/images/renamed/visual_complex/7b870930.JPEG
2555_manatee_bing_manatee_0048_conf0.996017.jpg,09f87988.jpg,visual_complex,https://mmarcantoinee.github.io/survey-mit-spring-2026/images/renamed/visual_complex/09f87988.jpg
2555_manatee_n02073831_2217_conf0.991800.JPEG,391985ec.JPEG,visual_complex,https://mmarcantoinee.github.io/survey-mit-spring-2026/images/renamed/visual_complex/391985ec.JPEG
2556_pinwheel_n03944138_1841_conf0.999974.JPEG,539d86b8.JPEG,visual_complex,https://mmarcantoinee.github.io/survey-mit-spring-2026/images/renamed/visual_complex/539d86b8.JPEG
2556_pinwheel_n03944138_7037_conf0.981631.JPEG,d976212e.JPEG,visual_complex,https://mmarcantoinee.github.io/survey-mit-spring-2026/images/renamed/visual_complex/d976212e.JPEG
2556_pinwheel_n03944341_5517_conf0.985380.JPEG,764ab4ad.JPEG,visual_complex,https://mmarcantoinee.github.io/survey-mit-spring-2026/images/renamed/visual_complex/764ab4ad.JPEG
2569_cherry_n07746334_4451_conf0.992756.JPEG,1a897e70.JPEG,visual_complex,https://mmarcantoinee.github.io/survey-mit-spring-2026/images/renamed/visual_complex/1a897e70.JPEG
2569_cherry_n07746334_4662_conf0.998643.JPEG,b250ae9b.JPEG,visual_complex,https://mmarcantoinee.github.io/survey-mit-spring-2026/images/renamed/visual_complex/b250ae9b.JPEG
2569_cherry_n07757511_3614_conf0.997957.JPEG,63e543df.JPEG,visual_complex,https://mmarcantoinee.github.io/survey-mit-spring-2026/images/renamed/visual_complex/63e543df.JPEG
2569_cherry_n07757511_6345_conf0.999996.JPEG,72905529.JPEG,visual_complex,https://mmarcantoinee.github.io/survey-mit-spring-2026/images/renamed/visual_complex/72905529.JPEG
2569_cherry_n12331655_2322_conf0.985310.JPEG,b49277a3.JPEG,visual_complex,https://mmarcantoinee.github.io/survey-mit-spring-2026/images/renamed/visual_complex/b49277a3.JPEG
2569_cherry_n12642200_12083_conf0.999522.JPEG,a76fdbd2.JPEG,visual_complex,https://mmarcantoinee.github.io/survey-mit-spring-2026/images/renamed/visual_complex/a76fdbd2.JPEG
2569_cherry_n12642200_20711_conf0.997444.JPEG,f4557dff.JPEG,visual_complex,https://mmarcantoinee.github.io/survey-mit-spring-2026/images/renamed/visual_complex/f4557dff.JPEG
2585_pickle_n07825194_1112_conf0.993866.JPEG,c7bca8d6.JPEG,visual_complex,https://mmarcantoinee.github.io/survey-mit-spring-2026/images/renamed/visual_complex/c7bca8d6.JPEG
2585_pickle_n07825194_2195_conf0.992811.JPEG,e9f8f87c.JPEG,visual_complex,https://mmarcantoinee.github.io/survey-mit-spring-2026/images/renamed/visual_complex/e9f8f87c.JPEG
2585_pickle_n07825399_837_conf0.999101.JPEG,3904e54f.JPEG,visual_complex,https://mmarcantoinee.github.io/survey-mit-spring-2026/images/renamed/visual_complex/3904e54f.JPEG
2644_guillotine_n03467068_7120_conf0.999777.JPEG,68517c61.JPEG,visual_complex,https://mmarcantoinee.github.io/survey-mit-spring-2026/images/renamed/visual_complex/68517c61.JPEG
2651_tapioca_n12926689_6438_conf0.999989.JPEG,3dd8ef5d.JPEG,visual_complex,https://mmarcantoinee.github.io/survey-mit-spring-2026/images/renamed/visual_complex/3dd8ef5d.JPEG
2659_coffeepot_n03063689_705_conf0.999813.JPEG,fde03035.JPEG,visual_complex,https://mmarcantoinee.github.io/survey-mit-spring-2026/images/renamed/visual_complex/fde03035.JPEG
2664_sharpener_n03908714_6542_conf0.999136.JPEG,44ddc2bc.JPEG,visual_complex,https://mmarcantoinee.github.io/survey-mit-spring-2026/images/renamed/visual_complex/44ddc2bc.JPEG
2664_sharpener_n04185071_2844_conf0.999983.JPEG,5f78fb40.JPEG,visual_complex,https://mmarcantoinee.github.io/survey-mit-spring-2026/images/renamed/visual_complex/5f78fb40.JPEG
2671_baguette_n07687381_7401_conf0.997451.JPEG,e36ca941.JPEG,visual_complex,https://mmarcantoinee.github.io/survey-mit-spring-2026/images/renamed/visual_complex/e36ca941.JPEG
2673_gearshift_n03432129_12489_conf0.999982.JPEG,57650db0.JPEG,visual_complex,https://mmarcantoinee.github.io/survey-mit-spring-2026/images/renamed/visual_complex/57650db0.JPEG
2673_gearshift_n03432129_16544_conf0.999930.JPEG,d7471217.JPEG,visual_complex,https://mmarcantoinee.github.io/survey-mit-spring-2026/images/renamed/visual_complex/d7471217.JPEG
2673_gearshift_n03432129_7767_conf0.989249.JPEG,70757686.JPEG,visual_complex,https://mmarcantoinee.github.io/survey-mit-spring-2026/images/renamed/visual_complex/70757686.JPEG
2698_pier_n03934042_16013_conf0.990736.JPEG,3e309383.JPEG,visual_complex,https://mmarcantoinee.github.io/survey-mit-spring-2026/images/renamed/visual_complex/3e309383.JPEG
2698_pier_n03934042_17976_conf0.999935.JPEG,df927427.JPEG,visual_complex,https://mmarcantoinee.github.io/survey-mit-spring-2026/images/renamed/visual_complex/df927427.JPEG
2720_artichoke_n07718747_1226_conf0.987828.JPEG,ce372f02.JPEG,visual_complex,https://mmarcantoinee.github.io/survey-mit-spring-2026/images/renamed/visual_complex/ce372f02.JPEG
2720_artichoke_n11959632_12977_conf0.998303.JPEG,4a164915.JPEG,visual_complex,https://mmarcantoinee.github.io/survey-mit-spring-2026/images/renamed/visual_complex/4a164915.JPEG
2720_artichoke_n11959632_9790_conf0.999770.JPEG,75f99e2c.JPEG,visual_complex,https://mmarcantoinee.github.io/survey-mit-spring-2026/images/renamed/visual_complex/75f99e2c.JPEG
2742_oscilloscope_bing_oscilloscope_0934_conf0.999999.jpg,e22fb8d9.jpg,visual_complex,https://mmarcantoinee.github.io/survey-mit-spring-2026/images/renamed/visual_complex/e22fb8d9.jpg
2742_oscilloscope_n03857828_14229_conf0.996363.JPEG,aad4e1c5.JPEG,visual_complex,https://mmarcantoinee.github.io/survey-mit-spring-2026/images/renamed/visual_complex/aad4e1c5.JPEG
2742_oscilloscope_n03857828_2751_conf0.999998.JPEG,61e03ff5.JPEG,visual_complex,https://mmarcantoinee.github.io/survey-mit-spring-2026/images/renamed/visual_complex/61e03ff5.JPEG
2742_oscilloscope_n03857828_39529_conf0.999997.JPEG,7324ff5e.JPEG,visual_complex,https://mmarcantoinee.github.io/survey-mit-spring-2026/images/renamed/visual_complex/7324ff5e.JPEG
2742_oscilloscope_n03857828_52747_conf0.999998.JPEG,4ac22c8e.JPEG,visual_complex,https://mmarcantoinee.github.io/survey-mit-spring-2026/images/renamed/visual_complex/4ac22c8e.JPEG
2742_oscilloscope_n03857828_7920_conf0.999983.JPEG,0542240f.JPEG,visual_complex,https://mmarcantoinee.github.io/survey-mit-spring-2026/images/renamed/visual_complex/0542240f.JPEG
2758_cube_n13916721_12542_conf1.000000.JPEG,031501e6.JPEG,visual_complex,https://mmarcantoinee.github.io/survey-mit-spring-2026/images/renamed/visual_complex/031501e6.JPEG
2758_cube_n13916721_6240_conf1.000000.JPEG,89662153.JPEG,visual_complex,https://mmarcantoinee.github.io/survey-mit-spring-2026/images/renamed/visual_complex/89662153.JPEG
2758_cube_n13916721_7176_conf0.999995.JPEG,57155fef.JPEG,visual_complex,https://mmarcantoinee.github.io/survey-mit-spring-2026/images/renamed/visual_complex/57155fef.JPEG
2777_stapler_bing_stapler_0021_conf0.999673.jpg,fc5dda5d.jpg,visual_complex,https://mmarcantoinee.github.io/survey-mit-spring-2026/images/renamed/visual_complex/fc5dda5d.jpg
2777_stapler_n04303497_1964_conf0.999691.JPEG,21e03305.JPEG,visual_complex,https://mmarcantoinee.github.io/survey-mit-spring-2026/images/renamed/visual_complex/21e03305.JPEG
2783_bubble_n02909053_1631_conf0.986733.JPEG,004a4a6b.JPEG,visual_complex,https://mmarcantoinee.github.io/survey-mit-spring-2026/images/renamed/visual_complex/004a4a6b.JPEG
2783_bubble_n07600285_5113_conf0.999197.JPEG,42ba2076.JPEG,visual_complex,https://mmarcantoinee.github.io/survey-mit-spring-2026/images/renamed/visual_complex/42ba2076.JPEG
2783_bubble_n07600285_9359_conf0.988493.JPEG,6c07600e.JPEG,visual_complex,https://mmarcantoinee.github.io/survey-mit-spring-2026/images/renamed/visual_complex/6c07600e.JPEG
2783_bubble_n09229709_36837_conf0.997478.JPEG,63af368f.JPEG,visual_complex,https://mmarcantoinee.github.io/survey-mit-spring-2026/images/renamed/visual_complex/63af368f.JPEG
2783_bubble_n09229709_40812_conf0.999425.JPEG,98bdbca2.JPEG,visual_complex,https://mmarcantoinee.github.io/survey-mit-spring-2026/images/renamed/visual_complex/98bdbca2.JPEG
2783_bubble_n09229709_54865_conf0.999948.JPEG,340f2529.JPEG,visual_complex,https://mmarcantoinee.github.io/survey-mit-spring-2026/images/renamed/visual_complex/340f2529.JPEG
2783_bubble_n09229709_61804_conf0.999523.JPEG,ea09e605.JPEG,visual_complex,https://mmarcantoinee.github.io/survey-mit-spring-2026/images/renamed/visual_complex/ea09e605.JPEG
2783_bubble_n09229709_6754_conf1.000000.JPEG,5ba12b36.JPEG,visual_complex,https://mmarcantoinee.github.io/survey-mit-spring-2026/images/renamed/visual_complex/5ba12b36.JPEG
2789_ukulele_bing_ukulele_0114_conf0.998018.jpg,6d1bc1cb.jpg,visual_complex,https://mmarcantoinee.github.io/survey-mit-spring-2026/images/renamed/visual_complex/6d1bc1cb.jpg
2789_ukulele_bing_ukulele_0250_conf0.992427.jpg,299cad65.jpg,visual_complex,https://mmarcantoinee.github.io/survey-mit-spring-2026/images/renamed/visual_complex/299cad65.jpg
2789_ukulele_n04506289_6460_conf0.985457.JPEG,a9f21b0c.JPEG,visual_complex,https://mmarcantoinee.github.io/survey-mit-spring-2026/images/renamed/visual_complex/a9f21b0c.JPEG
2796_tyrannosaurus_n01713764_10416_conf0.999990.JPEG,391189f2.JPEG,visual_complex,https://mmarcantoinee.github.io/survey-mit-spring-2026/images/renamed/visual_complex/391189f2.JPEG
2796_tyrannosaurus_n01713764_1234_conf1.000000.JPEG,09d70c15.JPEG,visual_complex,https://mmarcantoinee.github.io/survey-mit-spring-2026/images/renamed/visual_complex/09d70c15.JPEG
2796_tyrannosaurus_n01713764_14148_conf0.999704.JPEG,9c7b9d69.JPEG,visual_complex,https://mmarcantoinee.github.io/survey-mit-spring-2026/images/renamed/visual_complex/9c7b9d69.JPEG
2796_tyrannosaurus_n01713764_14204_conf0.999201.JPEG,04974758.JPEG,visual_complex,https://mmarcantoinee.github.io/survey-mit-spring-2026/images/renamed/visual_complex/04974758.JPEG
2796_tyrannosaurus_n01713764_16749_conf0.998910.JPEG,5abb9f5c.JPEG,visual_complex,https://mmarcantoinee.github.io/survey-mit-spring-2026/images/renamed/visual_complex/5abb9f5c.JPEG
2796_tyrannosaurus_n01713764_4041_conf0.999995.JPEG,7023ede3.JPEG,visual_complex,https://mmarcantoinee.github.io/survey-mit-spring-2026/images/renamed/visual_complex/7023ede3.JPEG
2796_tyrannosaurus_n01713764_5125_conf0.998509.JPEG,301309bb.JPEG,visual_complex,https://mmarcantoinee.github.io/survey-mit-spring-2026/images/renamed/visual_complex/301309bb.JPEG
2796_tyrannosaurus_n01713764_7120_conf0.995601.JPEG,284aab94.JPEG,visual_complex,https://mmarcantoinee.github.io/survey-mit-spring-2026/images/renamed/visual_complex/284aab94.JPEG
2796_tyrannosaurus_n01713764_9492_conf0.999997.JPEG,0735547b.JPEG,visual_complex,https://mmarcantoinee.github.io/survey-mit-spring-2026/images/renamed/visual_complex/0735547b.JPEG
2829_winterberry_n12757303_757_conf0.999229.JPEG,121c3500.JPEG,visual_complex,https://mmarcantoinee.github.io/survey-mit-spring-2026/images/renamed/visual_complex/121c3500.JPEG
2906_cassette_n02979399_10249_conf0.999990.JPEG,2e57e848.JPEG,visual_complex,https://mmarcantoinee.github.io/survey-mit-spring-2026/images/renamed/visual_complex/2e57e848.JPEG
2906_cassette_n02979399_2929_conf1.000000.JPEG,acc48502.JPEG,visual_complex,https://mmarcantoinee.github.io/survey-mit-spring-2026/images/renamed/visual_complex/acc48502.JPEG
2906_cassette_n02979399_9630_conf0.999980.JPEG,72dd1529.JPEG,visual_complex,https://mmarcantoinee.github.io/survey-mit-spring-2026/images/renamed/visual_complex/72dd1529.JPEG
2916_meteorite_bing_meteorite_0088_conf0.999681.jpg,5b40351c.jpg,visual_complex,https://mmarcantoinee.github.io/survey-mit-spring-2026/images/renamed/visual_complex/5b40351c.jpg
2916_meteorite_n09384106_619_conf0.990167.JPEG,72b9043c.JPEG,visual_complex,https://mmarcantoinee.github.io/survey-mit-spring-2026/images/renamed/visual_complex/72b9043c.JPEG
2972_rainbow_bing_arcoiris_0089_conf0.999316.jpg,6095048a.jpg,visual_complex,https://mmarcantoinee.github.io/survey-mit-spring-2026/images/renamed/visual_complex/6095048a.jpg
2972_rainbow_bing_arcoiris_0149_conf0.999284.jpg,0d3541ab.jpg,visual_complex,https://mmarcantoinee.github.io/survey-mit-spring-2026/images/renamed/visual_complex/0d3541ab.jpg
2972_rainbow_bing_arc_en_ciel_0332_conf1.000000.jpg,0c9d1222.jpg,visual_complex,https://mmarcantoinee.github.io/survey-mit-spring-2026/images/renamed/visual_complex/0c9d1222.jpg
2972_rainbow_bing_arc_en_ciel_0381_conf1.000000.jpg,4cc8883d.jpg,visual_complex,https://mmarcantoinee.github.io/survey-mit-spring-2026/images/renamed/visual_complex/4cc8883d.jpg
2972_rainbow_bing_regenbogen_0028_conf0.999892.jpg,ac96c5f3.jpg,visual_complex,https://mmarcantoinee.github.io/survey-mit-spring-2026/images/renamed/visual_complex/ac96c5f3.jpg
2972_rainbow_bing_regenbogen_0957_conf0.999964.jpg,3e3cc27b.jpg,visual_complex,https://mmarcantoinee.github.io/survey-mit-spring-2026/images/renamed/visual_complex/3e3cc27b.jpg
2972_rainbow_n09403427_1054_conf0.999999.JPEG,91ffe1c3.JPEG,visual_complex,https://mmarcantoinee.github.io/survey-mit-spring-2026/images/renamed/visual_complex/91ffe1c3.JPEG
2972_rainbow_n09403427_12845_conf0.999994.JPEG,b04d8bea.JPEG,visual_complex,https://mmarcantoinee.github.io/survey-mit-spring-2026/images/renamed/visual_complex/b04d8bea.JPEG
2972_rainbow_n09403427_13721_conf0.999988.JPEG,c54a2445.JPEG,visual_complex,https://mmarcantoinee.github.io/survey-mit-spring-2026/images/renamed/visual_complex/c54a2445.JPEG
2972_rainbow_n09403427_1787_conf0.998775.JPEG,dd6804d8.JPEG,visual_complex,https://mmarcantoinee.github.io/survey-mit-spring-2026/images/renamed/visual_complex/dd6804d8.JPEG
2972_rainbow_n09403427_19291_conf1.000000.JPEG,5ad980a5.JPEG,visual_complex,https://mmarcantoinee.github.io/survey-mit-spring-2026/images/renamed/visual_complex/5ad980a5.JPEG
2972_rainbow_n09403427_19349_conf1.000000.JPEG,05118e1e.JPEG,visual_complex,https://mmarcantoinee.github.io/survey-mit-spring-2026/images/renamed/visual_complex/05118e1e.JPEG
2972_rainbow_n09403427_22919_conf0.999996.JPEG,97d726e7.JPEG,visual_complex,https://mmarcantoinee.github.io/survey-mit-spring-2026/images/renamed/visual_complex/97d726e7.JPEG
2972_rainbow_n09403427_3142_conf1.000000.JPEG,774874ce.JPEG,visual_complex,https://mmarcantoinee.github.io/survey-mit-spring-2026/images/renamed/visual_complex/774874ce.JPEG
2972_rainbow_n09403427_3248_conf0.989985.JPEG,cf8f8a96.JPEG,visual_complex,https://mmarcantoinee.github.io/survey-mit-spring-2026/images/renamed/visual_complex/cf8f8a96.JPEG
2972_rainbow_n09403427_3511_conf0.999997.JPEG,3389e5e9.JPEG,visual_complex,https://mmarcantoinee.github.io/survey-mit-spring-2026/images/renamed/visual_complex/3389e5e9.JPEG
2972_rainbow_n09403427_847_conf0.999969.JPEG,e34894f6.JPEG,visual_complex,https://mmarcantoinee.github.io/survey-mit-spring-2026/images/renamed/visual_complex/e34894f6.JPEG
2972_rainbow_n09403427_9950_conf1.000000.JPEG,d86bf98a.JPEG,visual_complex,https://mmarcantoinee.github.io/survey-mit-spring-2026/images/renamed/visual_complex/d86bf98a.JPEG
2976_sieve_n04216634_13505_conf0.997030.JPEG,41bcc4df.JPEG,visual_complex,https://mmarcantoinee.github.io/survey-mit-spring-2026/images/renamed/visual_complex/41bcc4df.JPEG
2976_sieve_n04216634_19604_conf0.997117.JPEG,2f8156f5.JPEG,visual_complex,https://mmarcantoinee.github.io/survey-mit-spring-2026/images/renamed/visual_complex/2f8156f5.JPEG
2987_shredder_n04210120_4743_conf0.999610.JPEG,1056b022.JPEG,visual_complex,https://mmarcantoinee.github.io/survey-mit-spring-2026/images/renamed/visual_complex/1056b022.JPEG
3038_hovercraft_bing_hovercraft_0004_conf0.990270.jpg,74e53209.jpg,visual_complex,https://mmarcantoinee.github.io/survey-mit-spring-2026/images/renamed/visual_complex/74e53209.jpg
3038_hovercraft_n03547229_1195_conf0.999927.JPEG,a416018d.JPEG,visual_complex,https://mmarcantoinee.github.io/survey-mit-spring-2026/images/renamed/visual_complex/a416018d.JPEG
3038_hovercraft_n03547229_1289_conf0.984097.JPEG,9362f757.JPEG,visual_complex,https://mmarcantoinee.github.io/survey-mit-spring-2026/images/renamed/visual_complex/9362f757.JPEG
3038_hovercraft_n03547229_284_conf0.999999.JPEG,3697aca4.JPEG,visual_complex,https://mmarcantoinee.github.io/survey-mit-spring-2026/images/renamed/visual_complex/3697aca4.JPEG
3038_hovercraft_n03547229_445_conf1.000000.JPEG,557f56bf.JPEG,visual_complex,https://mmarcantoinee.github.io/survey-mit-spring-2026/images/renamed/visual_complex/557f56bf.JPEG
3038_hovercraft_n03547229_4835_conf1.000000.JPEG,e897eb2d.JPEG,visual_complex,https://mmarcantoinee.github.io/survey-mit-spring-2026/images/renamed/visual_complex/e897eb2d.JPEG
3038_hovercraft_n03547229_4852_conf0.999999.JPEG,9b9fc8ce.JPEG,visual_complex,https://mmarcantoinee.github.io/survey-mit-spring-2026/images/renamed/visual_complex/9b9fc8ce.JPEG
3038_hovercraft_n03547229_5261_conf0.999504.JPEG,77cd04c2.JPEG,visual_complex,https://mmarcantoinee.github.io/survey-mit-spring-2026/images/renamed/visual_complex/77cd04c2.JPEG
3038_hovercraft_n03547229_799_conf0.998220.JPEG,cc638f21.JPEG,visual_complex,https://mmarcantoinee.github.io/survey-mit-spring-2026/images/renamed/visual_complex/cc638f21.JPEG
scrambled_0005_house_n03118969_17692_conf0.987808.JPEG,757307f2.JPEG,visual_scrambled,https://mmarcantoinee.github.io/survey-mit-spring-2026/images/renamed/visual_scrambled/757307f2.JPEG
scrambled_0005_house_n03544360_2980_conf0.991858.JPEG,e43fead0.JPEG,visual_scrambled,https://mmarcantoinee.github.io/survey-mit-spring-2026/images/renamed/visual_scrambled/e43fead0.JPEG
scrambled_0009_car_n02960352_1512_conf0.999930.JPEG,cbb699d8.JPEG,visual_scrambled,https://mmarcantoinee.github.io/survey-mit-spring-2026/images/renamed/visual_scrambled/cbb699d8.JPEG
scrambled_0009_car_n03079136_20466_conf0.999753.JPEG,b0c79f1d.JPEG,visual_scrambled,https://mmarcantoinee.github.io/survey-mit-spring-2026/images/renamed/visual_scrambled/b0c79f1d.JPEG
scrambled_0009_car_n03079136_22002_conf0.999973.JPEG,77ad36ce.JPEG,visual_scrambled,https://mmarcantoinee.github.io/survey-mit-spring-2026/images/renamed/visual_scrambled/77ad36ce.JPEG
scrambled_0009_car_n03268790_187_conf0.998684.JPEG,2f377b63.JPEG,visual_scrambled,https://mmarcantoinee.github.io/survey-mit-spring-2026/images/renamed/visual_scrambled/2f377b63.JPEG
scrambled_0009_car_n03828020_3809_conf0.997630.JPEG,04d77a3b.JPEG,visual_scrambled,https://mmarcantoinee.github.io/survey-mit-spring-2026/images/renamed/visual_scrambled/04d77a3b.JPEG
scrambled_0009_car_n04285008_514_conf0.999237.JPEG,f04bbfb1.JPEG,visual_scrambled,https://mmarcantoinee.github.io/survey-mit-spring-2026/images/renamed/visual_scrambled/f04bbfb1.JPEG
scrambled_0009_car_n04285008_5897_conf0.999988.JPEG,eb90d631.JPEG,visual_scrambled,https://mmarcantoinee.github.io/survey-mit-spring-2026/images/renamed/visual_scrambled/eb90d631.JPEG
scrambled_0009_car_n04516354_1457_conf0.999927.JPEG,edb1a047.JPEG,visual_scrambled,https://mmarcantoinee.github.io/survey-mit-spring-2026/images/renamed/visual_scrambled/edb1a047.JPEG
scrambled_0027_bed_n02818832_5895_conf0.995826.JPEG,5fe5dd7d.JPEG,visual_scrambled,https://mmarcantoinee.github.io/survey-mit-spring-2026/images/renamed/visual_scrambled/5fe5dd7d.JPEG
scrambled_0027_bed_n02818832_9520_conf0.995277.JPEG,cc819730.JPEG,visual_scrambled,https://mmarcantoinee.github.io/survey-mit-spring-2026/images/renamed/visual_scrambled/cc819730.JPEG
scrambled_0027_bed_n03799876_6853_conf0.988367.JPEG,b868becf.JPEG,visual_scrambled,https://mmarcantoinee.github.io/survey-mit-spring-2026/images/renamed/visual_scrambled/b868becf.JPEG
scrambled_0027_bed_n04236809_3633_conf0.998014.JPEG,450d7c95.JPEG,visual_scrambled,https://mmarcantoinee.github.io/survey-mit-spring-2026/images/renamed/visual_scrambled/450d7c95.JPEG
scrambled_0039_dog_n02085374_10280_conf0.996912.JPEG,e4fd72a0.JPEG,visual_scrambled,https://mmarcantoinee.github.io/survey-mit-spring-2026/images/renamed/visual_scrambled/e4fd72a0.JPEG
scrambled_0039_dog_n02085374_2696_conf0.991626.JPEG,2079cc17.JPEG,visual_scrambled,https://mmarcantoinee.github.io/survey-mit-spring-2026/images/renamed/visual_scrambled/2079cc17.JPEG
scrambled_0045_ball_n02779435_17331_conf0.998588.JPEG,23bee34f.JPEG,visual_scrambled,https://mmarcantoinee.github.io/survey-mit-spring-2026/images/renamed/visual_scrambled/23bee34f.JPEG
scrambled_0045_ball_n03982232_4214_conf0.999999.JPEG,c7ff8472.JPEG,visual_scrambled,https://mmarcantoinee.github.io/survey-mit-spring-2026/images/renamed/visual_scrambled/c7ff8472.JPEG
scrambled_0047_fire_n03343560_12214_conf0.991463.JPEG,6f6e8a62.JPEG,visual_scrambled,https://mmarcantoinee.github.io/survey-mit-spring-2026/images/renamed/visual_scrambled/6f6e8a62.JPEG
scrambled_0047_fire_n10091450_7703_conf0.999699.JPEG,e7750c6d.JPEG,visual_scrambled,https://mmarcantoinee.github.io/survey-mit-spring-2026/images/renamed/visual_scrambled/e7750c6d.JPEG
scrambled_0047_fire_n10091564_7458_conf0.985483.JPEG,42507b9d.JPEG,visual_scrambled,https://mmarcantoinee.github.io/survey-mit-spring-2026/images/renamed/visual_scrambled/42507b9d.JPEG
scrambled_0050_horse_n02379430_2538_conf0.996777.JPEG,b0b97ec9.JPEG,visual_scrambled,https://mmarcantoinee.github.io/survey-mit-spring-2026/images/renamed/visual_scrambled/b0b97ec9.JPEG
scrambled_0051_city_n08524735_25625_conf0.995462.JPEG,8dd6e680.JPEG,visual_scrambled,https://mmarcantoinee.github.io/survey-mit-spring-2026/images/renamed/visual_scrambled/8dd6e680.JPEG
scrambled_0051_city_n08524735_29017_conf0.993732.JPEG,3827971d.JPEG,visual_scrambled,https://mmarcantoinee.github.io/survey-mit-spring-2026/images/renamed/visual_scrambled/3827971d.JPEG
scrambled_0061_boat_n02858304_10401_conf0.984338.JPEG,32432b71.JPEG,visual_scrambled,https://mmarcantoinee.github.io/survey-mit-spring-2026/images/renamed/visual_scrambled/32432b71.JPEG
scrambled_0071_camera_n02884994_4488_conf0.999870.JPEG,5b3cc8cc.JPEG,visual_scrambled,https://mmarcantoinee.github.io/survey-mit-spring-2026/images/renamed/visual_scrambled/5b3cc8cc.JPEG
scrambled_0071_camera_n02884994_4953_conf0.988625.JPEG,c6c9226e.JPEG,visual_scrambled,https://mmarcantoinee.github.io/survey-mit-spring-2026/images/renamed/visual_scrambled/c6c9226e.JPEG
scrambled_0071_camera_n02884994_751_conf0.999982.JPEG,e095d8f8.JPEG,visual_scrambled,https://mmarcantoinee.github.io/survey-mit-spring-2026/images/renamed/visual_scrambled/e095d8f8.JPEG
scrambled_0071_camera_n02942699_11878_conf0.999159.JPEG,4210ad4b.JPEG,visual_scrambled,https://mmarcantoinee.github.io/survey-mit-spring-2026/images/renamed/visual_scrambled/4210ad4b.JPEG
scrambled_0071_camera_n02942699_17098_conf0.999572.JPEG,36d9cff4.JPEG,visual_scrambled,https://mmarcantoinee.github.io/survey-mit-spring-2026/images/renamed/visual_scrambled/36d9cff4.JPEG
scrambled_0071_camera_n02947977_2147_conf0.999993.JPEG,5f73cfdc.JPEG,visual_scrambled,https://mmarcantoinee.github.io/survey-mit-spring-2026/images/renamed/visual_scrambled/5f73cfdc.JPEG
scrambled_0071_camera_n03196062_4424_conf0.988330.JPEG,9332963d.JPEG,visual_scrambled,https://mmarcantoinee.github.io/survey-mit-spring-2026/images/renamed/visual_scrambled/9332963d.JPEG
scrambled_0076_cup_n03216710_2535_conf0.988902.JPEG,09b901c3.JPEG,visual_scrambled,https://mmarcantoinee.github.io/survey-mit-spring-2026/images/renamed/visual_scrambled/09b901c3.JPEG
scrambled_0077_ship_n03095699_13680_conf0.999933.JPEG,2395e1c9.JPEG,visual_scrambled,https://mmarcantoinee.github.io/survey-mit-spring-2026/images/renamed/visual_scrambled/2395e1c9.JPEG
scrambled_0077_ship_n03095699_21056_conf0.999830.JPEG,cc5bffa7.JPEG,visual_scrambled,https://mmarcantoinee.github.io/survey-mit-spring-2026/images/renamed/visual_scrambled/cc5bffa7.JPEG
scrambled_0077_ship_n03095699_2769_conf0.999059.JPEG,1496ab5c.JPEG,visual_scrambled,https://mmarcantoinee.github.io/survey-mit-spring-2026/images/renamed/visual_scrambled/1496ab5c.JPEG
scrambled_0077_ship_n03673027_10498_conf0.999675.JPEG,3521357d.JPEG,visual_scrambled,https://mmarcantoinee.github.io/survey-mit-spring-2026/images/renamed/visual_scrambled/3521357d.JPEG
scrambled_0077_ship_n03673027_28419_conf0.983837.JPEG,f975209c.JPEG,visual_scrambled,https://mmarcantoinee.github.io/survey-mit-spring-2026/images/renamed/visual_scrambled/f975209c.JPEG
scrambled_0077_ship_n03673027_9534_conf0.990442.JPEG,36ce016c.JPEG,visual_scrambled,https://mmarcantoinee.github.io/survey-mit-spring-2026/images/renamed/visual_scrambled/36ce016c.JPEG
scrambled_0077_ship_n03896103_3067_conf0.995739.JPEG,c806fdb3.JPEG,visual_scrambled,https://mmarcantoinee.github.io/survey-mit-spring-2026/images/renamed/visual_scrambled/c806fdb3.JPEG
scrambled_0082_kitchen_bing_kitchen_0156_conf0.997462.jpg,ad391343.jpg,visual_scrambled,https://mmarcantoinee.github.io/survey-mit-spring-2026/images/renamed/visual_scrambled/ad391343.jpg
scrambled_0082_kitchen_n03619890_21018_conf0.992966.JPEG,21099448.JPEG,visual_scrambled,https://mmarcantoinee.github.io/survey-mit-spring-2026/images/renamed/visual_scrambled/21099448.JPEG
scrambled_0083_key_n03561047_2439_conf0.997525.JPEG,81832954.JPEG,visual_scrambled,https://mmarcantoinee.github.io/survey-mit-spring-2026/images/renamed/visual_scrambled/81832954.JPEG
scrambled_0083_key_n04226826_8770_conf0.996578.JPEG,d1840b0e.JPEG,visual_scrambled,https://mmarcantoinee.github.io/survey-mit-spring-2026/images/renamed/visual_scrambled/d1840b0e.JPEG
scrambled_0089_bus_n02924116_1345_conf0.995733.JPEG,0168752d.JPEG,visual_scrambled,https://mmarcantoinee.github.io/survey-mit-spring-2026/images/renamed/visual_scrambled/0168752d.JPEG
scrambled_0089_bus_n02924116_44909_conf0.980171.JPEG,6c968428.JPEG,visual_scrambled,https://mmarcantoinee.github.io/survey-mit-spring-2026/images/renamed/visual_scrambled/6c968428.JPEG
scrambled_0089_bus_n04212165_1359_conf0.997790.JPEG,e8e4c213.JPEG,visual_scrambled,https://mmarcantoinee.github.io/survey-mit-spring-2026/images/renamed/visual_scrambled/e8e4c213.JPEG
scrambled_0089_bus_n04212165_4507_conf0.999963.JPEG,ff9f1ae9.JPEG,visual_scrambled,https://mmarcantoinee.github.io/survey-mit-spring-2026/images/renamed/visual_scrambled/ff9f1ae9.JPEG
scrambled_0089_bus_n04487081_23038_conf0.999067.JPEG,c8a20ad3.JPEG,visual_scrambled,https://mmarcantoinee.github.io/survey-mit-spring-2026/images/renamed/visual_scrambled/c8a20ad3.JPEG
scrambled_0089_bus_n04487081_5899_conf0.999680.JPEG,67cd8695.JPEG,visual_scrambled,https://mmarcantoinee.github.io/survey-mit-spring-2026/images/renamed/visual_scrambled/67cd8695.JPEG
scrambled_0091_bridge_n02898711_4100_conf0.997916.JPEG,fb7a6c1d.JPEG,visual_scrambled,https://mmarcantoinee.github.io/survey-mit-spring-2026/images/renamed/visual_scrambled/fb7a6c1d.JPEG
scrambled_0091_bridge_n02953197_2227_conf0.987360.JPEG,0d8f92c2.JPEG,visual_scrambled,https://mmarcantoinee.github.io/survey-mit-spring-2026/images/renamed/visual_scrambled/0d8f92c2.JPEG
scrambled_0091_bridge_n04311004_2264_conf0.999793.JPEG,09414450.JPEG,visual_scrambled,https://mmarcantoinee.github.io/survey-mit-spring-2026/images/renamed/visual_scrambled/09414450.JPEG
scrambled_0091_bridge_n04492749_6056_conf0.999999.JPEG,ebe04830.JPEG,visual_scrambled,https://mmarcantoinee.github.io/survey-mit-spring-2026/images/renamed/visual_scrambled/ebe04830.JPEG
scrambled_0093_pizza_n03952576_10081_conf0.996039.JPEG,64753c3e.JPEG,visual_scrambled,https://mmarcantoinee.github.io/survey-mit-spring-2026/images/renamed/visual_scrambled/64753c3e.JPEG
scrambled_0093_pizza_n03952576_4124_conf0.999216.JPEG,8048aa05.JPEG,visual_scrambled,https://mmarcantoinee.github.io/survey-mit-spring-2026/images/renamed/visual_scrambled/8048aa05.JPEG
scrambled_0093_pizza_n07873807_10202_conf0.999979.JPEG,37899fca.JPEG,visual_scrambled,https://mmarcantoinee.github.io/survey-mit-spring-2026/images/renamed/visual_scrambled/37899fca.JPEG
scrambled_0093_pizza_n07873807_11752_conf0.999876.JPEG,c18dee09.JPEG,visual_scrambled,https://mmarcantoinee.github.io/survey-mit-spring-2026/images/renamed/visual_scrambled/c18dee09.JPEG
scrambled_0093_pizza_n07873807_4354_conf0.997827.JPEG,17e0df2b.JPEG,visual_scrambled,https://mmarcantoinee.github.io/survey-mit-spring-2026/images/renamed/visual_scrambled/17e0df2b.JPEG
scrambled_0093_pizza_n07874259_3887_conf0.998830.JPEG,20864485.JPEG,visual_scrambled,https://mmarcantoinee.github.io/survey-mit-spring-2026/images/renamed/visual_scrambled/20864485.JPEG
scrambled_0093_pizza_n07874343_1910_conf0.999905.JPEG,ca201ed2.JPEG,visual_scrambled,https://mmarcantoinee.github.io/survey-mit-spring-2026/images/renamed/visual_scrambled/ca201ed2.JPEG
scrambled_0093_pizza_n07874343_3698_conf0.991170.JPEG,d177610d.JPEG,visual_scrambled,https://mmarcantoinee.github.io/survey-mit-spring-2026/images/renamed/visual_scrambled/d177610d.JPEG
scrambled_0093_pizza_n07874343_4637_conf0.998187.JPEG,d2f9c836.JPEG,visual_scrambled,https://mmarcantoinee.github.io/survey-mit-spring-2026/images/renamed/visual_scrambled/d2f9c836.JPEG
scrambled_0093_pizza_n07874343_879_conf0.994282.JPEG,d12eba33.JPEG,visual_scrambled,https://mmarcantoinee.github.io/survey-mit-spring-2026/images/renamed/visual_scrambled/d12eba33.JPEG
scrambled_0094_computer_n03180011_6021_conf0.991924.JPEG,6e188f2c.JPEG,visual_scrambled,https://mmarcantoinee.github.io/survey-mit-spring-2026/images/renamed/visual_scrambled/6e188f2c.JPEG
scrambled_0094_computer_n03918480_20865_conf0.983836.JPEG,3d0f8ead.JPEG,visual_scrambled,https://mmarcantoinee.github.io/survey-mit-spring-2026/images/renamed/visual_scrambled/3d0f8ead.JPEG
scrambled_0094_computer_n03918480_29366_conf0.980988.JPEG,35f0ed25.JPEG,visual_scrambled,https://mmarcantoinee.github.io/survey-mit-spring-2026/images/renamed/visual_scrambled/35f0ed25.JPEG
scrambled_0097_church_n02667576_5509_conf0.995001.JPEG,0bbbdb09.JPEG,visual_scrambled,https://mmarcantoinee.github.io/survey-mit-spring-2026/images/renamed/visual_scrambled/0bbbdb09.JPEG
scrambled_0097_church_n02801184_11627_conf0.981598.JPEG,c6b659aa.JPEG,visual_scrambled,https://mmarcantoinee.github.io/survey-mit-spring-2026/images/renamed/visual_scrambled/c6b659aa.JPEG
scrambled_0111_doll_n03219135_9146_conf0.988967.JPEG,009c4803.JPEG,visual_scrambled,https://mmarcantoinee.github.io/survey-mit-spring-2026/images/renamed/visual_scrambled/009c4803.JPEG
scrambled_0111_doll_n03447358_258_conf0.992723.JPEG,effdb5bd.JPEG,visual_scrambled,https://mmarcantoinee.github.io/survey-mit-spring-2026/images/renamed/visual_scrambled/effdb5bd.JPEG
scrambled_0111_doll_n03607029_6874_conf0.981312.JPEG,bdba63c0.JPEG,visual_scrambled,https://mmarcantoinee.github.io/survey-mit-spring-2026/images/renamed/visual_scrambled/bdba63c0.JPEG
scrambled_0112_bell_n03028596_1902_conf0.991720.JPEG,8fbb4329.JPEG,visual_scrambled,https://mmarcantoinee.github.io/survey-mit-spring-2026/images/renamed/visual_scrambled/8fbb4329.JPEG
scrambled_0112_bell_n03028596_2818_conf0.997920.JPEG,c6fe66f9.JPEG,visual_scrambled,https://mmarcantoinee.github.io/survey-mit-spring-2026/images/renamed/visual_scrambled/c6fe66f9.JPEG
scrambled_0114_stairs_bing_stairs_0031_conf0.999861.jpg,ea9f7c46.jpg,visual_scrambled,https://mmarcantoinee.github.io/survey-mit-spring-2026/images/renamed/visual_scrambled/ea9f7c46.jpg
scrambled_0117_ring_bing_ring_0008_conf0.992389.jpg,3dc7109e.jpg,visual_scrambled,https://mmarcantoinee.github.io/survey-mit-spring-2026/images/renamed/visual_scrambled/3dc7109e.jpg
scrambled_0118_snake_n01730307_5294_conf0.998658.JPEG,9c1ef8a1.JPEG,visual_scrambled,https://mmarcantoinee.github.io/survey-mit-spring-2026/images/renamed/visual_scrambled/9c1ef8a1.JPEG
scrambled_0118_snake_n01730307_6295_conf0.997360.JPEG,fe166b06.JPEG,visual_scrambled,https://mmarcantoinee.github.io/survey-mit-spring-2026/images/renamed/visual_scrambled/fe166b06.JPEG
scrambled_0124_mountain_n09193705_24858_conf0.991869.JPEG,7b258873.JPEG,visual_scrambled,https://mmarcantoinee.github.io/survey-mit-spring-2026/images/renamed/visual_scrambled/7b258873.JPEG
scrambled_0124_mountain_n09193705_4901_conf0.999034.JPEG,366e9f14.JPEG,visual_scrambled,https://mmarcantoinee.github.io/survey-mit-spring-2026/images/renamed/visual_scrambled/366e9f14.JPEG
scrambled_0124_mountain_n09193705_5129_conf0.986255.JPEG,fe505dc3.JPEG,visual_scrambled,https://mmarcantoinee.github.io/survey-mit-spring-2026/images/renamed/visual_scrambled/fe505dc3.JPEG
scrambled_0124_mountain_n09403734_17840_conf0.982943.JPEG,91288b25.JPEG,visual_scrambled,https://mmarcantoinee.github.io/survey-mit-spring-2026/images/renamed/visual_scrambled/91288b25.JPEG
scrambled_0128_road_bing_road_0041_conf0.994692.jpg,cb138117.jpg,visual_scrambled,https://mmarcantoinee.github.io/survey-mit-spring-2026/images/renamed/visual_scrambled/cb138117.jpg
scrambled_0128_road_flickr_road_0050_conf0.997116.jpg,028e3b5b.jpg,visual_scrambled,https://mmarcantoinee.github.io/survey-mit-spring-2026/images/renamed/visual_scrambled/028e3b5b.jpg
scrambled_0128_road_flickr_road_0419_conf0.991322.jpg,c648c7de.jpg,visual_scrambled,https://mmarcantoinee.github.io/survey-mit-spring-2026/images/renamed/visual_scrambled/c648c7de.jpg
scrambled_0128_road_n04096066_40172_conf0.996229.JPEG,04a183db.JPEG,visual_scrambled,https://mmarcantoinee.github.io/survey-mit-spring-2026/images/renamed/visual_scrambled/04a183db.JPEG
scrambled_0131_wall_flickr_wall_0286_conf0.999964.jpg,1ccc972c.jpg,visual_scrambled,https://mmarcantoinee.github.io/survey-mit-spring-2026/images/renamed/visual_scrambled/1ccc972c.jpg
scrambled_0131_wall_flickr_wall_0403_conf0.998135.jpg,292758c7.jpg,visual_scrambled,https://mmarcantoinee.github.io/survey-mit-spring-2026/images/renamed/visual_scrambled/292758c7.jpg
scrambled_0131_wall_n03252637_12771_conf0.999267.JPEG,309e14a0.JPEG,visual_scrambled,https://mmarcantoinee.github.io/survey-mit-spring-2026/images/renamed/visual_scrambled/309e14a0.JPEG
scrambled_0131_wall_n03252637_3465_conf0.999403.JPEG,5f2c6bc4.JPEG,visual_scrambled,https://mmarcantoinee.github.io/survey-mit-spring-2026/images/renamed/visual_scrambled/5f2c6bc4.JPEG
scrambled_0135_toilet_n03371875_32856_conf0.986138.JPEG,f0879b34.JPEG,visual_scrambled,https://mmarcantoinee.github.io/survey-mit-spring-2026/images/renamed/visual_scrambled/f0879b34.JPEG
scrambled_0135_toilet_n03371875_41452_conf0.998971.JPEG,0bd4e123.JPEG,visual_scrambled,https://mmarcantoinee.github.io/survey-mit-spring-2026/images/renamed/visual_scrambled/0bd4e123.JPEG
scrambled_0135_toilet_n04018667_35625_conf0.997343.JPEG,fc016c1a.JPEG,visual_scrambled,https://mmarcantoinee.github.io/survey-mit-spring-2026/images/renamed/visual_scrambled/fc016c1a.JPEG
scrambled_0135_toilet_n04446276_14272_conf0.997087.JPEG,07d12b9f.JPEG,visual_scrambled,https://mmarcantoinee.github.io/survey-mit-spring-2026/images/renamed/visual_scrambled/07d12b9f.JPEG
scrambled_0137_train_n02917067_11379_conf0.999851.JPEG,1a329b02.JPEG,visual_scrambled,https://mmarcantoinee.github.io/survey-mit-spring-2026/images/renamed/visual_scrambled/1a329b02.JPEG
scrambled_0137_train_n02917067_543_conf0.999996.JPEG,5131dc69.JPEG,visual_scrambled,https://mmarcantoinee.github.io/survey-mit-spring-2026/images/renamed/visual_scrambled/5131dc69.JPEG
scrambled_0137_train_n02917067_6623_conf0.999972.JPEG,7c60e779.JPEG,visual_scrambled,https://mmarcantoinee.github.io/survey-mit-spring-2026/images/renamed/visual_scrambled/7c60e779.JPEG
scrambled_0137_train_n02971579_12849_conf0.980033.JPEG,6ab7d67b.JPEG,visual_scrambled,https://mmarcantoinee.github.io/survey-mit-spring-2026/images/renamed/visual_scrambled/6ab7d67b.JPEG
scrambled_0137_train_n03078802_3965_conf0.999994.JPEG,a204a6b2.JPEG,visual_scrambled,https://mmarcantoinee.github.io/survey-mit-spring-2026/images/renamed/visual_scrambled/a204a6b2.JPEG
scrambled_0137_train_n03541393_2962_conf0.999998.JPEG,fcc9ede3.JPEG,visual_scrambled,https://mmarcantoinee.github.io/survey-mit-spring-2026/images/renamed/visual_scrambled/fcc9ede3.JPEG
scrambled_0137_train_n04468005_19691_conf0.999284.JPEG,bed61bab.JPEG,visual_scrambled,https://mmarcantoinee.github.io/survey-mit-spring-2026/images/renamed/visual_scrambled/bed61bab.JPEG
scrambled_0138_bottle_n02823428_4583_conf0.999785.JPEG,030dbbb6.JPEG,visual_scrambled,https://mmarcantoinee.github.io/survey-mit-spring-2026/images/renamed/visual_scrambled/030dbbb6.JPEG
scrambled_0138_bottle_n02823428_8224_conf0.980015.JPEG,505296b2.JPEG,visual_scrambled,https://mmarcantoinee.github.io/survey-mit-spring-2026/images/renamed/visual_scrambled/505296b2.JPEG
scrambled_0138_bottle_n02823428_898_conf0.997379.JPEG,60cac5e4.JPEG,visual_scrambled,https://mmarcantoinee.github.io/survey-mit-spring-2026/images/renamed/visual_scrambled/60cac5e4.JPEG
scrambled_0138_bottle_n04591713_3409_conf0.995827.JPEG,a5e80bb7.JPEG,visual_scrambled,https://mmarcantoinee.github.io/survey-mit-spring-2026/images/renamed/visual_scrambled/a5e80bb7.JPEG
scrambled_0138_bottle_n04591713_350_conf0.980750.JPEG,9cdf7d2e.JPEG,visual_scrambled,https://mmarcantoinee.github.io/survey-mit-spring-2026/images/renamed/visual_scrambled/9cdf7d2e.JPEG
scrambled_0140_turtle_n01667432_111_conf0.999992.JPEG,9ff75a65.JPEG,visual_scrambled,https://mmarcantoinee.github.io/survey-mit-spring-2026/images/renamed/visual_scrambled/9ff75a65.JPEG
scrambled_0140_turtle_n01669191_975_conf0.995476.JPEG,1da042c3.JPEG,visual_scrambled,https://mmarcantoinee.github.io/survey-mit-spring-2026/images/renamed/visual_scrambled/1da042c3.JPEG
scrambled_0145_egg_n07841495_1683_conf0.994712.JPEG,114d9d89.JPEG,visual_scrambled,https://mmarcantoinee.github.io/survey-mit-spring-2026/images/renamed/visual_scrambled/114d9d89.JPEG
scrambled_0145_egg_n07841495_3110_conf0.981708.JPEG,841bc387.JPEG,visual_scrambled,https://mmarcantoinee.github.io/survey-mit-spring-2026/images/renamed/visual_scrambled/841bc387.JPEG
scrambled_0145_egg_n07843636_754_conf0.994412.JPEG,569a6e4a.JPEG,visual_scrambled,https://mmarcantoinee.github.io/survey-mit-spring-2026/images/renamed/visual_scrambled/569a6e4a.JPEG
scrambled_0146_river_n09415671_19374_conf0.987942.JPEG,1e240b4a.JPEG,visual_scrambled,https://mmarcantoinee.github.io/survey-mit-spring-2026/images/renamed/visual_scrambled/1e240b4a.JPEG
scrambled_0148_cat_n02123242_10903_conf0.990581.JPEG,5f551e20.JPEG,visual_scrambled,https://mmarcantoinee.github.io/survey-mit-spring-2026/images/renamed/visual_scrambled/5f551e20.JPEG
scrambled_0149_truck_n04467665_1748_conf0.983601.JPEG,5928f4f0.JPEG,visual_scrambled,https://mmarcantoinee.github.io/survey-mit-spring-2026/images/renamed/visual_scrambled/5928f4f0.JPEG
scrambled_0149_truck_n04467665_38886_conf0.998281.JPEG,32668fea.JPEG,visual_scrambled,https://mmarcantoinee.github.io/survey-mit-spring-2026/images/renamed/visual_scrambled/32668fea.JPEG
scrambled_0149_truck_n04490091_9372_conf0.995678.JPEG,54f2dde5.JPEG,visual_scrambled,https://mmarcantoinee.github.io/survey-mit-spring-2026/images/renamed/visual_scrambled/54f2dde5.JPEG
scrambled_0154_bear_n02132788_17280_conf0.988721.JPEG,8cebe2d6.JPEG,visual_scrambled,https://mmarcantoinee.github.io/survey-mit-spring-2026/images/renamed/visual_scrambled/8cebe2d6.JPEG
scrambled_0156_moon_flickr_moon_0091_conf0.999988.jpg,f38a2f13.jpg,visual_scrambled,https://mmarcantoinee.github.io/survey-mit-spring-2026/images/renamed/visual_scrambled/f38a2f13.jpg
scrambled_0156_moon_flickr_moon_0369_conf0.993135.jpg,a9d93828.jpg,visual_scrambled,https://mmarcantoinee.github.io/survey-mit-spring-2026/images/renamed/visual_scrambled/a9d93828.jpg
scrambled_0163_lemon_n04966543_17346_conf0.998299.JPEG,63f7986b.JPEG,visual_scrambled,https://mmarcantoinee.github.io/survey-mit-spring-2026/images/renamed/visual_scrambled/63f7986b.JPEG
scrambled_0163_lemon_n05716342_1680_conf0.988558.JPEG,1e68e8d1.JPEG,visual_scrambled,https://mmarcantoinee.github.io/survey-mit-spring-2026/images/renamed/visual_scrambled/1e68e8d1.JPEG
scrambled_0163_lemon_n07749582_13467_conf0.985569.JPEG,8dfeb12d.JPEG,visual_scrambled,https://mmarcantoinee.github.io/survey-mit-spring-2026/images/renamed/visual_scrambled/8dfeb12d.JPEG
scrambled_0163_lemon_n07749582_14850_conf0.999519.JPEG,40d23412.JPEG,visual_scrambled,https://mmarcantoinee.github.io/survey-mit-spring-2026/images/renamed/visual_scrambled/40d23412.JPEG
scrambled_0164_frog_n01641206_11153_conf0.999451.JPEG,8cecfd8b.JPEG,visual_scrambled,https://mmarcantoinee.github.io/survey-mit-spring-2026/images/renamed/visual_scrambled/8cecfd8b.JPEG
scrambled_0164_frog_n01644373_7864_conf0.996024.JPEG,07a8a9cc.JPEG,visual_scrambled,https://mmarcantoinee.github.io/survey-mit-spring-2026/images/renamed/visual_scrambled/07a8a9cc.JPEG
scrambled_0164_frog_n01644373_8771_conf0.999889.JPEG,886542eb.JPEG,visual_scrambled,https://mmarcantoinee.github.io/survey-mit-spring-2026/images/renamed/visual_scrambled/886542eb.JPEG
scrambled_0164_frog_n01650167_4861_conf0.999993.JPEG,3a23b2de.JPEG,visual_scrambled,https://mmarcantoinee.github.io/survey-mit-spring-2026/images/renamed/visual_scrambled/3a23b2de.JPEG
scrambled_0167_pillow_n03938244_2512_conf0.999389.JPEG,216bf2e5.JPEG,visual_scrambled,https://mmarcantoinee.github.io/survey-mit-spring-2026/images/renamed/visual_scrambled/216bf2e5.JPEG
scrambled_0168_elephant_n02503517_7473_conf0.982527.JPEG,25a4e68d.JPEG,visual_scrambled,https://mmarcantoinee.github.io/survey-mit-spring-2026/images/renamed/visual_scrambled/25a4e68d.JPEG
scrambled_0168_elephant_n02503517_7778_conf0.999849.JPEG,b454a429.JPEG,visual_scrambled,https://mmarcantoinee.github.io/survey-mit-spring-2026/images/renamed/visual_scrambled/b454a429.JPEG
scrambled_0168_elephant_n02504013_4372_conf0.999959.JPEG,d46f3dd4.JPEG,visual_scrambled,https://mmarcantoinee.github.io/survey-mit-spring-2026/images/renamed/visual_scrambled/d46f3dd4.JPEG
scrambled_0168_elephant_n02504013_5381_conf0.999822.JPEG,197563db.JPEG,visual_scrambled,https://mmarcantoinee.github.io/survey-mit-spring-2026/images/renamed/visual_scrambled/197563db.JPEG
scrambled_0168_elephant_n02504013_6483_conf0.999466.JPEG,9e039a86.JPEG,visual_scrambled,https://mmarcantoinee.github.io/survey-mit-spring-2026/images/renamed/visual_scrambled/9e039a86.JPEG
scrambled_0168_elephant_n02504458_4838_conf0.999979.JPEG,fbe0f476.JPEG,visual_scrambled,https://mmarcantoinee.github.io/survey-mit-spring-2026/images/renamed/visual_scrambled/fbe0f476.JPEG
scrambled_0169_cow_n01887787_12293_conf0.990014.JPEG,e88bf281.JPEG,visual_scrambled,https://mmarcantoinee.github.io/survey-mit-spring-2026/images/renamed/visual_scrambled/e88bf281.JPEG
scrambled_0169_cow_n01887787_12542_conf0.994700.JPEG,0dc9e06b.JPEG,visual_scrambled,https://mmarcantoinee.github.io/survey-mit-spring-2026/images/renamed/visual_scrambled/0dc9e06b.JPEG
scrambled_0169_cow_n01887787_4035_conf0.999548.JPEG,93529ae1.JPEG,visual_scrambled,https://mmarcantoinee.github.io/survey-mit-spring-2026/images/renamed/visual_scrambled/93529ae1.JPEG
scrambled_0169_cow_n02407390_5241_conf0.997461.JPEG,d24887d7.JPEG,visual_scrambled,https://mmarcantoinee.github.io/survey-mit-spring-2026/images/renamed/visual_scrambled/d24887d7.JPEG
scrambled_0170_banana_n07753592_2264_conf0.984748.JPEG,664ef69f.JPEG,visual_scrambled,https://mmarcantoinee.github.io/survey-mit-spring-2026/images/renamed/visual_scrambled/664ef69f.JPEG
scrambled_0170_banana_n12352639_573_conf0.999658.JPEG,863c8a1f.JPEG,visual_scrambled,https://mmarcantoinee.github.io/survey-mit-spring-2026/images/renamed/visual_scrambled/863c8a1f.JPEG
scrambled_0170_banana_n12353203_2528_conf0.985669.JPEG,78247072.JPEG,visual_scrambled,https://mmarcantoinee.github.io/survey-mit-spring-2026/images/renamed/visual_scrambled/78247072.JPEG
scrambled_0175_ladder_bing_ladder_0001_conf0.994894.jpg,aeb4da75.jpg,visual_scrambled,https://mmarcantoinee.github.io/survey-mit-spring-2026/images/renamed/visual_scrambled/aeb4da75.jpg
scrambled_0177_popcorn_n07732636_17533_conf0.998876.JPEG,de9fd4da.JPEG,visual_scrambled,https://mmarcantoinee.github.io/survey-mit-spring-2026/images/renamed/visual_scrambled/de9fd4da.JPEG
scrambled_0177_popcorn_n07732636_8892_conf0.994119.JPEG,581915dc.JPEG,visual_scrambled,https://mmarcantoinee.github.io/survey-mit-spring-2026/images/renamed/visual_scrambled/581915dc.JPEG
scrambled_0182_refrigerator_n03170635_16030_conf0.990092.JPEG,78c86596.JPEG,visual_scrambled,https://mmarcantoinee.github.io/survey-mit-spring-2026/images/renamed/visual_scrambled/78c86596.JPEG
scrambled_0182_refrigerator_n04070727_11232_conf0.996910.JPEG,63c2c71d.JPEG,visual_scrambled,https://mmarcantoinee.github.io/survey-mit-spring-2026/images/renamed/visual_scrambled/63c2c71d.JPEG
scrambled_0182_refrigerator_n04070727_2121_conf0.980392.JPEG,6911f767.JPEG,visual_scrambled,https://mmarcantoinee.github.io/survey-mit-spring-2026/images/renamed/visual_scrambled/6911f767.JPEG
scrambled_0183_jar_n03725600_4565_conf0.993690.JPEG,2967dc14.JPEG,visual_scrambled,https://mmarcantoinee.github.io/survey-mit-spring-2026/images/renamed/visual_scrambled/2967dc14.JPEG
scrambled_0185_hamburger_n07690152_4555_conf0.999285.JPEG,75170727.JPEG,visual_scrambled,https://mmarcantoinee.github.io/survey-mit-spring-2026/images/renamed/visual_scrambled/75170727.JPEG
scrambled_0185_hamburger_n07690152_7083_conf0.995862.JPEG,668fbb89.JPEG,visual_scrambled,https://mmarcantoinee.github.io/survey-mit-spring-2026/images/renamed/visual_scrambled/668fbb89.JPEG
scrambled_0185_hamburger_n07697313_1168_conf0.998463.JPEG,833d09cc.JPEG,visual_scrambled,https://mmarcantoinee.github.io/survey-mit-spring-2026/images/renamed/visual_scrambled/833d09cc.JPEG
scrambled_0185_hamburger_n07697313_327_conf0.995353.JPEG,9ca38a07.JPEG,visual_scrambled,https://mmarcantoinee.github.io/survey-mit-spring-2026/images/renamed/visual_scrambled/9ca38a07.JPEG
scrambled_0185_hamburger_n07697313_899_conf0.994604.JPEG,4c9dc305.JPEG,visual_scrambled,https://mmarcantoinee.github.io/survey-mit-spring-2026/images/renamed/visual_scrambled/4c9dc305.JPEG
scrambled_0193_bean_n07727578_4402_conf0.995529.JPEG,7b1df4d8.JPEG,visual_scrambled,https://mmarcantoinee.github.io/survey-mit-spring-2026/images/renamed/visual_scrambled/7b1df4d8.JPEG
scrambled_0193_bean_n07727868_13896_conf0.989558.JPEG,6173f832.JPEG,visual_scrambled,https://mmarcantoinee.github.io/survey-mit-spring-2026/images/renamed/visual_scrambled/6173f832.JPEG
scrambled_0194_castle_n02980441_11772_conf0.995974.JPEG,51501702.JPEG,visual_scrambled,https://mmarcantoinee.github.io/survey-mit-spring-2026/images/renamed/visual_scrambled/51501702.JPEG
scrambled_0194_castle_n02980441_12884_conf0.999996.JPEG,4dfe2934.JPEG,visual_scrambled,https://mmarcantoinee.github.io/survey-mit-spring-2026/images/renamed/visual_scrambled/4dfe2934.JPEG
scrambled_0194_castle_n02980441_3670_conf0.996892.JPEG,e07ef20e.JPEG,visual_scrambled,https://mmarcantoinee.github.io/survey-mit-spring-2026/images/renamed/visual_scrambled/e07ef20e.JPEG
scrambled_0206_tomato_n07734017_1274_conf0.988417.JPEG,beccc0a7.JPEG,visual_scrambled,https://mmarcantoinee.github.io/survey-mit-spring-2026/images/renamed/visual_scrambled/beccc0a7.JPEG
scrambled_0206_tomato_n07734292_5303_conf0.993520.JPEG,18876a44.JPEG,visual_scrambled,https://mmarcantoinee.github.io/survey-mit-spring-2026/images/renamed/visual_scrambled/18876a44.JPEG
scrambled_0206_tomato_n07734417_3366_conf0.998212.JPEG,0b26ed8e.JPEG,visual_scrambled,https://mmarcantoinee.github.io/survey-mit-spring-2026/images/renamed/visual_scrambled/0b26ed8e.JPEG
scrambled_0206_tomato_n12906214_6492_conf0.999484.JPEG,3a788943.JPEG,visual_scrambled,https://mmarcantoinee.github.io/survey-mit-spring-2026/images/renamed/visual_scrambled/3a788943.JPEG
scrambled_0208_strawberry_n07745940_11018_conf0.988630.JPEG,6d3cdcfd.JPEG,visual_scrambled,https://mmarcantoinee.github.io/survey-mit-spring-2026/images/renamed/visual_scrambled/6d3cdcfd.JPEG
scrambled_0208_strawberry_n07745940_12628_conf0.990209.JPEG,1115948c.JPEG,visual_scrambled,https://mmarcantoinee.github.io/survey-mit-spring-2026/images/renamed/visual_scrambled/1115948c.JPEG
scrambled_0208_strawberry_n07745940_4024_conf0.996141.JPEG,9581ae2d.JPEG,visual_scrambled,https://mmarcantoinee.github.io/survey-mit-spring-2026/images/renamed/visual_scrambled/9581ae2d.JPEG
scrambled_0208_strawberry_n07745940_7056_conf0.996773.JPEG,de1589ba.JPEG,visual_scrambled,https://mmarcantoinee.github.io/survey-mit-spring-2026/images/renamed/visual_scrambled/de1589ba.JPEG
scrambled_0208_strawberry_n12630763_1069_conf0.989297.JPEG,ac17c674.JPEG,visual_scrambled,https://mmarcantoinee.github.io/survey-mit-spring-2026/images/renamed/visual_scrambled/ac17c674.JPEG
scrambled_0210_donkey_n02389779_4550_conf0.997285.JPEG,82828377.JPEG,visual_scrambled,https://mmarcantoinee.github.io/survey-mit-spring-2026/images/renamed/visual_scrambled/82828377.JPEG
scrambled_0215_axe_n02764044_18544_conf0.997029.JPEG,35270439.JPEG,visual_scrambled,https://mmarcantoinee.github.io/survey-mit-spring-2026/images/renamed/visual_scrambled/35270439.JPEG
scrambled_0215_axe_n02811468_3997_conf0.996300.JPEG,bb9ff276.JPEG,visual_scrambled,https://mmarcantoinee.github.io/survey-mit-spring-2026/images/renamed/visual_scrambled/bb9ff276.JPEG
scrambled_0220_mailbox_bing_letter_box_1868_conf0.999959.jpg,77e92682.jpg,visual_scrambled,https://mmarcantoinee.github.io/survey-mit-spring-2026/images/renamed/visual_scrambled/77e92682.jpg
scrambled_0220_mailbox_n03710193_9034_conf0.999999.JPEG,e7c386f1.JPEG,visual_scrambled,https://mmarcantoinee.github.io/survey-mit-spring-2026/images/renamed/visual_scrambled/e7c386f1.JPEG
scrambled_0222_grape_n07758680_16661_conf0.999630.JPEG,7b64f5d7.JPEG,visual_scrambled,https://mmarcantoinee.github.io/survey-mit-spring-2026/images/renamed/visual_scrambled/7b64f5d7.JPEG
scrambled_0222_grape_n07758680_4446_conf0.999809.JPEG,3b17a4ef.JPEG,visual_scrambled,https://mmarcantoinee.github.io/survey-mit-spring-2026/images/renamed/visual_scrambled/3b17a4ef.JPEG
scrambled_0222_grape_n07758680_4511_conf0.995249.JPEG,8b02ad87.JPEG,visual_scrambled,https://mmarcantoinee.github.io/survey-mit-spring-2026/images/renamed/visual_scrambled/8b02ad87.JPEG
scrambled_0222_grape_n07760153_3680_conf0.998716.JPEG,72b203ba.JPEG,visual_scrambled,https://mmarcantoinee.github.io/survey-mit-spring-2026/images/renamed/visual_scrambled/72b203ba.JPEG
scrambled_0222_grape_n13146583_1830_conf0.999980.JPEG,77f1bee3.JPEG,visual_scrambled,https://mmarcantoinee.github.io/survey-mit-spring-2026/images/renamed/visual_scrambled/77f1bee3.JPEG
scrambled_0224_carrot_n07730207_195_conf0.995586.JPEG,28acb5bd.JPEG,visual_scrambled,https://mmarcantoinee.github.io/survey-mit-spring-2026/images/renamed/visual_scrambled/28acb5bd.JPEG
scrambled_0224_carrot_n07730207_2850_conf0.997400.JPEG,ef726d47.JPEG,visual_scrambled,https://mmarcantoinee.github.io/survey-mit-spring-2026/images/renamed/visual_scrambled/ef726d47.JPEG
scrambled_0224_carrot_n07730207_54_conf0.995839.JPEG,ffbf0e1f.JPEG,visual_scrambled,https://mmarcantoinee.github.io/survey-mit-spring-2026/images/renamed/visual_scrambled/ffbf0e1f.JPEG
scrambled_0224_carrot_n07730207_6020_conf0.999823.JPEG,d13b2406.JPEG,visual_scrambled,https://mmarcantoinee.github.io/survey-mit-spring-2026/images/renamed/visual_scrambled/d13b2406.JPEG
scrambled_0224_carrot_n07730207_739_conf0.995239.JPEG,27cfc69d.JPEG,visual_scrambled,https://mmarcantoinee.github.io/survey-mit-spring-2026/images/renamed/visual_scrambled/27cfc69d.JPEG
scrambled_0224_carrot_n07730207_805_conf0.999951.JPEG,000abf0f.JPEG,visual_scrambled,https://mmarcantoinee.github.io/survey-mit-spring-2026/images/renamed/visual_scrambled/000abf0f.JPEG
scrambled_0224_carrot_n07730320_4463_conf0.988623.JPEG,9457cd49.JPEG,visual_scrambled,https://mmarcantoinee.github.io/survey-mit-spring-2026/images/renamed/visual_scrambled/9457cd49.JPEG
scrambled_0224_carrot_n07730320_8062_conf0.995599.JPEG,63960f30.JPEG,visual_scrambled,https://mmarcantoinee.github.io/survey-mit-spring-2026/images/renamed/visual_scrambled/63960f30.JPEG
scrambled_0226_tractor_n04465501_5323_conf0.994756.JPEG,48d29315.JPEG,visual_scrambled,https://mmarcantoinee.github.io/survey-mit-spring-2026/images/renamed/visual_scrambled/48d29315.JPEG
scrambled_0226_tractor_n04465666_1442_conf0.999029.JPEG,9fdbf77e.JPEG,visual_scrambled,https://mmarcantoinee.github.io/survey-mit-spring-2026/images/renamed/visual_scrambled/9fdbf77e.JPEG
scrambled_0226_tractor_n04465666_2902_conf0.998063.JPEG,4027340b.JPEG,visual_scrambled,https://mmarcantoinee.github.io/survey-mit-spring-2026/images/renamed/visual_scrambled/4027340b.JPEG
scrambled_0229_cupcake_bing_cupcake_0124_conf0.994844.jpg,95656b31.jpg,visual_scrambled,https://mmarcantoinee.github.io/survey-mit-spring-2026/images/renamed/visual_scrambled/95656b31.jpg
scrambled_0229_cupcake_flickr_cupcake_0272_conf0.987117.jpg,9e94e47c.jpg,visual_scrambled,https://mmarcantoinee.github.io/survey-mit-spring-2026/images/renamed/visual_scrambled/9e94e47c.jpg
scrambled_0232_fern_flickr_fern_0460_conf0.984344.jpg,43989f8f.jpg,visual_scrambled,https://mmarcantoinee.github.io/survey-mit-spring-2026/images/renamed/visual_scrambled/43989f8f.jpg
scrambled_0232_fern_n13214340_5640_conf0.999998.JPEG,429daa76.JPEG,visual_scrambled,https://mmarcantoinee.github.io/survey-mit-spring-2026/images/renamed/visual_scrambled/429daa76.JPEG
scrambled_0234_bagel_n07693725_10201_conf0.990063.JPEG,fb3cd505.JPEG,visual_scrambled,https://mmarcantoinee.github.io/survey-mit-spring-2026/images/renamed/visual_scrambled/fb3cd505.JPEG
scrambled_0234_bagel_n07693725_1163_conf0.998586.JPEG,89681e43.JPEG,visual_scrambled,https://mmarcantoinee.github.io/survey-mit-spring-2026/images/renamed/visual_scrambled/89681e43.JPEG
scrambled_0235_telescope_n04070207_6440_conf1.000000.JPEG,4d232824.JPEG,visual_scrambled,https://mmarcantoinee.github.io/survey-mit-spring-2026/images/renamed/visual_scrambled/4d232824.JPEG
scrambled_0236_cactus_n11851578_4716_conf0.985205.JPEG,49a9ba86.JPEG,visual_scrambled,https://mmarcantoinee.github.io/survey-mit-spring-2026/images/renamed/visual_scrambled/49a9ba86.JPEG
scrambled_0238_tent_n02769963_2395_conf0.999992.JPEG,8bbb17cc.JPEG,visual_scrambled,https://mmarcantoinee.github.io/survey-mit-spring-2026/images/renamed/visual_scrambled/8bbb17cc.JPEG
scrambled_0240_microscope_n02841506_3262_conf0.999948.JPEG,7bbef387.JPEG,visual_scrambled,https://mmarcantoinee.github.io/survey-mit-spring-2026/images/renamed/visual_scrambled/7bbef387.JPEG
scrambled_0240_microscope_n03082280_1170_conf1.000000.JPEG,49487e1f.JPEG,visual_scrambled,https://mmarcantoinee.github.io/survey-mit-spring-2026/images/renamed/visual_scrambled/49487e1f.JPEG
scrambled_0240_microscope_n03082280_1849_conf0.999999.JPEG,c9d16b0f.JPEG,visual_scrambled,https://mmarcantoinee.github.io/survey-mit-spring-2026/images/renamed/visual_scrambled/c9d16b0f.JPEG
scrambled_0240_microscope_n03082280_3720_conf0.999933.JPEG,ae63c321.JPEG,visual_scrambled,https://mmarcantoinee.github.io/survey-mit-spring-2026/images/renamed/visual_scrambled/ae63c321.JPEG
scrambled_0240_microscope_n03760671_11904_conf0.999987.JPEG,c00f570c.JPEG,visual_scrambled,https://mmarcantoinee.github.io/survey-mit-spring-2026/images/renamed/visual_scrambled/c00f570c.JPEG
scrambled_0240_microscope_n03760671_12483_conf0.999798.JPEG,ccd98f99.JPEG,visual_scrambled,https://mmarcantoinee.github.io/survey-mit-spring-2026/images/renamed/visual_scrambled/ccd98f99.JPEG
scrambled_0240_microscope_n04506688_2971_conf0.999737.JPEG,5d8fcc89.JPEG,visual_scrambled,https://mmarcantoinee.github.io/survey-mit-spring-2026/images/renamed/visual_scrambled/5d8fcc89.JPEG
scrambled_0243_kite_n04284869_3474_conf0.991133.JPEG,0047ce25.JPEG,visual_scrambled,https://mmarcantoinee.github.io/survey-mit-spring-2026/images/renamed/visual_scrambled/0047ce25.JPEG
scrambled_0243_kite_n04284869_470_conf0.999971.JPEG,c3605d11.JPEG,visual_scrambled,https://mmarcantoinee.github.io/survey-mit-spring-2026/images/renamed/visual_scrambled/c3605d11.JPEG
scrambled_0243_kite_n04284869_5870_conf0.999989.JPEG,a346097e.JPEG,visual_scrambled,https://mmarcantoinee.github.io/survey-mit-spring-2026/images/renamed/visual_scrambled/a346097e.JPEG
scrambled_0243_kite_n04284869_6635_conf1.000000.JPEG,e68a149c.JPEG,visual_scrambled,https://mmarcantoinee.github.io/survey-mit-spring-2026/images/renamed/visual_scrambled/e68a149c.JPEG
scrambled_0243_kite_n04284869_978_conf0.999616.JPEG,50b66c0b.JPEG,visual_scrambled,https://mmarcantoinee.github.io/survey-mit-spring-2026/images/renamed/visual_scrambled/50b66c0b.JPEG
scrambled_0246_lantern_n03018712_1551_conf0.996840.JPEG,cd47a9db.JPEG,visual_scrambled,https://mmarcantoinee.github.io/survey-mit-spring-2026/images/renamed/visual_scrambled/cd47a9db.JPEG
scrambled_0246_lantern_n03549897_3217_conf0.996355.JPEG,69d18fef.JPEG,visual_scrambled,https://mmarcantoinee.github.io/survey-mit-spring-2026/images/renamed/visual_scrambled/69d18fef.JPEG
scrambled_0247_octopus_n01970164_24754_conf0.982202.JPEG,daacf03c.JPEG,visual_scrambled,https://mmarcantoinee.github.io/survey-mit-spring-2026/images/renamed/visual_scrambled/daacf03c.JPEG
scrambled_0247_octopus_n01970164_4085_conf0.981149.JPEG,ec7b97b9.JPEG,visual_scrambled,https://mmarcantoinee.github.io/survey-mit-spring-2026/images/renamed/visual_scrambled/ec7b97b9.JPEG
scrambled_0250_lamp_n03636248_23346_conf0.995987.JPEG,bd264368.JPEG,visual_scrambled,https://mmarcantoinee.github.io/survey-mit-spring-2026/images/renamed/visual_scrambled/bd264368.JPEG
scrambled_0250_lamp_n03636248_6064_conf0.996009.JPEG,f624618a.JPEG,visual_scrambled,https://mmarcantoinee.github.io/survey-mit-spring-2026/images/renamed/visual_scrambled/f624618a.JPEG
scrambled_0250_lamp_n04380533_4412_conf0.999950.JPEG,1a4ae2bc.JPEG,visual_scrambled,https://mmarcantoinee.github.io/survey-mit-spring-2026/images/renamed/visual_scrambled/1a4ae2bc.JPEG
scrambled_0256_blender_n02850732_2090_conf0.999500.JPEG,59e53195.JPEG,visual_scrambled,https://mmarcantoinee.github.io/survey-mit-spring-2026/images/renamed/visual_scrambled/59e53195.JPEG
scrambled_0256_blender_n02850732_28185_conf0.983262.JPEG,de8fd7bb.JPEG,visual_scrambled,https://mmarcantoinee.github.io/survey-mit-spring-2026/images/renamed/visual_scrambled/de8fd7bb.JPEG
scrambled_0256_blender_n02850732_4465_conf0.999870.JPEG,8f058921.JPEG,visual_scrambled,https://mmarcantoinee.github.io/survey-mit-spring-2026/images/renamed/visual_scrambled/8f058921.JPEG
scrambled_0262_binoculars_n02841315_11920_conf1.000000.JPEG,ba6382ed.JPEG,visual_scrambled,https://mmarcantoinee.github.io/survey-mit-spring-2026/images/renamed/visual_scrambled/ba6382ed.JPEG
scrambled_0262_binoculars_n02841315_23032_conf0.988587.JPEG,04a64bf6.JPEG,visual_scrambled,https://mmarcantoinee.github.io/survey-mit-spring-2026/images/renamed/visual_scrambled/04a64bf6.JPEG
scrambled_0265_steak_bing_steak_0488_conf0.994848.jpg,f34e8423.jpg,visual_scrambled,https://mmarcantoinee.github.io/survey-mit-spring-2026/images/renamed/visual_scrambled/f34e8423.jpg
scrambled_0265_steak_n07877961_50_conf0.994595.JPEG,a1c40afc.JPEG,visual_scrambled,https://mmarcantoinee.github.io/survey-mit-spring-2026/images/renamed/visual_scrambled/a1c40afc.JPEG
scrambled_0266_gravel_n14698884_16229_conf0.984186.JPEG,c7d7578c.JPEG,visual_scrambled,https://mmarcantoinee.github.io/survey-mit-spring-2026/images/renamed/visual_scrambled/c7d7578c.JPEG
scrambled_0266_gravel_n14698884_31475_conf0.999711.JPEG,43d96c97.JPEG,visual_scrambled,https://mmarcantoinee.github.io/survey-mit-spring-2026/images/renamed/visual_scrambled/43d96c97.JPEG
scrambled_0269_escalator_bing_escalator_0011_conf0.990429.jpg,1289a5e9.jpg,visual_scrambled,https://mmarcantoinee.github.io/survey-mit-spring-2026/images/renamed/visual_scrambled/1289a5e9.jpg
scrambled_0269_escalator_bing_escalator_0066_conf0.999057.jpg,bb653c88.jpg,visual_scrambled,https://mmarcantoinee.github.io/survey-mit-spring-2026/images/renamed/visual_scrambled/bb653c88.jpg
scrambled_0269_escalator_bing_escalator_0245_conf0.980905.jpg,7374575b.jpg,visual_scrambled,https://mmarcantoinee.github.io/survey-mit-spring-2026/images/renamed/visual_scrambled/7374575b.jpg
scrambled_0269_escalator_flickr_escalator_0067_conf0.986842.jpg,d858999f.jpg,visual_scrambled,https://mmarcantoinee.github.io/survey-mit-spring-2026/images/renamed/visual_scrambled/d858999f.jpg
scrambled_0269_escalator_flickr_escalator_0469_conf0.998619.jpg,7e510482.jpg,visual_scrambled,https://mmarcantoinee.github.io/survey-mit-spring-2026/images/renamed/visual_scrambled/7e510482.jpg
scrambled_0272_walrus_n02081798_5476_conf0.987089.JPEG,3f037b19.JPEG,visual_scrambled,https://mmarcantoinee.github.io/survey-mit-spring-2026/images/renamed/visual_scrambled/3f037b19.JPEG
scrambled_0272_walrus_n02081798_766_conf0.999998.JPEG,8338e557.JPEG,visual_scrambled,https://mmarcantoinee.github.io/survey-mit-spring-2026/images/renamed/visual_scrambled/8338e557.JPEG
scrambled_0273_horseshoe_n03539433_44143_conf0.998612.JPEG,161cc128.JPEG,visual_scrambled,https://mmarcantoinee.github.io/survey-mit-spring-2026/images/renamed/visual_scrambled/161cc128.JPEG
scrambled_0273_horseshoe_n03539546_4262_conf0.999954.JPEG,eddfcd56.JPEG,visual_scrambled,https://mmarcantoinee.github.io/survey-mit-spring-2026/images/renamed/visual_scrambled/eddfcd56.JPEG
scrambled_0290_camcorder_n02942349_1741_conf0.999575.JPEG,7824cacd.JPEG,visual_scrambled,https://mmarcantoinee.github.io/survey-mit-spring-2026/images/renamed/visual_scrambled/7824cacd.JPEG
scrambled_0291_mousetrap_n03794056_12645_conf0.983851.JPEG,2049e0ab.JPEG,visual_scrambled,https://mmarcantoinee.github.io/survey-mit-spring-2026/images/renamed/visual_scrambled/2049e0ab.JPEG
scrambled_0291_mousetrap_n03794056_14143_conf0.980493.JPEG,d6c03e9e.JPEG,visual_scrambled,https://mmarcantoinee.github.io/survey-mit-spring-2026/images/renamed/visual_scrambled/d6c03e9e.JPEG
scrambled_0294_cauliflower_n11876634_561_conf0.994555.JPEG,1762dfc2.JPEG,visual_scrambled,https://mmarcantoinee.github.io/survey-mit-spring-2026/images/renamed/visual_scrambled/1762dfc2.JPEG
scrambled_0296_shower_n04208936_5461_conf0.991898.JPEG,f6e312e5.JPEG,visual_scrambled,https://mmarcantoinee.github.io/survey-mit-spring-2026/images/renamed/visual_scrambled/f6e312e5.JPEG
scrambled_0296_shower_n04209509_2239_conf0.996529.JPEG,583063e4.JPEG,visual_scrambled,https://mmarcantoinee.github.io/survey-mit-spring-2026/images/renamed/visual_scrambled/583063e4.JPEG
scrambled_0296_shower_n04209509_2654_conf0.991750.JPEG,ca41304a.JPEG,visual_scrambled,https://mmarcantoinee.github.io/survey-mit-spring-2026/images/renamed/visual_scrambled/ca41304a.JPEG
scrambled_0296_shower_n04209509_6621_conf0.995777.JPEG,91aaf27a.JPEG,visual_scrambled,https://mmarcantoinee.github.io/survey-mit-spring-2026/images/renamed/visual_scrambled/91aaf27a.JPEG
scrambled_0301_hotdog_n07690019_810_conf0.984980.JPEG,b3c9ace3.JPEG,visual_scrambled,https://mmarcantoinee.github.io/survey-mit-spring-2026/images/renamed/visual_scrambled/b3c9ace3.JPEG
scrambled_0301_hotdog_n07865105_1980_conf0.999558.JPEG,6d6492c8.JPEG,visual_scrambled,https://mmarcantoinee.github.io/survey-mit-spring-2026/images/renamed/visual_scrambled/6d6492c8.JPEG
scrambled_0301_hotdog_n07865105_4903_conf0.999872.JPEG,ed1f9eac.JPEG,visual_scrambled,https://mmarcantoinee.github.io/survey-mit-spring-2026/images/renamed/visual_scrambled/ed1f9eac.JPEG
scrambled_0301_hotdog_n07865105_8500_conf0.998332.JPEG,b9bda1be.JPEG,visual_scrambled,https://mmarcantoinee.github.io/survey-mit-spring-2026/images/renamed/visual_scrambled/b9bda1be.JPEG
scrambled_0309_guardrail_n04127395_13230_conf0.983491.JPEG,b5ae33c7.JPEG,visual_scrambled,https://mmarcantoinee.github.io/survey-mit-spring-2026/images/renamed/visual_scrambled/b5ae33c7.JPEG
scrambled_0310_thimble_n04423845_12985_conf0.997730.JPEG,2c1ac8a7.JPEG,visual_scrambled,https://mmarcantoinee.github.io/survey-mit-spring-2026/images/renamed/visual_scrambled/2c1ac8a7.JPEG
scrambled_0310_thimble_n04423845_14162_conf0.985515.JPEG,eca9de9f.JPEG,visual_scrambled,https://mmarcantoinee.github.io/survey-mit-spring-2026/images/renamed/visual_scrambled/eca9de9f.JPEG
scrambled_0311_crawfish_n01985128_7869_conf0.983430.JPEG,50415361.JPEG,visual_scrambled,https://mmarcantoinee.github.io/survey-mit-spring-2026/images/renamed/visual_scrambled/50415361.JPEG
scrambled_0312_dustpan_n03259009_1339_conf0.998754.JPEG,8461444c.JPEG,visual_scrambled,https://mmarcantoinee.github.io/survey-mit-spring-2026/images/renamed/visual_scrambled/8461444c.JPEG
scrambled_0318_eyedropper_n03247083_5556_conf0.983645.JPEG,b5553470.JPEG,visual_scrambled,https://mmarcantoinee.github.io/survey-mit-spring-2026/images/renamed/visual_scrambled/b5553470.JPEG
scrambled_0333_corn_n07731952_24486_conf1.000000.JPEG,5a57e0b0.JPEG,visual_scrambled,https://mmarcantoinee.github.io/survey-mit-spring-2026/images/renamed/visual_scrambled/5a57e0b0.JPEG
scrambled_0333_corn_n07732168_1168_conf0.998091.JPEG,24a66d04.JPEG,visual_scrambled,https://mmarcantoinee.github.io/survey-mit-spring-2026/images/renamed/visual_scrambled/24a66d04.JPEG
scrambled_0333_corn_n12144580_13469_conf0.995992.JPEG,09ff5b07.JPEG,visual_scrambled,https://mmarcantoinee.github.io/survey-mit-spring-2026/images/renamed/visual_scrambled/09ff5b07.JPEG
scrambled_0334_cave_n09238926_1514_conf0.997055.JPEG,8038a174.JPEG,visual_scrambled,https://mmarcantoinee.github.io/survey-mit-spring-2026/images/renamed/visual_scrambled/8038a174.JPEG
scrambled_0334_cave_n09239302_11969_conf0.999980.JPEG,0f3f2ec0.JPEG,visual_scrambled,https://mmarcantoinee.github.io/survey-mit-spring-2026/images/renamed/visual_scrambled/0f3f2ec0.JPEG
scrambled_0334_cave_n09239302_3766_conf0.999178.JPEG,45db4d63.JPEG,visual_scrambled,https://mmarcantoinee.github.io/survey-mit-spring-2026/images/renamed/visual_scrambled/45db4d63.JPEG
scrambled_0334_cave_n09257843_13211_conf0.996403.JPEG,23452e63.JPEG,visual_scrambled,https://mmarcantoinee.github.io/survey-mit-spring-2026/images/renamed/visual_scrambled/23452e63.JPEG
scrambled_0334_cave_n09257843_15016_conf0.986539.JPEG,5a5790ba.JPEG,visual_scrambled,https://mmarcantoinee.github.io/survey-mit-spring-2026/images/renamed/visual_scrambled/5a5790ba.JPEG
scrambled_0334_cave_n09257843_5873_conf0.999873.JPEG,61abe711.JPEG,visual_scrambled,https://mmarcantoinee.github.io/survey-mit-spring-2026/images/renamed/visual_scrambled/61abe711.JPEG
scrambled_0334_cave_n09294877_9188_conf0.999957.JPEG,7d644fa1.JPEG,visual_scrambled,https://mmarcantoinee.github.io/survey-mit-spring-2026/images/renamed/visual_scrambled/7d644fa1.JPEG
scrambled_0335_pie_bing_pie_0444_conf0.982071.jpg,6edcd087.jpg,visual_scrambled,https://mmarcantoinee.github.io/survey-mit-spring-2026/images/renamed/visual_scrambled/6edcd087.jpg
scrambled_0337_spider_n01773157_1093_conf0.999568.JPEG,581d0734.JPEG,visual_scrambled,https://mmarcantoinee.github.io/survey-mit-spring-2026/images/renamed/visual_scrambled/581d0734.JPEG
scrambled_0337_spider_n01773157_2499_conf0.999994.JPEG,d63345c7.JPEG,visual_scrambled,https://mmarcantoinee.github.io/survey-mit-spring-2026/images/renamed/visual_scrambled/d63345c7.JPEG
scrambled_0337_spider_n01773157_3510_conf1.000000.JPEG,f14563ab.JPEG,visual_scrambled,https://mmarcantoinee.github.io/survey-mit-spring-2026/images/renamed/visual_scrambled/f14563ab.JPEG
scrambled_0337_spider_n01773797_4781_conf0.999990.JPEG,ffb061cf.JPEG,visual_scrambled,https://mmarcantoinee.github.io/survey-mit-spring-2026/images/renamed/visual_scrambled/ffb061cf.JPEG
scrambled_0339_bread_n07680761_4352_conf0.999594.JPEG,736732ff.JPEG,visual_scrambled,https://mmarcantoinee.github.io/survey-mit-spring-2026/images/renamed/visual_scrambled/736732ff.JPEG
scrambled_0339_bread_n07687211_8503_conf0.993217.JPEG,7ed61c28.JPEG,visual_scrambled,https://mmarcantoinee.github.io/survey-mit-spring-2026/images/renamed/visual_scrambled/7ed61c28.JPEG
scrambled_0341_motorcycle_n03790512_8936_conf1.000000.JPEG,622918a9.JPEG,visual_scrambled,https://mmarcantoinee.github.io/survey-mit-spring-2026/images/renamed/visual_scrambled/622918a9.JPEG
scrambled_0341_motorcycle_n10333838_15403_conf0.999709.JPEG,e5cc97fb.JPEG,visual_scrambled,https://mmarcantoinee.github.io/survey-mit-spring-2026/images/renamed/visual_scrambled/e5cc97fb.JPEG
scrambled_0341_motorcycle_n10333838_18047_conf0.997101.JPEG,a41254ce.JPEG,visual_scrambled,https://mmarcantoinee.github.io/survey-mit-spring-2026/images/renamed/visual_scrambled/a41254ce.JPEG
scrambled_0341_motorcycle_n10333838_24744_conf0.999999.JPEG,54ff275f.JPEG,visual_scrambled,https://mmarcantoinee.github.io/survey-mit-spring-2026/images/renamed/visual_scrambled/54ff275f.JPEG
scrambled_0341_motorcycle_n10333838_8812_conf0.999993.JPEG,715b2261.JPEG,visual_scrambled,https://mmarcantoinee.github.io/survey-mit-spring-2026/images/renamed/visual_scrambled/715b2261.JPEG
scrambled_0352_monkey_n02487347_1133_conf0.998106.JPEG,ea177476.JPEG,visual_scrambled,https://mmarcantoinee.github.io/survey-mit-spring-2026/images/renamed/visual_scrambled/ea177476.JPEG
scrambled_0352_monkey_n02487347_164_conf0.999582.JPEG,9966c072.JPEG,visual_scrambled,https://mmarcantoinee.github.io/survey-mit-spring-2026/images/renamed/visual_scrambled/9966c072.JPEG
scrambled_0353_whale_n02066245_7403_conf0.989849.JPEG,4e463e48.JPEG,visual_scrambled,https://mmarcantoinee.github.io/survey-mit-spring-2026/images/renamed/visual_scrambled/4e463e48.JPEG
scrambled_0356_airplane_n02686121_1807_conf0.999873.JPEG,8204b2ad.JPEG,visual_scrambled,https://mmarcantoinee.github.io/survey-mit-spring-2026/images/renamed/visual_scrambled/8204b2ad.JPEG
scrambled_0356_airplane_n02686121_2481_conf0.999812.JPEG,cd0a39c4.JPEG,visual_scrambled,https://mmarcantoinee.github.io/survey-mit-spring-2026/images/renamed/visual_scrambled/cd0a39c4.JPEG
scrambled_0356_airplane_n02686121_3526_conf0.999665.JPEG,7c5b8d3d.JPEG,visual_scrambled,https://mmarcantoinee.github.io/survey-mit-spring-2026/images/renamed/visual_scrambled/7c5b8d3d.JPEG
scrambled_0356_airplane_n02686121_4320_conf0.999994.JPEG,2461929e.JPEG,visual_scrambled,https://mmarcantoinee.github.io/survey-mit-spring-2026/images/renamed/visual_scrambled/2461929e.JPEG
scrambled_0356_airplane_n02686121_4902_conf0.999876.JPEG,7e6c637a.JPEG,visual_scrambled,https://mmarcantoinee.github.io/survey-mit-spring-2026/images/renamed/visual_scrambled/7e6c637a.JPEG
scrambled_0356_airplane_n02690373_8547_conf0.997215.JPEG,6a29522d.JPEG,visual_scrambled,https://mmarcantoinee.github.io/survey-mit-spring-2026/images/renamed/visual_scrambled/6a29522d.JPEG
scrambled_0356_airplane_n02867715_15826_conf0.999705.JPEG,80745f3c.JPEG,visual_scrambled,https://mmarcantoinee.github.io/survey-mit-spring-2026/images/renamed/visual_scrambled/80745f3c.JPEG
scrambled_0356_airplane_n03596543_2346_conf0.999991.JPEG,3acfe601.JPEG,visual_scrambled,https://mmarcantoinee.github.io/survey-mit-spring-2026/images/renamed/visual_scrambled/3acfe601.JPEG
scrambled_0356_airplane_n04012084_4322_conf0.999221.JPEG,76cb5371.JPEG,visual_scrambled,https://mmarcantoinee.github.io/survey-mit-spring-2026/images/renamed/visual_scrambled/76cb5371.JPEG
scrambled_0356_airplane_n04503499_296_conf0.999988.JPEG,eab86708.JPEG,visual_scrambled,https://mmarcantoinee.github.io/survey-mit-spring-2026/images/renamed/visual_scrambled/eab86708.JPEG
scrambled_0359_shovel_n04208427_12476_conf0.984819.JPEG,7cffd5af.JPEG,visual_scrambled,https://mmarcantoinee.github.io/survey-mit-spring-2026/images/renamed/visual_scrambled/7cffd5af.JPEG
scrambled_0363_rabbit_n02325722_529_conf0.980108.JPEG,c7b5fc3f.JPEG,visual_scrambled,https://mmarcantoinee.github.io/survey-mit-spring-2026/images/renamed/visual_scrambled/c7b5fc3f.JPEG
scrambled_0364_necklace_n03814906_10234_conf0.982259.JPEG,db325d15.JPEG,visual_scrambled,https://mmarcantoinee.github.io/survey-mit-spring-2026/images/renamed/visual_scrambled/db325d15.JPEG
scrambled_0364_necklace_n03814906_27923_conf0.998540.JPEG,78f91cc8.JPEG,visual_scrambled,https://mmarcantoinee.github.io/survey-mit-spring-2026/images/renamed/visual_scrambled/78f91cc8.JPEG
scrambled_0369_moose_n02432983_10787_conf0.999425.JPEG,5c44f54b.JPEG,visual_scrambled,https://mmarcantoinee.github.io/survey-mit-spring-2026/images/renamed/visual_scrambled/5c44f54b.JPEG
scrambled_0369_moose_n02432983_17831_conf0.994891.JPEG,28808c64.JPEG,visual_scrambled,https://mmarcantoinee.github.io/survey-mit-spring-2026/images/renamed/visual_scrambled/28808c64.JPEG
scrambled_0369_moose_n02432983_34624_conf0.987706.JPEG,749f9f1f.JPEG,visual_scrambled,https://mmarcantoinee.github.io/survey-mit-spring-2026/images/renamed/visual_scrambled/749f9f1f.JPEG
scrambled_0370_glass_n04559910_4005_conf0.997325.JPEG,54c1645d.JPEG,visual_scrambled,https://mmarcantoinee.github.io/survey-mit-spring-2026/images/renamed/visual_scrambled/54c1645d.JPEG
scrambled_0375_drum_n02803666_19505_conf0.999666.JPEG,65739d76.JPEG,visual_scrambled,https://mmarcantoinee.github.io/survey-mit-spring-2026/images/renamed/visual_scrambled/65739d76.JPEG
scrambled_0383_spoon_n03180384_1226_conf0.995531.JPEG,8029ff8c.JPEG,visual_scrambled,https://mmarcantoinee.github.io/survey-mit-spring-2026/images/renamed/visual_scrambled/8029ff8c.JPEG
scrambled_0383_spoon_n03557270_1280_conf0.995087.JPEG,cdf45905.JPEG,visual_scrambled,https://mmarcantoinee.github.io/survey-mit-spring-2026/images/renamed/visual_scrambled/cdf45905.JPEG
scrambled_0383_spoon_n03557270_1673_conf0.991009.JPEG,2c448b67.JPEG,visual_scrambled,https://mmarcantoinee.github.io/survey-mit-spring-2026/images/renamed/visual_scrambled/2c448b67.JPEG
scrambled_0387_lettuce_n07723559_2515_conf0.987580.JPEG,306a7e1a.JPEG,visual_scrambled,https://mmarcantoinee.github.io/survey-mit-spring-2026/images/renamed/visual_scrambled/306a7e1a.JPEG
scrambled_0387_lettuce_n07723559_5537_conf0.985902.JPEG,3ca37b9d.JPEG,visual_scrambled,https://mmarcantoinee.github.io/survey-mit-spring-2026/images/renamed/visual_scrambled/3ca37b9d.JPEG
scrambled_0387_lettuce_n07724078_2318_conf0.995019.JPEG,f562a4b1.JPEG,visual_scrambled,https://mmarcantoinee.github.io/survey-mit-spring-2026/images/renamed/visual_scrambled/f562a4b1.JPEG
scrambled_0387_lettuce_n11986511_1678_conf0.993995.JPEG,68dc7537.JPEG,visual_scrambled,https://mmarcantoinee.github.io/survey-mit-spring-2026/images/renamed/visual_scrambled/68dc7537.JPEG
scrambled_0389_ashtray_n02747802_3664_conf0.999648.JPEG,b1911274.JPEG,visual_scrambled,https://mmarcantoinee.github.io/survey-mit-spring-2026/images/renamed/visual_scrambled/b1911274.JPEG
scrambled_0393_lake_bing_lac_0069_conf0.996736.jpg,a53df4dd.jpg,visual_scrambled,https://mmarcantoinee.github.io/survey-mit-spring-2026/images/renamed/visual_scrambled/a53df4dd.jpg
scrambled_0393_lake_bing_lac_0709_conf0.994776.jpg,b2920b07.jpg,visual_scrambled,https://mmarcantoinee.github.io/survey-mit-spring-2026/images/renamed/visual_scrambled/b2920b07.jpg
scrambled_0393_lake_bing_lago_0074_conf0.984930.jpg,e47b4361.jpg,visual_scrambled,https://mmarcantoinee.github.io/survey-mit-spring-2026/images/renamed/visual_scrambled/e47b4361.jpg
scrambled_0393_lake_bing_lake_0006_conf0.992178.jpg,1f18a035.jpg,visual_scrambled,https://mmarcantoinee.github.io/survey-mit-spring-2026/images/renamed/visual_scrambled/1f18a035.jpg
scrambled_0393_lake_bing_lake_0114_conf0.989627.jpg,76c15fc7.jpg,visual_scrambled,https://mmarcantoinee.github.io/survey-mit-spring-2026/images/renamed/visual_scrambled/76c15fc7.jpg
scrambled_0393_lake_flickr_lake_0061_conf0.987122.jpg,436bfbe3.jpg,visual_scrambled,https://mmarcantoinee.github.io/survey-mit-spring-2026/images/renamed/visual_scrambled/436bfbe3.jpg
scrambled_0393_lake_flickr_lake_0296_conf0.996392.jpg,13d0e8ec.jpg,visual_scrambled,https://mmarcantoinee.github.io/survey-mit-spring-2026/images/renamed/visual_scrambled/13d0e8ec.jpg
scrambled_0393_lake_flickr_lake_0314_conf0.991807.jpg,8928216d.jpg,visual_scrambled,https://mmarcantoinee.github.io/survey-mit-spring-2026/images/renamed/visual_scrambled/8928216d.jpg
scrambled_0412_ferret_n02443484_3611_conf0.999903.JPEG,39f255d4.JPEG,visual_scrambled,https://mmarcantoinee.github.io/survey-mit-spring-2026/images/renamed/visual_scrambled/39f255d4.JPEG
scrambled_0419_fig_n07753113_11777_conf0.999993.JPEG,13421767.JPEG,visual_scrambled,https://mmarcantoinee.github.io/survey-mit-spring-2026/images/renamed/visual_scrambled/13421767.JPEG
scrambled_0419_fig_n07753113_2566_conf0.999993.JPEG,2190b2b8.JPEG,visual_scrambled,https://mmarcantoinee.github.io/survey-mit-spring-2026/images/renamed/visual_scrambled/2190b2b8.JPEG
scrambled_0419_fig_n07753113_7143_conf0.999997.JPEG,60dfe565.JPEG,visual_scrambled,https://mmarcantoinee.github.io/survey-mit-spring-2026/images/renamed/visual_scrambled/60dfe565.JPEG
scrambled_0419_fig_n12401684_18372_conf0.995678.JPEG,a531c8bb.JPEG,visual_scrambled,https://mmarcantoinee.github.io/survey-mit-spring-2026/images/renamed/visual_scrambled/a531c8bb.JPEG
scrambled_0419_fig_n12401684_31562_conf0.987223.JPEG,ef5c9408.JPEG,visual_scrambled,https://mmarcantoinee.github.io/survey-mit-spring-2026/images/renamed/visual_scrambled/ef5c9408.JPEG
scrambled_0422_eggplant_n07713074_12284_conf0.996477.JPEG,06d4f197.JPEG,visual_scrambled,https://mmarcantoinee.github.io/survey-mit-spring-2026/images/renamed/visual_scrambled/06d4f197.JPEG
scrambled_0422_eggplant_n07713074_14342_conf0.999995.JPEG,1c7034d7.JPEG,visual_scrambled,https://mmarcantoinee.github.io/survey-mit-spring-2026/images/renamed/visual_scrambled/1c7034d7.JPEG
scrambled_0422_eggplant_n07713074_15306_conf0.999724.JPEG,d8aeb7f8.JPEG,visual_scrambled,https://mmarcantoinee.github.io/survey-mit-spring-2026/images/renamed/visual_scrambled/d8aeb7f8.JPEG
scrambled_0422_eggplant_n07713074_23556_conf0.999982.JPEG,5274a160.JPEG,visual_scrambled,https://mmarcantoinee.github.io/survey-mit-spring-2026/images/renamed/visual_scrambled/5274a160.JPEG
scrambled_0423_violin_n03332271_5439_conf0.985106.JPEG,b8f943b4.JPEG,visual_scrambled,https://mmarcantoinee.github.io/survey-mit-spring-2026/images/renamed/visual_scrambled/b8f943b4.JPEG
scrambled_0423_violin_n03465500_760_conf0.995672.JPEG,907dcd00.JPEG,visual_scrambled,https://mmarcantoinee.github.io/survey-mit-spring-2026/images/renamed/visual_scrambled/907dcd00.JPEG
scrambled_0423_violin_n04330998_7774_conf0.999970.JPEG,926d3722.JPEG,visual_scrambled,https://mmarcantoinee.github.io/survey-mit-spring-2026/images/renamed/visual_scrambled/926d3722.JPEG
scrambled_0423_violin_n04536866_10177_conf0.999668.JPEG,7154ce99.JPEG,visual_scrambled,https://mmarcantoinee.github.io/survey-mit-spring-2026/images/renamed/visual_scrambled/7154ce99.JPEG
scrambled_0423_violin_n04536866_3050_conf0.994399.JPEG,f2fb61c4.JPEG,visual_scrambled,https://mmarcantoinee.github.io/survey-mit-spring-2026/images/renamed/visual_scrambled/f2fb61c4.JPEG
scrambled_0423_violin_n04536866_5337_conf0.999963.JPEG,c6dad4c5.JPEG,visual_scrambled,https://mmarcantoinee.github.io/survey-mit-spring-2026/images/renamed/visual_scrambled/c6dad4c5.JPEG
scrambled_0428_chipmunk_n02357911_4373_conf0.998880.JPEG,98cc05b6.JPEG,visual_scrambled,https://mmarcantoinee.github.io/survey-mit-spring-2026/images/renamed/visual_scrambled/98cc05b6.JPEG
scrambled_0428_chipmunk_n02359915_824_conf0.996727.JPEG,c30973cb.JPEG,visual_scrambled,https://mmarcantoinee.github.io/survey-mit-spring-2026/images/renamed/visual_scrambled/c30973cb.JPEG
scrambled_0428_chipmunk_n02360282_406_conf0.988722.JPEG,5b59f829.JPEG,visual_scrambled,https://mmarcantoinee.github.io/survey-mit-spring-2026/images/renamed/visual_scrambled/5b59f829.JPEG
scrambled_0429_milkshake_flickr_milkshake_0238_conf0.993167.jpg,ffd5df28.jpg,visual_scrambled,https://mmarcantoinee.github.io/survey-mit-spring-2026/images/renamed/visual_scrambled/ffd5df28.jpg
scrambled_0431_blackberry_bing_blackberry_0295_conf0.999985.jpg,6e034cdb.jpg,visual_scrambled,https://mmarcantoinee.github.io/survey-mit-spring-2026/images/renamed/visual_scrambled/6e034cdb.jpg
scrambled_0431_blackberry_n07744811_11101_conf0.995677.JPEG,f7cccabf.JPEG,visual_scrambled,https://mmarcantoinee.github.io/survey-mit-spring-2026/images/renamed/visual_scrambled/f7cccabf.JPEG
scrambled_0431_blackberry_n07744811_13041_conf0.988364.JPEG,52b3f958.JPEG,visual_scrambled,https://mmarcantoinee.github.io/survey-mit-spring-2026/images/renamed/visual_scrambled/52b3f958.JPEG
scrambled_0431_blackberry_n07744811_13229_conf0.999897.JPEG,9e020a2b.JPEG,visual_scrambled,https://mmarcantoinee.github.io/survey-mit-spring-2026/images/renamed/visual_scrambled/9e020a2b.JPEG
scrambled_0431_blackberry_n07744811_15531_conf0.999757.JPEG,4ae5c8d2.JPEG,visual_scrambled,https://mmarcantoinee.github.io/survey-mit-spring-2026/images/renamed/visual_scrambled/4ae5c8d2.JPEG
scrambled_0431_blackberry_n07744811_4276_conf0.999731.JPEG,cbacbe5c.JPEG,visual_scrambled,https://mmarcantoinee.github.io/survey-mit-spring-2026/images/renamed/visual_scrambled/cbacbe5c.JPEG
scrambled_0431_blackberry_n07744811_8883_conf0.999599.JPEG,34d8e3a1.JPEG,visual_scrambled,https://mmarcantoinee.github.io/survey-mit-spring-2026/images/renamed/visual_scrambled/34d8e3a1.JPEG
scrambled_0431_blackberry_n07744811_9708_conf0.999936.JPEG,c8fb5b0c.JPEG,visual_scrambled,https://mmarcantoinee.github.io/survey-mit-spring-2026/images/renamed/visual_scrambled/c8fb5b0c.JPEG
scrambled_0434_sushi_bing_sushi_0082_conf0.999921.jpg,8a695595.jpg,visual_scrambled,https://mmarcantoinee.github.io/survey-mit-spring-2026/images/renamed/visual_scrambled/8a695595.jpg
scrambled_0434_sushi_flickr_sushi_0211_conf0.996918.jpg,ed2f7255.jpg,visual_scrambled,https://mmarcantoinee.github.io/survey-mit-spring-2026/images/renamed/visual_scrambled/ed2f7255.jpg
scrambled_0434_sushi_n07879450_10034_conf0.998177.JPEG,7fc5bf23.JPEG,visual_scrambled,https://mmarcantoinee.github.io/survey-mit-spring-2026/images/renamed/visual_scrambled/7fc5bf23.JPEG
scrambled_0434_sushi_n07879450_2445_conf0.994191.JPEG,4670f84d.JPEG,visual_scrambled,https://mmarcantoinee.github.io/survey-mit-spring-2026/images/renamed/visual_scrambled/4670f84d.JPEG
scrambled_0437_drawers_n03015254_29443_conf0.998463.JPEG,44ca08b8.JPEG,visual_scrambled,https://mmarcantoinee.github.io/survey-mit-spring-2026/images/renamed/visual_scrambled/44ca08b8.JPEG
scrambled_0437_drawers_n03015254_33209_conf1.000000.JPEG,99a056cf.JPEG,visual_scrambled,https://mmarcantoinee.github.io/survey-mit-spring-2026/images/renamed/visual_scrambled/99a056cf.JPEG
scrambled_0437_drawers_n03518305_11711_conf1.000000.JPEG,01e8385d.JPEG,visual_scrambled,https://mmarcantoinee.github.io/survey-mit-spring-2026/images/renamed/visual_scrambled/01e8385d.JPEG
scrambled_0437_drawers_n03518305_7569_conf0.999979.JPEG,b53ea65f.JPEG,visual_scrambled,https://mmarcantoinee.github.io/survey-mit-spring-2026/images/renamed/visual_scrambled/b53ea65f.JPEG
scrambled_0438_doughnut_n07639069_2457_conf0.987490.JPEG,c5fd2eff.JPEG,visual_scrambled,https://mmarcantoinee.github.io/survey-mit-spring-2026/images/renamed/visual_scrambled/c5fd2eff.JPEG
scrambled_0440_lawnmower_n04089976_2603_conf0.999599.JPEG,cb1f4cf9.JPEG,visual_scrambled,https://mmarcantoinee.github.io/survey-mit-spring-2026/images/renamed/visual_scrambled/cb1f4cf9.JPEG
scrambled_0440_lawnmower_n04089976_3369_conf0.997768.JPEG,91fecce4.JPEG,visual_scrambled,https://mmarcantoinee.github.io/survey-mit-spring-2026/images/renamed/visual_scrambled/91fecce4.JPEG
scrambled_0443_snowplow_n04252225_13500_conf0.999746.JPEG,9885f588.JPEG,visual_scrambled,https://mmarcantoinee.github.io/survey-mit-spring-2026/images/renamed/visual_scrambled/9885f588.JPEG
scrambled_0447_chalkboard_bing_chalkboard_0207_conf0.999920.jpg,00109694.jpg,visual_scrambled,https://mmarcantoinee.github.io/survey-mit-spring-2026/images/renamed/visual_scrambled/00109694.jpg
scrambled_0447_chalkboard_n02846511_10062_conf0.999877.JPEG,dea2472c.JPEG,visual_scrambled,https://mmarcantoinee.github.io/survey-mit-spring-2026/images/renamed/visual_scrambled/dea2472c.JPEG
scrambled_0447_chalkboard_n02846511_20801_conf0.994271.JPEG,73dc2dff.JPEG,visual_scrambled,https://mmarcantoinee.github.io/survey-mit-spring-2026/images/renamed/visual_scrambled/73dc2dff.JPEG
scrambled_0447_chalkboard_n02846511_25658_conf0.999791.JPEG,6d7d36b9.JPEG,visual_scrambled,https://mmarcantoinee.github.io/survey-mit-spring-2026/images/renamed/visual_scrambled/6d7d36b9.JPEG
scrambled_0447_chalkboard_n02846511_27177_conf0.999998.JPEG,da5404b8.JPEG,visual_scrambled,https://mmarcantoinee.github.io/survey-mit-spring-2026/images/renamed/visual_scrambled/da5404b8.JPEG
scrambled_0455_backpack_n02769748_16890_conf0.998696.JPEG,66cc9c2e.JPEG,visual_scrambled,https://mmarcantoinee.github.io/survey-mit-spring-2026/images/renamed/visual_scrambled/66cc9c2e.JPEG
scrambled_0455_backpack_n02769748_608_conf0.983938.JPEG,f8720f70.JPEG,visual_scrambled,https://mmarcantoinee.github.io/survey-mit-spring-2026/images/renamed/visual_scrambled/f8720f70.JPEG
scrambled_0460_alligator_n01698782_5291_conf0.981874.JPEG,1b036948.JPEG,visual_scrambled,https://mmarcantoinee.github.io/survey-mit-spring-2026/images/renamed/visual_scrambled/1b036948.JPEG
scrambled_0464_lime_n07749731_22505_conf0.997186.JPEG,634f1294.JPEG,visual_scrambled,https://mmarcantoinee.github.io/survey-mit-spring-2026/images/renamed/visual_scrambled/634f1294.JPEG
scrambled_0466_lighthouse_bing_leuchtturm_1354_conf0.999997.jpg,51571f96.jpg,visual_scrambled,https://mmarcantoinee.github.io/survey-mit-spring-2026/images/renamed/visual_scrambled/51571f96.jpg
scrambled_0466_lighthouse_bing_lighthouse_0117_conf0.999883.jpg,7048d4cb.jpg,visual_scrambled,https://mmarcantoinee.github.io/survey-mit-spring-2026/images/renamed/visual_scrambled/7048d4cb.jpg
scrambled_0466_lighthouse_bing_lighthouse_0372_conf0.999959.jpg,c74f6537.jpg,visual_scrambled,https://mmarcantoinee.github.io/survey-mit-spring-2026/images/renamed/visual_scrambled/c74f6537.jpg
scrambled_0466_lighthouse_bing_lighthouse_0539_conf0.999960.jpg,489c13cc.jpg,visual_scrambled,https://mmarcantoinee.github.io/survey-mit-spring-2026/images/renamed/visual_scrambled/489c13cc.jpg
scrambled_0466_lighthouse_n02814860_13455_conf0.999994.JPEG,038b0f27.JPEG,visual_scrambled,https://mmarcantoinee.github.io/survey-mit-spring-2026/images/renamed/visual_scrambled/038b0f27.JPEG
scrambled_0466_lighthouse_n02814860_34458_conf0.993894.JPEG,ecb7b4b0.JPEG,visual_scrambled,https://mmarcantoinee.github.io/survey-mit-spring-2026/images/renamed/visual_scrambled/ecb7b4b0.JPEG
scrambled_0466_lighthouse_n02814860_4885_conf0.998631.JPEG,343e0a19.JPEG,visual_scrambled,https://mmarcantoinee.github.io/survey-mit-spring-2026/images/renamed/visual_scrambled/343e0a19.JPEG
scrambled_0466_lighthouse_n02814860_9460_conf0.999971.JPEG,87a54a89.JPEG,visual_scrambled,https://mmarcantoinee.github.io/survey-mit-spring-2026/images/renamed/visual_scrambled/87a54a89.JPEG
scrambled_0471_dolphin_n02068974_3619_conf0.996452.JPEG,e2f8ba71.JPEG,visual_scrambled,https://mmarcantoinee.github.io/survey-mit-spring-2026/images/renamed/visual_scrambled/e2f8ba71.JPEG
scrambled_0471_dolphin_n02069701_2120_conf0.995669.JPEG,11b26b02.JPEG,visual_scrambled,https://mmarcantoinee.github.io/survey-mit-spring-2026/images/renamed/visual_scrambled/11b26b02.JPEG
scrambled_0473_piano_n03086457_10685_conf0.994433.JPEG,b1e03642.JPEG,visual_scrambled,https://mmarcantoinee.github.io/survey-mit-spring-2026/images/renamed/visual_scrambled/b1e03642.JPEG
scrambled_0473_piano_n03086457_12727_conf0.999797.JPEG,c400597a.JPEG,visual_scrambled,https://mmarcantoinee.github.io/survey-mit-spring-2026/images/renamed/visual_scrambled/c400597a.JPEG
scrambled_0473_piano_n03928116_3087_conf0.999806.JPEG,dd8284f7.JPEG,visual_scrambled,https://mmarcantoinee.github.io/survey-mit-spring-2026/images/renamed/visual_scrambled/dd8284f7.JPEG
scrambled_0473_piano_n04515003_2767_conf0.986249.JPEG,6242ce9e.JPEG,visual_scrambled,https://mmarcantoinee.github.io/survey-mit-spring-2026/images/renamed/visual_scrambled/6242ce9e.JPEG
scrambled_0474_earring_bing_boucle_doreille_0196_conf0.999998.jpg,796da9c2.jpg,visual_scrambled,https://mmarcantoinee.github.io/survey-mit-spring-2026/images/renamed/visual_scrambled/796da9c2.jpg
scrambled_0474_earring_n03909020_2675_conf0.998913.JPEG,db202887.JPEG,visual_scrambled,https://mmarcantoinee.github.io/survey-mit-spring-2026/images/renamed/visual_scrambled/db202887.JPEG
scrambled_0474_earring_n03909020_3043_conf0.999913.JPEG,027c0aac.JPEG,visual_scrambled,https://mmarcantoinee.github.io/survey-mit-spring-2026/images/renamed/visual_scrambled/027c0aac.JPEG
scrambled_0474_earring_n03909020_3538_conf0.993293.JPEG,f136f5f3.JPEG,visual_scrambled,https://mmarcantoinee.github.io/survey-mit-spring-2026/images/renamed/visual_scrambled/f136f5f3.JPEG
scrambled_0475_chicken_n01792158_15857_conf0.982272.JPEG,4c693271.JPEG,visual_scrambled,https://mmarcantoinee.github.io/survey-mit-spring-2026/images/renamed/visual_scrambled/4c693271.JPEG
scrambled_0475_chicken_n01792158_23831_conf0.999782.JPEG,3f70f212.JPEG,visual_scrambled,https://mmarcantoinee.github.io/survey-mit-spring-2026/images/renamed/visual_scrambled/3f70f212.JPEG
scrambled_0475_chicken_n01792158_8540_conf0.999997.JPEG,fe1ac59a.JPEG,visual_scrambled,https://mmarcantoinee.github.io/survey-mit-spring-2026/images/renamed/visual_scrambled/fe1ac59a.JPEG
scrambled_0475_chicken_n01792429_2374_conf0.999334.JPEG,f6d9181f.JPEG,visual_scrambled,https://mmarcantoinee.github.io/survey-mit-spring-2026/images/renamed/visual_scrambled/f6d9181f.JPEG
scrambled_0475_chicken_n01792429_9671_conf1.000000.JPEG,b2ae0c00.JPEG,visual_scrambled,https://mmarcantoinee.github.io/survey-mit-spring-2026/images/renamed/visual_scrambled/b2ae0c00.JPEG
scrambled_0475_chicken_n01792640_15004_conf0.999972.JPEG,90218e22.JPEG,visual_scrambled,https://mmarcantoinee.github.io/survey-mit-spring-2026/images/renamed/visual_scrambled/90218e22.JPEG
scrambled_0475_chicken_n01792640_4158_conf0.999942.JPEG,5f02dde5.JPEG,visual_scrambled,https://mmarcantoinee.github.io/survey-mit-spring-2026/images/renamed/visual_scrambled/5f02dde5.JPEG
scrambled_0475_chicken_n03016737_23712_conf0.987529.JPEG,375a4f51.JPEG,visual_scrambled,https://mmarcantoinee.github.io/survey-mit-spring-2026/images/renamed/visual_scrambled/375a4f51.JPEG
scrambled_0478_blueberry_n07743224_13064_conf0.999967.JPEG,1c5356e3.JPEG,visual_scrambled,https://mmarcantoinee.github.io/survey-mit-spring-2026/images/renamed/visual_scrambled/1c5356e3.JPEG
scrambled_0478_blueberry_n07743544_3492_conf0.999359.JPEG,f927151b.JPEG,visual_scrambled,https://mmarcantoinee.github.io/survey-mit-spring-2026/images/renamed/visual_scrambled/f927151b.JPEG
scrambled_0478_blueberry_n07743544_5724_conf0.998795.JPEG,16e573f3.JPEG,visual_scrambled,https://mmarcantoinee.github.io/survey-mit-spring-2026/images/renamed/visual_scrambled/16e573f3.JPEG
scrambled_0479_grapefruit_n07749969_14823_conf1.000000.JPEG,62291e01.JPEG,visual_scrambled,https://mmarcantoinee.github.io/survey-mit-spring-2026/images/renamed/visual_scrambled/62291e01.JPEG
scrambled_0479_grapefruit_n07749969_20895_conf0.999997.JPEG,b5b26889.JPEG,visual_scrambled,https://mmarcantoinee.github.io/survey-mit-spring-2026/images/renamed/visual_scrambled/b5b26889.JPEG
scrambled_0479_grapefruit_n07749969_2815_conf1.000000.JPEG,bbd9b30d.JPEG,visual_scrambled,https://mmarcantoinee.github.io/survey-mit-spring-2026/images/renamed/visual_scrambled/bbd9b30d.JPEG
scrambled_0479_grapefruit_n07749969_6176_conf0.999929.JPEG,b9d9b1ae.JPEG,visual_scrambled,https://mmarcantoinee.github.io/survey-mit-spring-2026/images/renamed/visual_scrambled/b9d9b1ae.JPEG
scrambled_0482_thermometer_n02948942_375_conf0.995125.JPEG,05a84e65.JPEG,visual_scrambled,https://mmarcantoinee.github.io/survey-mit-spring-2026/images/renamed/visual_scrambled/05a84e65.JPEG
scrambled_0484_cranberry_n12249542_5130_conf0.999409.JPEG,c20bb194.JPEG,visual_scrambled,https://mmarcantoinee.github.io/survey-mit-spring-2026/images/renamed/visual_scrambled/c20bb194.JPEG
scrambled_0484_cranberry_n12249542_5965_conf0.984728.JPEG,ed7c0753.JPEG,visual_scrambled,https://mmarcantoinee.github.io/survey-mit-spring-2026/images/renamed/visual_scrambled/ed7c0753.JPEG
scrambled_0484_cranberry_n12254168_4482_conf0.982503.JPEG,42630e0f.JPEG,visual_scrambled,https://mmarcantoinee.github.io/survey-mit-spring-2026/images/renamed/visual_scrambled/42630e0f.JPEG
scrambled_0488_iceberg_n09308572_1776_conf0.999997.JPEG,83e59078.JPEG,visual_scrambled,https://mmarcantoinee.github.io/survey-mit-spring-2026/images/renamed/visual_scrambled/83e59078.JPEG
scrambled_0488_iceberg_n09308572_3320_conf0.996623.JPEG,16ef71f0.JPEG,visual_scrambled,https://mmarcantoinee.github.io/survey-mit-spring-2026/images/renamed/visual_scrambled/16ef71f0.JPEG
scrambled_0488_iceberg_n09308572_3632_conf0.999981.JPEG,4dc2b661.JPEG,visual_scrambled,https://mmarcantoinee.github.io/survey-mit-spring-2026/images/renamed/visual_scrambled/4dc2b661.JPEG
scrambled_0488_iceberg_n09308572_4101_conf0.999138.JPEG,f4648806.JPEG,visual_scrambled,https://mmarcantoinee.github.io/survey-mit-spring-2026/images/renamed/visual_scrambled/f4648806.JPEG
scrambled_0488_iceberg_n09308572_4482_conf0.999887.JPEG,e600a16d.JPEG,visual_scrambled,https://mmarcantoinee.github.io/survey-mit-spring-2026/images/renamed/visual_scrambled/e600a16d.JPEG
scrambled_0488_iceberg_n09308572_4528_conf0.999993.JPEG,6761e102.JPEG,visual_scrambled,https://mmarcantoinee.github.io/survey-mit-spring-2026/images/renamed/visual_scrambled/6761e102.JPEG
scrambled_0488_iceberg_n09308572_571_conf0.999995.JPEG,2ff9c10f.JPEG,visual_scrambled,https://mmarcantoinee.github.io/survey-mit-spring-2026/images/renamed/visual_scrambled/2ff9c10f.JPEG
scrambled_0488_iceberg_n09308572_6393_conf0.987515.JPEG,16c40168.JPEG,visual_scrambled,https://mmarcantoinee.github.io/survey-mit-spring-2026/images/renamed/visual_scrambled/16c40168.JPEG
scrambled_0494_wasp_n02212062_1802_conf0.999841.JPEG,3c93c2ba.JPEG,visual_scrambled,https://mmarcantoinee.github.io/survey-mit-spring-2026/images/renamed/visual_scrambled/3c93c2ba.JPEG
scrambled_0494_wasp_n02212062_6740_conf0.983145.JPEG,cc6378b7.JPEG,visual_scrambled,https://mmarcantoinee.github.io/survey-mit-spring-2026/images/renamed/visual_scrambled/cc6378b7.JPEG
scrambled_0494_wasp_n02212062_828_conf0.999914.JPEG,66c59422.JPEG,visual_scrambled,https://mmarcantoinee.github.io/survey-mit-spring-2026/images/renamed/visual_scrambled/66c59422.JPEG
scrambled_0494_wasp_n02212958_3256_conf0.994133.JPEG,d628b700.JPEG,visual_scrambled,https://mmarcantoinee.github.io/survey-mit-spring-2026/images/renamed/visual_scrambled/d628b700.JPEG
scrambled_0494_wasp_n02212958_585_conf0.998786.JPEG,cfc47512.JPEG,visual_scrambled,https://mmarcantoinee.github.io/survey-mit-spring-2026/images/renamed/visual_scrambled/cfc47512.JPEG
scrambled_0494_wasp_n02213543_2555_conf0.999985.JPEG,f74d1f60.JPEG,visual_scrambled,https://mmarcantoinee.github.io/survey-mit-spring-2026/images/renamed/visual_scrambled/f74d1f60.JPEG
scrambled_0505_tweezers_n03941684_2465_conf0.994268.JPEG,7bcb79b6.JPEG,visual_scrambled,https://mmarcantoinee.github.io/survey-mit-spring-2026/images/renamed/visual_scrambled/7bcb79b6.JPEG
scrambled_0506_asparagus_n07719213_1186_conf0.999421.JPEG,987ddd19.JPEG,visual_scrambled,https://mmarcantoinee.github.io/survey-mit-spring-2026/images/renamed/visual_scrambled/987ddd19.JPEG
scrambled_0506_asparagus_n07719213_3995_conf0.997024.JPEG,c0631a62.JPEG,visual_scrambled,https://mmarcantoinee.github.io/survey-mit-spring-2026/images/renamed/visual_scrambled/c0631a62.JPEG
scrambled_0508_croissant_bing_croissant_0189_conf0.997409.jpg,0987c3dc.jpg,visual_scrambled,https://mmarcantoinee.github.io/survey-mit-spring-2026/images/renamed/visual_scrambled/0987c3dc.jpg
scrambled_0510_teapot_n04398044_8902_conf0.997369.JPEG,3f47b821.JPEG,visual_scrambled,https://mmarcantoinee.github.io/survey-mit-spring-2026/images/renamed/visual_scrambled/3f47b821.JPEG
scrambled_0513_acorn_n12267677_15778_conf0.996344.JPEG,af4bc238.JPEG,visual_scrambled,https://mmarcantoinee.github.io/survey-mit-spring-2026/images/renamed/visual_scrambled/af4bc238.JPEG
scrambled_0513_acorn_n12267677_6302_conf0.997368.JPEG,b0926c8f.JPEG,visual_scrambled,https://mmarcantoinee.github.io/survey-mit-spring-2026/images/renamed/visual_scrambled/b0926c8f.JPEG
scrambled_0533_seashell_n01904806_9533_conf0.989550.JPEG,b2eb366c.JPEG,visual_scrambled,https://mmarcantoinee.github.io/survey-mit-spring-2026/images/renamed/visual_scrambled/b2eb366c.JPEG
scrambled_0535_birdhouse_bing_birdhouse_0028_conf0.994144.jpg,7ba471d4.jpg,visual_scrambled,https://mmarcantoinee.github.io/survey-mit-spring-2026/images/renamed/visual_scrambled/7ba471d4.jpg
scrambled_0542_thyme_n07821758_3940_conf0.999401.JPEG,34c2c3fb.JPEG,visual_scrambled,https://mmarcantoinee.github.io/survey-mit-spring-2026/images/renamed/visual_scrambled/34c2c3fb.JPEG
scrambled_0542_thyme_n12870891_10187_conf0.995143.JPEG,d755750e.JPEG,visual_scrambled,https://mmarcantoinee.github.io/survey-mit-spring-2026/images/renamed/visual_scrambled/d755750e.JPEG
scrambled_0542_thyme_n12870891_2609_conf0.999527.JPEG,0c99fcaf.JPEG,visual_scrambled,https://mmarcantoinee.github.io/survey-mit-spring-2026/images/renamed/visual_scrambled/0c99fcaf.JPEG
scrambled_0543_thumbtack_n04431745_24070_conf0.999876.JPEG,867f946a.JPEG,visual_scrambled,https://mmarcantoinee.github.io/survey-mit-spring-2026/images/renamed/visual_scrambled/867f946a.JPEG
scrambled_0553_paperclip_n03886762_10815_conf0.999098.JPEG,8f7bf1e4.JPEG,visual_scrambled,https://mmarcantoinee.github.io/survey-mit-spring-2026/images/renamed/visual_scrambled/8f7bf1e4.JPEG
scrambled_0553_paperclip_n03886762_11686_conf0.997023.JPEG,512db6fb.JPEG,visual_scrambled,https://mmarcantoinee.github.io/survey-mit-spring-2026/images/renamed/visual_scrambled/512db6fb.JPEG
scrambled_0555_matchstick_n03729826_2933_conf0.985463.JPEG,e20b1ae0.JPEG,visual_scrambled,https://mmarcantoinee.github.io/survey-mit-spring-2026/images/renamed/visual_scrambled/e20b1ae0.JPEG
scrambled_0564_envelope_n13869788_3176_conf0.990432.JPEG,b191485d.JPEG,visual_scrambled,https://mmarcantoinee.github.io/survey-mit-spring-2026/images/renamed/visual_scrambled/b191485d.JPEG
scrambled_0564_envelope_n13869788_8327_conf0.993228.JPEG,91a2f55c.JPEG,visual_scrambled,https://mmarcantoinee.github.io/survey-mit-spring-2026/images/renamed/visual_scrambled/91a2f55c.JPEG
scrambled_0582_pineapple_n07753275_10487_conf0.999989.JPEG,c8eb56cb.JPEG,visual_scrambled,https://mmarcantoinee.github.io/survey-mit-spring-2026/images/renamed/visual_scrambled/c8eb56cb.JPEG
scrambled_0582_pineapple_n07753275_1685_conf0.994631.JPEG,c5c024d4.JPEG,visual_scrambled,https://mmarcantoinee.github.io/survey-mit-spring-2026/images/renamed/visual_scrambled/c5c024d4.JPEG
scrambled_0582_pineapple_n12607456_25033_conf0.997583.JPEG,7809ac11.JPEG,visual_scrambled,https://mmarcantoinee.github.io/survey-mit-spring-2026/images/renamed/visual_scrambled/7809ac11.JPEG
scrambled_0582_pineapple_n12607456_2887_conf0.999999.JPEG,716df12f.JPEG,visual_scrambled,https://mmarcantoinee.github.io/survey-mit-spring-2026/images/renamed/visual_scrambled/716df12f.JPEG
scrambled_0593_butterfly_n02274259_17189_conf0.991481.JPEG,5fc9e6a1.JPEG,visual_scrambled,https://mmarcantoinee.github.io/survey-mit-spring-2026/images/renamed/visual_scrambled/5fc9e6a1.JPEG
scrambled_0593_butterfly_n02274259_3028_conf0.993963.JPEG,3a768230.JPEG,visual_scrambled,https://mmarcantoinee.github.io/survey-mit-spring-2026/images/renamed/visual_scrambled/3a768230.JPEG
scrambled_0593_butterfly_n02274259_434_conf0.995314.JPEG,37971b1c.JPEG,visual_scrambled,https://mmarcantoinee.github.io/survey-mit-spring-2026/images/renamed/visual_scrambled/37971b1c.JPEG
scrambled_0593_butterfly_n02275773_1606_conf0.999990.JPEG,29f568f4.JPEG,visual_scrambled,https://mmarcantoinee.github.io/survey-mit-spring-2026/images/renamed/visual_scrambled/29f568f4.JPEG
scrambled_0593_butterfly_n02278024_4591_conf0.998647.JPEG,c7e9dc57.JPEG,visual_scrambled,https://mmarcantoinee.github.io/survey-mit-spring-2026/images/renamed/visual_scrambled/c7e9dc57.JPEG
scrambled_0597_camel_n00449892_1129_conf0.984645.JPEG,00b459ae.JPEG,visual_scrambled,https://mmarcantoinee.github.io/survey-mit-spring-2026/images/renamed/visual_scrambled/00b459ae.JPEG
scrambled_0597_camel_n00449892_369_conf0.996087.JPEG,884e5355.JPEG,visual_scrambled,https://mmarcantoinee.github.io/survey-mit-spring-2026/images/renamed/visual_scrambled/884e5355.JPEG
scrambled_0597_camel_n00449892_5798_conf0.995138.JPEG,edeb8b97.JPEG,visual_scrambled,https://mmarcantoinee.github.io/survey-mit-spring-2026/images/renamed/visual_scrambled/edeb8b97.JPEG
scrambled_0597_camel_n00449892_9396_conf0.999941.JPEG,ffda1b99.JPEG,visual_scrambled,https://mmarcantoinee.github.io/survey-mit-spring-2026/images/renamed/visual_scrambled/ffda1b99.JPEG
scrambled_0597_camel_n02437136_8623_conf0.992198.JPEG,c6daeb5f.JPEG,visual_scrambled,https://mmarcantoinee.github.io/survey-mit-spring-2026/images/renamed/visual_scrambled/c6daeb5f.JPEG
scrambled_0597_camel_n02437312_1632_conf0.999711.JPEG,dba890e1.JPEG,visual_scrambled,https://mmarcantoinee.github.io/survey-mit-spring-2026/images/renamed/visual_scrambled/dba890e1.JPEG
scrambled_0597_camel_n02437312_1918_conf0.991104.JPEG,abdf2e09.JPEG,visual_scrambled,https://mmarcantoinee.github.io/survey-mit-spring-2026/images/renamed/visual_scrambled/abdf2e09.JPEG
scrambled_0597_camel_n02437312_7143_conf0.997799.JPEG,411509d6.JPEG,visual_scrambled,https://mmarcantoinee.github.io/survey-mit-spring-2026/images/renamed/visual_scrambled/411509d6.JPEG
scrambled_0597_camel_n02437482_2526_conf0.997116.JPEG,147d4ba9.JPEG,visual_scrambled,https://mmarcantoinee.github.io/survey-mit-spring-2026/images/renamed/visual_scrambled/147d4ba9.JPEG
scrambled_0597_camel_n02437482_4281_conf0.997421.JPEG,670fc5da.JPEG,visual_scrambled,https://mmarcantoinee.github.io/survey-mit-spring-2026/images/renamed/visual_scrambled/670fc5da.JPEG
scrambled_0598_balloon_n02782093_2852_conf0.997680.JPEG,d3c06df8.JPEG,visual_scrambled,https://mmarcantoinee.github.io/survey-mit-spring-2026/images/renamed/visual_scrambled/d3c06df8.JPEG
scrambled_0598_balloon_n02782093_4750_conf0.998321.JPEG,98ac58cd.JPEG,visual_scrambled,https://mmarcantoinee.github.io/survey-mit-spring-2026/images/renamed/visual_scrambled/98ac58cd.JPEG
scrambled_0598_balloon_n02782602_4892_conf0.997180.JPEG,5c46c98b.JPEG,visual_scrambled,https://mmarcantoinee.github.io/survey-mit-spring-2026/images/renamed/visual_scrambled/5c46c98b.JPEG
scrambled_0598_balloon_n02782602_5011_conf0.999644.JPEG,c52a5b98.JPEG,visual_scrambled,https://mmarcantoinee.github.io/survey-mit-spring-2026/images/renamed/visual_scrambled/c52a5b98.JPEG
scrambled_0598_balloon_n02782602_683_conf0.998538.JPEG,6786b699.JPEG,visual_scrambled,https://mmarcantoinee.github.io/survey-mit-spring-2026/images/renamed/visual_scrambled/6786b699.JPEG
scrambled_0598_balloon_n03541923_1152_conf0.992127.JPEG,7253467e.JPEG,visual_scrambled,https://mmarcantoinee.github.io/survey-mit-spring-2026/images/renamed/visual_scrambled/7253467e.JPEG
scrambled_0598_balloon_n03541923_1587_conf0.999910.JPEG,bba2ea4f.JPEG,visual_scrambled,https://mmarcantoinee.github.io/survey-mit-spring-2026/images/renamed/visual_scrambled/bba2ea4f.JPEG
scrambled_0598_balloon_n03541923_3007_conf0.999994.JPEG,3f39f066.JPEG,visual_scrambled,https://mmarcantoinee.github.io/survey-mit-spring-2026/images/renamed/visual_scrambled/3f39f066.JPEG
scrambled_0598_balloon_n03541923_301_conf0.999999.JPEG,85aeb9db.JPEG,visual_scrambled,https://mmarcantoinee.github.io/survey-mit-spring-2026/images/renamed/visual_scrambled/85aeb9db.JPEG
scrambled_0598_balloon_n03541923_3524_conf0.999937.JPEG,3220c2d4.JPEG,visual_scrambled,https://mmarcantoinee.github.io/survey-mit-spring-2026/images/renamed/visual_scrambled/3220c2d4.JPEG
scrambled_0598_balloon_n03541923_3691_conf0.999529.JPEG,6f464d11.JPEG,visual_scrambled,https://mmarcantoinee.github.io/survey-mit-spring-2026/images/renamed/visual_scrambled/6f464d11.JPEG
scrambled_0599_beach_bing_playa_0013_conf0.999335.jpg,d252864b.jpg,visual_scrambled,https://mmarcantoinee.github.io/survey-mit-spring-2026/images/renamed/visual_scrambled/d252864b.jpg
scrambled_0599_beach_n09217230_15749_conf0.999086.JPEG,915313c2.JPEG,visual_scrambled,https://mmarcantoinee.github.io/survey-mit-spring-2026/images/renamed/visual_scrambled/915313c2.JPEG
scrambled_0607_crate_n03127925_6767_conf0.991259.JPEG,812f4ffc.JPEG,visual_scrambled,https://mmarcantoinee.github.io/survey-mit-spring-2026/images/renamed/visual_scrambled/812f4ffc.JPEG
scrambled_0609_wrench_n02886434_1770_conf1.000000.JPEG,ffe35a86.JPEG,visual_scrambled,https://mmarcantoinee.github.io/survey-mit-spring-2026/images/renamed/visual_scrambled/ffe35a86.JPEG
scrambled_0609_wrench_n02886434_3431_conf0.999925.JPEG,f68b8196.JPEG,visual_scrambled,https://mmarcantoinee.github.io/survey-mit-spring-2026/images/renamed/visual_scrambled/f68b8196.JPEG
scrambled_0609_wrench_n03848168_2003_conf0.999986.JPEG,0ba970fe.JPEG,visual_scrambled,https://mmarcantoinee.github.io/survey-mit-spring-2026/images/renamed/visual_scrambled/0ba970fe.JPEG
scrambled_0609_wrench_n03848168_2084_conf0.999999.JPEG,5873bb37.JPEG,visual_scrambled,https://mmarcantoinee.github.io/survey-mit-spring-2026/images/renamed/visual_scrambled/5873bb37.JPEG
scrambled_0609_wrench_n03848168_3474_conf1.000000.JPEG,d15ce2fb.JPEG,visual_scrambled,https://mmarcantoinee.github.io/survey-mit-spring-2026/images/renamed/visual_scrambled/d15ce2fb.JPEG
scrambled_0611_eggroll_n07866723_8676_conf0.983962.JPEG,3f40d922.JPEG,visual_scrambled,https://mmarcantoinee.github.io/survey-mit-spring-2026/images/renamed/visual_scrambled/3f40d922.JPEG
scrambled_0617_taco_n07880751_3359_conf0.999755.JPEG,65aad1ff.JPEG,visual_scrambled,https://mmarcantoinee.github.io/survey-mit-spring-2026/images/renamed/visual_scrambled/65aad1ff.JPEG
scrambled_0618_rat_n02331046_1287_conf0.999802.JPEG,cd43647c.JPEG,visual_scrambled,https://mmarcantoinee.github.io/survey-mit-spring-2026/images/renamed/visual_scrambled/cd43647c.JPEG
scrambled_0618_rat_n02331046_2533_conf0.985836.JPEG,69b163f7.JPEG,visual_scrambled,https://mmarcantoinee.github.io/survey-mit-spring-2026/images/renamed/visual_scrambled/69b163f7.JPEG
scrambled_0624_meatball_n07871720_1026_conf0.994649.JPEG,8acf2eaf.JPEG,visual_scrambled,https://mmarcantoinee.github.io/survey-mit-spring-2026/images/renamed/visual_scrambled/8acf2eaf.JPEG
scrambled_0624_meatball_n07871720_2016_conf0.994389.JPEG,6e62012e.JPEG,visual_scrambled,https://mmarcantoinee.github.io/survey-mit-spring-2026/images/renamed/visual_scrambled/6e62012e.JPEG
scrambled_0624_meatball_n07871720_3774_conf0.998788.JPEG,cf4d0bfb.JPEG,visual_scrambled,https://mmarcantoinee.github.io/survey-mit-spring-2026/images/renamed/visual_scrambled/cf4d0bfb.JPEG
scrambled_0625_emerald_n04968056_11251_conf0.997869.JPEG,b5132ccc.JPEG,visual_scrambled,https://mmarcantoinee.github.io/survey-mit-spring-2026/images/renamed/visual_scrambled/b5132ccc.JPEG
scrambled_0625_emerald_n04968056_21829_conf0.998366.JPEG,7462c01a.JPEG,visual_scrambled,https://mmarcantoinee.github.io/survey-mit-spring-2026/images/renamed/visual_scrambled/7462c01a.JPEG
scrambled_0625_emerald_n04968056_3997_conf0.999472.JPEG,98b8db3e.JPEG,visual_scrambled,https://mmarcantoinee.github.io/survey-mit-spring-2026/images/renamed/visual_scrambled/98b8db3e.JPEG
scrambled_0625_emerald_n04968056_7449_conf0.999887.JPEG,3653269f.JPEG,visual_scrambled,https://mmarcantoinee.github.io/survey-mit-spring-2026/images/renamed/visual_scrambled/3653269f.JPEG
scrambled_0631_sheep_n10588074_13766_conf0.995848.JPEG,984b491b.JPEG,visual_scrambled,https://mmarcantoinee.github.io/survey-mit-spring-2026/images/renamed/visual_scrambled/984b491b.JPEG
scrambled_0633_jukebox_n03604156_1363_conf0.999999.JPEG,502070b9.JPEG,visual_scrambled,https://mmarcantoinee.github.io/survey-mit-spring-2026/images/renamed/visual_scrambled/502070b9.JPEG
scrambled_0633_jukebox_n03604156_4222_conf1.000000.JPEG,2fd77909.JPEG,visual_scrambled,https://mmarcantoinee.github.io/survey-mit-spring-2026/images/renamed/visual_scrambled/2fd77909.JPEG
scrambled_0633_jukebox_n03604156_4854_conf1.000000.JPEG,5760b10f.JPEG,visual_scrambled,https://mmarcantoinee.github.io/survey-mit-spring-2026/images/renamed/visual_scrambled/5760b10f.JPEG
scrambled_0634_desert_flickr_desert_0004_conf0.999879.jpg,94ae9869.jpg,visual_scrambled,https://mmarcantoinee.github.io/survey-mit-spring-2026/images/renamed/visual_scrambled/94ae9869.jpg
scrambled_0643_raspberry_n07745466_7168_conf0.993673.JPEG,e2dd6efa.JPEG,visual_scrambled,https://mmarcantoinee.github.io/survey-mit-spring-2026/images/renamed/visual_scrambled/e2dd6efa.JPEG
scrambled_0647_snail_n01944812_13438_conf0.998728.JPEG,acee58cd.JPEG,visual_scrambled,https://mmarcantoinee.github.io/survey-mit-spring-2026/images/renamed/visual_scrambled/acee58cd.JPEG
scrambled_0647_snail_n01944812_533_conf0.996592.JPEG,c63a3cab.JPEG,visual_scrambled,https://mmarcantoinee.github.io/survey-mit-spring-2026/images/renamed/visual_scrambled/c63a3cab.JPEG
scrambled_0654_pistachio_n07775050_27367_conf0.996369.JPEG,56c0f269.JPEG,visual_scrambled,https://mmarcantoinee.github.io/survey-mit-spring-2026/images/renamed/visual_scrambled/56c0f269.JPEG
scrambled_0654_pistachio_n07775050_9690_conf0.999984.JPEG,90224a10.JPEG,visual_scrambled,https://mmarcantoinee.github.io/survey-mit-spring-2026/images/renamed/visual_scrambled/90224a10.JPEG
scrambled_0655_groundhog_n02361337_11003_conf0.999832.JPEG,5ea088c8.JPEG,visual_scrambled,https://mmarcantoinee.github.io/survey-mit-spring-2026/images/renamed/visual_scrambled/5ea088c8.JPEG
scrambled_0657_jellyfish_n01910747_336_conf0.991645.JPEG,48a55bd7.JPEG,visual_scrambled,https://mmarcantoinee.github.io/survey-mit-spring-2026/images/renamed/visual_scrambled/48a55bd7.JPEG
scrambled_0657_jellyfish_n01913166_12676_conf1.000000.JPEG,2d0803ef.JPEG,visual_scrambled,https://mmarcantoinee.github.io/survey-mit-spring-2026/images/renamed/visual_scrambled/2d0803ef.JPEG
scrambled_0659_carousel_bing_carousel_0223_conf1.000000.jpg,64573113.jpg,visual_scrambled,https://mmarcantoinee.github.io/survey-mit-spring-2026/images/renamed/visual_scrambled/64573113.jpg
scrambled_0659_carousel_n02966193_14143_conf0.992697.JPEG,ca7bc12e.JPEG,visual_scrambled,https://mmarcantoinee.github.io/survey-mit-spring-2026/images/renamed/visual_scrambled/ca7bc12e.JPEG
scrambled_0659_carousel_n02966193_17486_conf0.999527.JPEG,49acc48b.JPEG,visual_scrambled,https://mmarcantoinee.github.io/survey-mit-spring-2026/images/renamed/visual_scrambled/49acc48b.JPEG
scrambled_0659_carousel_n02966193_2510_conf0.999997.JPEG,9716561c.JPEG,visual_scrambled,https://mmarcantoinee.github.io/survey-mit-spring-2026/images/renamed/visual_scrambled/9716561c.JPEG
scrambled_0659_carousel_n02966193_40180_conf0.999906.JPEG,3c02e383.JPEG,visual_scrambled,https://mmarcantoinee.github.io/survey-mit-spring-2026/images/renamed/visual_scrambled/3c02e383.JPEG
scrambled_0665_pear_n07767847_11567_conf0.999971.JPEG,78cb981a.JPEG,visual_scrambled,https://mmarcantoinee.github.io/survey-mit-spring-2026/images/renamed/visual_scrambled/78cb981a.JPEG
scrambled_0665_pear_n07768230_9966_conf0.998852.JPEG,cdb880c1.JPEG,visual_scrambled,https://mmarcantoinee.github.io/survey-mit-spring-2026/images/renamed/visual_scrambled/cdb880c1.JPEG
scrambled_0665_pear_n12651611_10223_conf0.992984.JPEG,bdda33e7.JPEG,visual_scrambled,https://mmarcantoinee.github.io/survey-mit-spring-2026/images/renamed/visual_scrambled/bdda33e7.JPEG
scrambled_0665_pear_n12651611_19953_conf0.984168.JPEG,021595ef.JPEG,visual_scrambled,https://mmarcantoinee.github.io/survey-mit-spring-2026/images/renamed/visual_scrambled/021595ef.JPEG
scrambled_0666_bullet_n02916350_3943_conf0.996803.JPEG,81082ac5.JPEG,visual_scrambled,https://mmarcantoinee.github.io/survey-mit-spring-2026/images/renamed/visual_scrambled/81082ac5.JPEG
scrambled_0666_bullet_n03402369_74_conf0.981927.JPEG,ea1c8166.JPEG,visual_scrambled,https://mmarcantoinee.github.io/survey-mit-spring-2026/images/renamed/visual_scrambled/ea1c8166.JPEG
scrambled_0666_bullet_n04090548_7054_conf0.994520.JPEG,b759cceb.JPEG,visual_scrambled,https://mmarcantoinee.github.io/survey-mit-spring-2026/images/renamed/visual_scrambled/b759cceb.JPEG
scrambled_0666_bullet_n04090548_8149_conf0.999852.JPEG,2eb7651d.JPEG,visual_scrambled,https://mmarcantoinee.github.io/survey-mit-spring-2026/images/renamed/visual_scrambled/2eb7651d.JPEG
scrambled_0670_pliers_n03816530_1778_conf0.994713.JPEG,3af4ebae.JPEG,visual_scrambled,https://mmarcantoinee.github.io/survey-mit-spring-2026/images/renamed/visual_scrambled/3af4ebae.JPEG
scrambled_0675_toothpick_n04453390_13039_conf0.999551.JPEG,bc759132.JPEG,visual_scrambled,https://mmarcantoinee.github.io/survey-mit-spring-2026/images/renamed/visual_scrambled/bc759132.JPEG
scrambled_0676_stagecoach_n04297098_12764_conf0.999987.JPEG,e030eeef.JPEG,visual_scrambled,https://mmarcantoinee.github.io/survey-mit-spring-2026/images/renamed/visual_scrambled/e030eeef.JPEG
scrambled_0676_stagecoach_n04297098_15035_conf0.999998.JPEG,2ece4b69.JPEG,visual_scrambled,https://mmarcantoinee.github.io/survey-mit-spring-2026/images/renamed/visual_scrambled/2ece4b69.JPEG
scrambled_0676_stagecoach_n04297098_23310_conf0.999997.JPEG,26d973b8.JPEG,visual_scrambled,https://mmarcantoinee.github.io/survey-mit-spring-2026/images/renamed/visual_scrambled/26d973b8.JPEG
scrambled_0678_hourglass_n03544143_6677_conf0.999994.JPEG,53fea10f.JPEG,visual_scrambled,https://mmarcantoinee.github.io/survey-mit-spring-2026/images/renamed/visual_scrambled/53fea10f.JPEG
scrambled_0678_hourglass_n03544143_6989_conf0.998249.JPEG,1f7eaccb.JPEG,visual_scrambled,https://mmarcantoinee.github.io/survey-mit-spring-2026/images/renamed/visual_scrambled/1f7eaccb.JPEG
scrambled_0678_hourglass_n03544143_7185_conf0.985975.JPEG,c0a44d10.JPEG,visual_scrambled,https://mmarcantoinee.github.io/survey-mit-spring-2026/images/renamed/visual_scrambled/c0a44d10.JPEG
scrambled_0678_hourglass_n04134632_4302_conf0.999395.JPEG,6e6d969e.JPEG,visual_scrambled,https://mmarcantoinee.github.io/survey-mit-spring-2026/images/renamed/visual_scrambled/6e6d969e.JPEG
scrambled_0678_hourglass_n04134632_446_conf1.000000.JPEG,2f6786aa.JPEG,visual_scrambled,https://mmarcantoinee.github.io/survey-mit-spring-2026/images/renamed/visual_scrambled/2f6786aa.JPEG
scrambled_0686_coliseum_n02704949_1011_conf0.997915.JPEG,62164f1c.JPEG,visual_scrambled,https://mmarcantoinee.github.io/survey-mit-spring-2026/images/renamed/visual_scrambled/62164f1c.JPEG
scrambled_0686_coliseum_n02704949_11568_conf1.000000.JPEG,48de4912.JPEG,visual_scrambled,https://mmarcantoinee.github.io/survey-mit-spring-2026/images/renamed/visual_scrambled/48de4912.JPEG
scrambled_0686_coliseum_n02704949_16443_conf0.999847.JPEG,3a4c7898.JPEG,visual_scrambled,https://mmarcantoinee.github.io/survey-mit-spring-2026/images/renamed/visual_scrambled/3a4c7898.JPEG
scrambled_0686_coliseum_n02704949_23134_conf1.000000.JPEG,624588a0.JPEG,visual_scrambled,https://mmarcantoinee.github.io/survey-mit-spring-2026/images/renamed/visual_scrambled/624588a0.JPEG
scrambled_0686_coliseum_n02704949_23592_conf0.993882.JPEG,63f36652.JPEG,visual_scrambled,https://mmarcantoinee.github.io/survey-mit-spring-2026/images/renamed/visual_scrambled/63f36652.JPEG
scrambled_0686_coliseum_n02704949_6383_conf0.999999.JPEG,6800657d.JPEG,visual_scrambled,https://mmarcantoinee.github.io/survey-mit-spring-2026/images/renamed/visual_scrambled/6800657d.JPEG
scrambled_0686_coliseum_n02705201_5697_conf0.999441.JPEG,e1950b4a.JPEG,visual_scrambled,https://mmarcantoinee.github.io/survey-mit-spring-2026/images/renamed/visual_scrambled/e1950b4a.JPEG
scrambled_0687_blowtorch_n02855390_12419_conf0.997852.JPEG,9c03ddf8.JPEG,visual_scrambled,https://mmarcantoinee.github.io/survey-mit-spring-2026/images/renamed/visual_scrambled/9c03ddf8.JPEG
scrambled_0721_hedgehog_n01893825_15355_conf0.999657.JPEG,d3b7ca9c.JPEG,visual_scrambled,https://mmarcantoinee.github.io/survey-mit-spring-2026/images/renamed/visual_scrambled/d3b7ca9c.JPEG
scrambled_0721_hedgehog_n01893825_3011_conf0.998649.JPEG,cd7d7bef.JPEG,visual_scrambled,https://mmarcantoinee.github.io/survey-mit-spring-2026/images/renamed/visual_scrambled/cd7d7bef.JPEG
scrambled_0721_hedgehog_n01893825_4885_conf0.999741.JPEG,e8f022b1.JPEG,visual_scrambled,https://mmarcantoinee.github.io/survey-mit-spring-2026/images/renamed/visual_scrambled/e8f022b1.JPEG
scrambled_0729_opossum_n01874928_12870_conf0.994257.JPEG,bb55e849.JPEG,visual_scrambled,https://mmarcantoinee.github.io/survey-mit-spring-2026/images/renamed/visual_scrambled/bb55e849.JPEG
scrambled_0729_opossum_n01874928_4415_conf0.998532.JPEG,09aaf4c0.JPEG,visual_scrambled,https://mmarcantoinee.github.io/survey-mit-spring-2026/images/renamed/visual_scrambled/09aaf4c0.JPEG
scrambled_0737_pumpkin_n07735510_426_conf0.999999.JPEG,892a977d.JPEG,visual_scrambled,https://mmarcantoinee.github.io/survey-mit-spring-2026/images/renamed/visual_scrambled/892a977d.JPEG
scrambled_0737_pumpkin_n07735510_6925_conf0.995090.JPEG,d2db1ce5.JPEG,visual_scrambled,https://mmarcantoinee.github.io/survey-mit-spring-2026/images/renamed/visual_scrambled/d2db1ce5.JPEG
scrambled_0737_pumpkin_n07735510_7254_conf0.999950.JPEG,d668384f.JPEG,visual_scrambled,https://mmarcantoinee.github.io/survey-mit-spring-2026/images/renamed/visual_scrambled/d668384f.JPEG
scrambled_0737_pumpkin_n07735510_9432_conf0.999993.JPEG,34883726.JPEG,visual_scrambled,https://mmarcantoinee.github.io/survey-mit-spring-2026/images/renamed/visual_scrambled/34883726.JPEG
scrambled_0737_pumpkin_n12158443_24911_conf0.999934.JPEG,cef53f9b.JPEG,visual_scrambled,https://mmarcantoinee.github.io/survey-mit-spring-2026/images/renamed/visual_scrambled/cef53f9b.JPEG
scrambled_0737_pumpkin_n12158443_8372_conf0.999994.JPEG,81f90fdc.JPEG,visual_scrambled,https://mmarcantoinee.github.io/survey-mit-spring-2026/images/renamed/visual_scrambled/81f90fdc.JPEG
scrambled_0737_pumpkin_n12162425_19792_conf0.997812.JPEG,59f1fb57.JPEG,visual_scrambled,https://mmarcantoinee.github.io/survey-mit-spring-2026/images/renamed/visual_scrambled/59f1fb57.JPEG
scrambled_0739_bowl_n02881193_1495_conf0.992762.JPEG,61784014.JPEG,visual_scrambled,https://mmarcantoinee.github.io/survey-mit-spring-2026/images/renamed/visual_scrambled/61784014.JPEG
scrambled_0739_bowl_n02881193_3286_conf0.997532.JPEG,44af476e.JPEG,visual_scrambled,https://mmarcantoinee.github.io/survey-mit-spring-2026/images/renamed/visual_scrambled/44af476e.JPEG
scrambled_0739_bowl_n03775546_1496_conf0.998561.JPEG,09379838.JPEG,visual_scrambled,https://mmarcantoinee.github.io/survey-mit-spring-2026/images/renamed/visual_scrambled/09379838.JPEG
scrambled_0740_worm_n01740551_1610_conf0.985800.JPEG,147674da.JPEG,visual_scrambled,https://mmarcantoinee.github.io/survey-mit-spring-2026/images/renamed/visual_scrambled/147674da.JPEG
scrambled_0740_worm_n01740551_7710_conf0.998745.JPEG,b844e63b.JPEG,visual_scrambled,https://mmarcantoinee.github.io/survey-mit-spring-2026/images/renamed/visual_scrambled/b844e63b.JPEG
scrambled_0740_worm_n01931520_26576_conf0.988519.JPEG,f2794dbc.JPEG,visual_scrambled,https://mmarcantoinee.github.io/survey-mit-spring-2026/images/renamed/visual_scrambled/f2794dbc.JPEG
scrambled_0743_candy_n07606669_10350_conf0.993255.JPEG,65a421a0.JPEG,visual_scrambled,https://mmarcantoinee.github.io/survey-mit-spring-2026/images/renamed/visual_scrambled/65a421a0.JPEG
scrambled_0743_candy_n07606669_8653_conf0.995126.JPEG,375981de.JPEG,visual_scrambled,https://mmarcantoinee.github.io/survey-mit-spring-2026/images/renamed/visual_scrambled/375981de.JPEG
scrambled_0754_clarinet_n03037709_15895_conf0.995331.JPEG,d60bf7da.JPEG,visual_scrambled,https://mmarcantoinee.github.io/survey-mit-spring-2026/images/renamed/visual_scrambled/d60bf7da.JPEG
scrambled_0759_peanut_bing_erdnuss_0025_conf0.999965.jpg,3728e178.jpg,visual_scrambled,https://mmarcantoinee.github.io/survey-mit-spring-2026/images/renamed/visual_scrambled/3728e178.jpg
scrambled_0764_gondola_bing_gondola_0237_conf1.000000.jpg,0cc3a572.jpg,visual_scrambled,https://mmarcantoinee.github.io/survey-mit-spring-2026/images/renamed/visual_scrambled/0cc3a572.jpg
scrambled_0764_gondola_n03447447_11838_conf0.999998.JPEG,1e570b6e.JPEG,visual_scrambled,https://mmarcantoinee.github.io/survey-mit-spring-2026/images/renamed/visual_scrambled/1e570b6e.JPEG
scrambled_0764_gondola_n03447447_2106_conf0.997094.JPEG,fab02115.JPEG,visual_scrambled,https://mmarcantoinee.github.io/survey-mit-spring-2026/images/renamed/visual_scrambled/fab02115.JPEG
scrambled_0764_gondola_n03447447_5271_conf0.994277.JPEG,0263e52e.JPEG,visual_scrambled,https://mmarcantoinee.github.io/survey-mit-spring-2026/images/renamed/visual_scrambled/0263e52e.JPEG
scrambled_0764_gondola_n03447447_6285_conf0.999904.JPEG,3d607dae.JPEG,visual_scrambled,https://mmarcantoinee.github.io/survey-mit-spring-2026/images/renamed/visual_scrambled/3d607dae.JPEG
scrambled_0764_gondola_n03447447_7544_conf0.998925.JPEG,bec9c618.JPEG,visual_scrambled,https://mmarcantoinee.github.io/survey-mit-spring-2026/images/renamed/visual_scrambled/bec9c618.JPEG
scrambled_0768_television_n03072440_8506_conf0.999828.JPEG,9417f7a9.JPEG,visual_scrambled,https://mmarcantoinee.github.io/survey-mit-spring-2026/images/renamed/visual_scrambled/9417f7a9.JPEG
scrambled_0772_barnacle_n01999186_4670_conf0.999853.JPEG,0333f022.JPEG,visual_scrambled,https://mmarcantoinee.github.io/survey-mit-spring-2026/images/renamed/visual_scrambled/0333f022.JPEG
scrambled_0787_cashew_n12759273_38_conf0.999750.JPEG,a1c2f9b7.JPEG,visual_scrambled,https://mmarcantoinee.github.io/survey-mit-spring-2026/images/renamed/visual_scrambled/a1c2f9b7.JPEG
scrambled_0794_streetlamp_n04335886_11980_conf0.989489.JPEG,cb77e320.JPEG,visual_scrambled,https://mmarcantoinee.github.io/survey-mit-spring-2026/images/renamed/visual_scrambled/cb77e320.JPEG
scrambled_0794_streetlamp_n04335886_132_conf0.993620.JPEG,afce3a3c.JPEG,visual_scrambled,https://mmarcantoinee.github.io/survey-mit-spring-2026/images/renamed/visual_scrambled/afce3a3c.JPEG
scrambled_0794_streetlamp_n04335886_13302_conf0.999330.JPEG,bb61100e.JPEG,visual_scrambled,https://mmarcantoinee.github.io/survey-mit-spring-2026/images/renamed/visual_scrambled/bb61100e.JPEG
scrambled_0801_razor_n04127521_15852_conf0.999861.JPEG,31af2d1c.JPEG,visual_scrambled,https://mmarcantoinee.github.io/survey-mit-spring-2026/images/renamed/visual_scrambled/31af2d1c.JPEG
scrambled_0801_razor_n04332074_926_conf0.997720.JPEG,5c24b44a.JPEG,visual_scrambled,https://mmarcantoinee.github.io/survey-mit-spring-2026/images/renamed/visual_scrambled/5c24b44a.JPEG
scrambled_0807_peach_n07751004_306_conf0.984093.JPEG,c048bd93.JPEG,visual_scrambled,https://mmarcantoinee.github.io/survey-mit-spring-2026/images/renamed/visual_scrambled/c048bd93.JPEG
scrambled_0807_peach_n07751004_3407_conf0.980526.JPEG,3b47f62a.JPEG,visual_scrambled,https://mmarcantoinee.github.io/survey-mit-spring-2026/images/renamed/visual_scrambled/3b47f62a.JPEG
scrambled_0807_peach_n12648045_18243_conf0.990234.JPEG,5b558e06.JPEG,visual_scrambled,https://mmarcantoinee.github.io/survey-mit-spring-2026/images/renamed/visual_scrambled/5b558e06.JPEG
scrambled_0812_coin_bing_Muenze_1837_conf0.990824.jpg,c394d82c.jpg,visual_scrambled,https://mmarcantoinee.github.io/survey-mit-spring-2026/images/renamed/visual_scrambled/c394d82c.jpg
scrambled_0822_grasshopper_n02226429_9520_conf0.997375.JPEG,36d8e5f0.JPEG,visual_scrambled,https://mmarcantoinee.github.io/survey-mit-spring-2026/images/renamed/visual_scrambled/36d8e5f0.JPEG
scrambled_0822_grasshopper_n02227966_2419_conf0.981407.JPEG,d21dba31.JPEG,visual_scrambled,https://mmarcantoinee.github.io/survey-mit-spring-2026/images/renamed/visual_scrambled/d21dba31.JPEG
scrambled_0822_grasshopper_n02228341_6168_conf0.999650.JPEG,da588388.JPEG,visual_scrambled,https://mmarcantoinee.github.io/survey-mit-spring-2026/images/renamed/visual_scrambled/da588388.JPEG
scrambled_0828_pea_n07725531_1835_conf0.997980.JPEG,84fff030.JPEG,visual_scrambled,https://mmarcantoinee.github.io/survey-mit-spring-2026/images/renamed/visual_scrambled/84fff030.JPEG
scrambled_0829_toaster_n04442312_2742_conf0.999245.JPEG,84ace720.JPEG,visual_scrambled,https://mmarcantoinee.github.io/survey-mit-spring-2026/images/renamed/visual_scrambled/84ace720.JPEG
scrambled_0829_toaster_n04442312_6076_conf0.998874.JPEG,2c08350d.JPEG,visual_scrambled,https://mmarcantoinee.github.io/survey-mit-spring-2026/images/renamed/visual_scrambled/2c08350d.JPEG
scrambled_0836_chalk_n03003091_25361_conf0.998366.JPEG,3eb66aaf.JPEG,visual_scrambled,https://mmarcantoinee.github.io/survey-mit-spring-2026/images/renamed/visual_scrambled/3eb66aaf.JPEG
scrambled_0836_chalk_n03003091_2705_conf0.999373.JPEG,44acdb68.JPEG,visual_scrambled,https://mmarcantoinee.github.io/survey-mit-spring-2026/images/renamed/visual_scrambled/44acdb68.JPEG
scrambled_0836_chalk_n03003091_5614_conf0.983958.JPEG,6d89ee34.JPEG,visual_scrambled,https://mmarcantoinee.github.io/survey-mit-spring-2026/images/renamed/visual_scrambled/6d89ee34.JPEG
scrambled_0836_chalk_n03003091_7382_conf0.999191.JPEG,accf6713.JPEG,visual_scrambled,https://mmarcantoinee.github.io/survey-mit-spring-2026/images/renamed/visual_scrambled/accf6713.JPEG
scrambled_0841_bee_n02207345_18663_conf0.991258.JPEG,aa1190dc.JPEG,visual_scrambled,https://mmarcantoinee.github.io/survey-mit-spring-2026/images/renamed/visual_scrambled/aa1190dc.JPEG
scrambled_0842_bicycle_flickr_bicycle_0347_conf0.999990.jpg,ce3c2d34.jpg,visual_scrambled,https://mmarcantoinee.github.io/survey-mit-spring-2026/images/renamed/visual_scrambled/ce3c2d34.jpg
scrambled_0842_bicycle_n02834778_1034_conf1.000000.JPEG,d27e9492.JPEG,visual_scrambled,https://mmarcantoinee.github.io/survey-mit-spring-2026/images/renamed/visual_scrambled/d27e9492.JPEG
scrambled_0842_bicycle_n02835271_9682_conf0.999832.JPEG,b8c1ec36.JPEG,visual_scrambled,https://mmarcantoinee.github.io/survey-mit-spring-2026/images/renamed/visual_scrambled/b8c1ec36.JPEG
scrambled_0846_pencil_n03652100_2447_conf0.994868.JPEG,91ad5379.JPEG,visual_scrambled,https://mmarcantoinee.github.io/survey-mit-spring-2026/images/renamed/visual_scrambled/91ad5379.JPEG
scrambled_0848_garlic_n07818277_1101_conf0.996930.JPEG,2d4598bd.JPEG,visual_scrambled,https://mmarcantoinee.github.io/survey-mit-spring-2026/images/renamed/visual_scrambled/2d4598bd.JPEG
scrambled_0848_garlic_n07818277_13891_conf0.997211.JPEG,8c1a4774.JPEG,visual_scrambled,https://mmarcantoinee.github.io/survey-mit-spring-2026/images/renamed/visual_scrambled/8c1a4774.JPEG
scrambled_0848_garlic_n07818277_19184_conf0.986550.JPEG,ff7750d6.JPEG,visual_scrambled,https://mmarcantoinee.github.io/survey-mit-spring-2026/images/renamed/visual_scrambled/ff7750d6.JPEG
scrambled_0848_garlic_n07818277_2551_conf0.999797.JPEG,0877cdba.JPEG,visual_scrambled,https://mmarcantoinee.github.io/survey-mit-spring-2026/images/renamed/visual_scrambled/0877cdba.JPEG
scrambled_0848_garlic_n07818277_8269_conf0.988629.JPEG,74d372bc.JPEG,visual_scrambled,https://mmarcantoinee.github.io/survey-mit-spring-2026/images/renamed/visual_scrambled/74d372bc.JPEG
scrambled_0848_garlic_n07818422_11510_conf0.988578.JPEG,9153194f.JPEG,visual_scrambled,https://mmarcantoinee.github.io/survey-mit-spring-2026/images/renamed/visual_scrambled/9153194f.JPEG
scrambled_0848_garlic_n07818422_19935_conf0.995458.JPEG,3410b6f0.JPEG,visual_scrambled,https://mmarcantoinee.github.io/survey-mit-spring-2026/images/renamed/visual_scrambled/3410b6f0.JPEG
scrambled_0852_rhino_n02391994_18390_conf0.991233.JPEG,328db300.JPEG,visual_scrambled,https://mmarcantoinee.github.io/survey-mit-spring-2026/images/renamed/visual_scrambled/328db300.JPEG
scrambled_0852_rhino_n02391994_971_conf0.999770.JPEG,aefa7551.JPEG,visual_scrambled,https://mmarcantoinee.github.io/survey-mit-spring-2026/images/renamed/visual_scrambled/aefa7551.JPEG
scrambled_0853_wheat_n12142085_2313_conf0.999965.JPEG,5bf05e1e.JPEG,visual_scrambled,https://mmarcantoinee.github.io/survey-mit-spring-2026/images/renamed/visual_scrambled/5bf05e1e.JPEG
scrambled_0857_waterfall_bing_waterfall_0714_conf0.992864.jpg,45a66dc8.jpg,visual_scrambled,https://mmarcantoinee.github.io/survey-mit-spring-2026/images/renamed/visual_scrambled/45a66dc8.jpg
scrambled_0857_waterfall_flickr_waterfall_0084_conf0.999843.jpg,089551b8.jpg,visual_scrambled,https://mmarcantoinee.github.io/survey-mit-spring-2026/images/renamed/visual_scrambled/089551b8.jpg
scrambled_0857_waterfall_flickr_waterfall_0126_conf0.999938.jpg,2acf4457.jpg,visual_scrambled,https://mmarcantoinee.github.io/survey-mit-spring-2026/images/renamed/visual_scrambled/2acf4457.jpg
scrambled_0857_waterfall_flickr_waterfall_0187_conf0.999905.jpg,866419f8.jpg,visual_scrambled,https://mmarcantoinee.github.io/survey-mit-spring-2026/images/renamed/visual_scrambled/866419f8.jpg
scrambled_0857_waterfall_flickr_waterfall_0314_conf0.985114.jpg,a03278f9.jpg,visual_scrambled,https://mmarcantoinee.github.io/survey-mit-spring-2026/images/renamed/visual_scrambled/a03278f9.jpg
scrambled_0857_waterfall_flickr_waterfall_0368_conf0.997579.jpg,a056b3f1.jpg,visual_scrambled,https://mmarcantoinee.github.io/survey-mit-spring-2026/images/renamed/visual_scrambled/a056b3f1.jpg
scrambled_0858_squirrel_n02355477_2646_conf0.998534.JPEG,2028be52.JPEG,visual_scrambled,https://mmarcantoinee.github.io/survey-mit-spring-2026/images/renamed/visual_scrambled/2028be52.JPEG
scrambled_0858_squirrel_n02356381_7856_conf0.999574.JPEG,3acfd420.JPEG,visual_scrambled,https://mmarcantoinee.github.io/survey-mit-spring-2026/images/renamed/visual_scrambled/3acfd420.JPEG
scrambled_0858_squirrel_n02357111_14027_conf0.999989.JPEG,25012b23.JPEG,visual_scrambled,https://mmarcantoinee.github.io/survey-mit-spring-2026/images/renamed/visual_scrambled/25012b23.JPEG
scrambled_0858_squirrel_n02357111_8164_conf0.999852.JPEG,89713989.JPEG,visual_scrambled,https://mmarcantoinee.github.io/survey-mit-spring-2026/images/renamed/visual_scrambled/89713989.JPEG
scrambled_0867_bulldozer_n02916179_10936_conf0.999976.JPEG,27b2d8d5.JPEG,visual_scrambled,https://mmarcantoinee.github.io/survey-mit-spring-2026/images/renamed/visual_scrambled/27b2d8d5.JPEG
scrambled_0867_bulldozer_n02916179_20840_conf0.999990.JPEG,9464beae.JPEG,visual_scrambled,https://mmarcantoinee.github.io/survey-mit-spring-2026/images/renamed/visual_scrambled/9464beae.JPEG
scrambled_0869_closet_n03057636_2358_conf0.986174.JPEG,f9abbffb.JPEG,visual_scrambled,https://mmarcantoinee.github.io/survey-mit-spring-2026/images/renamed/visual_scrambled/f9abbffb.JPEG
scrambled_0869_closet_n03148324_25893_conf0.999428.JPEG,dcb09155.JPEG,visual_scrambled,https://mmarcantoinee.github.io/survey-mit-spring-2026/images/renamed/visual_scrambled/dcb09155.JPEG
scrambled_0869_closet_n03148324_6508_conf0.990968.JPEG,268951d7.JPEG,visual_scrambled,https://mmarcantoinee.github.io/survey-mit-spring-2026/images/renamed/visual_scrambled/268951d7.JPEG
scrambled_0869_closet_n03148324_8908_conf0.999908.JPEG,860730f1.JPEG,visual_scrambled,https://mmarcantoinee.github.io/survey-mit-spring-2026/images/renamed/visual_scrambled/860730f1.JPEG
scrambled_0875_broom_n02906734_6687_conf0.993570.JPEG,7d2509e6.JPEG,visual_scrambled,https://mmarcantoinee.github.io/survey-mit-spring-2026/images/renamed/visual_scrambled/7d2509e6.JPEG
scrambled_0878_starfish_n02317335_12079_conf0.983971.JPEG,81bc34e4.JPEG,visual_scrambled,https://mmarcantoinee.github.io/survey-mit-spring-2026/images/renamed/visual_scrambled/81bc34e4.JPEG
scrambled_0882_scoreboard_bing_scoreboard_0079_conf0.999900.jpg,9edab46f.jpg,visual_scrambled,https://mmarcantoinee.github.io/survey-mit-spring-2026/images/renamed/visual_scrambled/9edab46f.jpg
scrambled_0882_scoreboard_bing_scoreboard_0113_conf0.999995.jpg,c2d6f7f3.jpg,visual_scrambled,https://mmarcantoinee.github.io/survey-mit-spring-2026/images/renamed/visual_scrambled/c2d6f7f3.jpg
scrambled_0882_scoreboard_n04149813_3125_conf0.991954.JPEG,389c6bb1.JPEG,visual_scrambled,https://mmarcantoinee.github.io/survey-mit-spring-2026/images/renamed/visual_scrambled/389c6bb1.JPEG
scrambled_0882_scoreboard_n04149813_6175_conf0.999921.JPEG,9cca834a.JPEG,visual_scrambled,https://mmarcantoinee.github.io/survey-mit-spring-2026/images/renamed/visual_scrambled/9cca834a.JPEG
scrambled_0882_scoreboard_n04149813_6236_conf0.999969.JPEG,f7ef913b.JPEG,visual_scrambled,https://mmarcantoinee.github.io/survey-mit-spring-2026/images/renamed/visual_scrambled/f7ef913b.JPEG
scrambled_0894_rice_n07804323_8500_conf0.989081.JPEG,b0fbbda3.JPEG,visual_scrambled,https://mmarcantoinee.github.io/survey-mit-spring-2026/images/renamed/visual_scrambled/b0fbbda3.JPEG
scrambled_0894_rice_n07804657_6930_conf0.994147.JPEG,fe07315f.JPEG,visual_scrambled,https://mmarcantoinee.github.io/survey-mit-spring-2026/images/renamed/visual_scrambled/fe07315f.JPEG
scrambled_0895_crouton_n07682197_13464_conf0.980928.JPEG,6127f1ad.JPEG,visual_scrambled,https://mmarcantoinee.github.io/survey-mit-spring-2026/images/renamed/visual_scrambled/6127f1ad.JPEG
scrambled_0895_crouton_n07682197_3266_conf0.984911.JPEG,7fdc41bc.JPEG,visual_scrambled,https://mmarcantoinee.github.io/survey-mit-spring-2026/images/renamed/visual_scrambled/7fdc41bc.JPEG
scrambled_0909_flea_n02187150_6422_conf0.999944.JPEG,0cf7162a.JPEG,visual_scrambled,https://mmarcantoinee.github.io/survey-mit-spring-2026/images/renamed/visual_scrambled/0cf7162a.JPEG
scrambled_0921_bench_n03891251_1432_conf0.989712.JPEG,7ccde39c.JPEG,visual_scrambled,https://mmarcantoinee.github.io/survey-mit-spring-2026/images/renamed/visual_scrambled/7ccde39c.JPEG
scrambled_0921_bench_n04177820_12119_conf0.989186.JPEG,ddfc1d43.JPEG,visual_scrambled,https://mmarcantoinee.github.io/survey-mit-spring-2026/images/renamed/visual_scrambled/ddfc1d43.JPEG
scrambled_0945_windmill_n04587404_10745_conf0.999927.JPEG,bd3ffe9a.JPEG,visual_scrambled,https://mmarcantoinee.github.io/survey-mit-spring-2026/images/renamed/visual_scrambled/bd3ffe9a.JPEG
scrambled_0945_windmill_n04587404_1140_conf0.999830.JPEG,fc9b8654.JPEG,visual_scrambled,https://mmarcantoinee.github.io/survey-mit-spring-2026/images/renamed/visual_scrambled/fc9b8654.JPEG
scrambled_0945_windmill_n04587404_12011_conf0.999892.JPEG,5c71acab.JPEG,visual_scrambled,https://mmarcantoinee.github.io/survey-mit-spring-2026/images/renamed/visual_scrambled/5c71acab.JPEG
scrambled_0945_windmill_n04587404_13267_conf0.998397.JPEG,ec8ca70d.JPEG,visual_scrambled,https://mmarcantoinee.github.io/survey-mit-spring-2026/images/renamed/visual_scrambled/ec8ca70d.JPEG
scrambled_0945_windmill_n04587404_19348_conf0.997399.JPEG,7e582e1e.JPEG,visual_scrambled,https://mmarcantoinee.github.io/survey-mit-spring-2026/images/renamed/visual_scrambled/7e582e1e.JPEG
scrambled_0945_windmill_n04587404_9546_conf0.981178.JPEG,27d0fa9d.JPEG,visual_scrambled,https://mmarcantoinee.github.io/survey-mit-spring-2026/images/renamed/visual_scrambled/27d0fa9d.JPEG
scrambled_0945_windmill_n04587559_3651_conf0.999964.JPEG,e1737209.JPEG,visual_scrambled,https://mmarcantoinee.github.io/survey-mit-spring-2026/images/renamed/visual_scrambled/e1737209.JPEG
scrambled_0945_windmill_n04587559_6815_conf0.992056.JPEG,b40a3828.JPEG,visual_scrambled,https://mmarcantoinee.github.io/survey-mit-spring-2026/images/renamed/visual_scrambled/b40a3828.JPEG
scrambled_0945_windmill_n04587559_7281_conf0.998416.JPEG,de3aa441.JPEG,visual_scrambled,https://mmarcantoinee.github.io/survey-mit-spring-2026/images/renamed/visual_scrambled/de3aa441.JPEG
scrambled_0945_windmill_n04587559_9668_conf0.992786.JPEG,586619a0.JPEG,visual_scrambled,https://mmarcantoinee.github.io/survey-mit-spring-2026/images/renamed/visual_scrambled/586619a0.JPEG
scrambled_0948_pan_n03400231_18275_conf0.997235.JPEG,b6ecf978.JPEG,visual_scrambled,https://mmarcantoinee.github.io/survey-mit-spring-2026/images/renamed/visual_scrambled/b6ecf978.JPEG
scrambled_0948_pan_n03900301_2490_conf0.993794.JPEG,d9eb4795.JPEG,visual_scrambled,https://mmarcantoinee.github.io/survey-mit-spring-2026/images/renamed/visual_scrambled/d9eb4795.JPEG
scrambled_0949_avocado_bing_aguacate_0473_conf0.998687.jpg,bf59a876.jpg,visual_scrambled,https://mmarcantoinee.github.io/survey-mit-spring-2026/images/renamed/visual_scrambled/bf59a876.jpg
scrambled_0949_avocado_n07764847_1788_conf0.988725.JPEG,c16ea270.JPEG,visual_scrambled,https://mmarcantoinee.github.io/survey-mit-spring-2026/images/renamed/visual_scrambled/c16ea270.JPEG
scrambled_0949_avocado_n07764847_19342_conf0.999693.JPEG,bf6d55b8.JPEG,visual_scrambled,https://mmarcantoinee.github.io/survey-mit-spring-2026/images/renamed/visual_scrambled/bf6d55b8.JPEG
scrambled_0950_guacamole_n07583066_6265_conf0.987737.JPEG,de4f3e6e.JPEG,visual_scrambled,https://mmarcantoinee.github.io/survey-mit-spring-2026/images/renamed/visual_scrambled/de4f3e6e.JPEG
scrambled_0950_guacamole_n07583066_7928_conf0.999103.JPEG,e33dd8af.JPEG,visual_scrambled,https://mmarcantoinee.github.io/survey-mit-spring-2026/images/renamed/visual_scrambled/e33dd8af.JPEG
scrambled_0950_guacamole_n07583066_9363_conf0.999433.JPEG,4cb7a908.JPEG,visual_scrambled,https://mmarcantoinee.github.io/survey-mit-spring-2026/images/renamed/visual_scrambled/4cb7a908.JPEG
scrambled_0955_cane_n03715275_4038_conf0.999512.JPEG,cb182180.JPEG,visual_scrambled,https://mmarcantoinee.github.io/survey-mit-spring-2026/images/renamed/visual_scrambled/cb182180.JPEG
scrambled_0956_sprinkler_n04289027_17636_conf0.998862.JPEG,3f70ce17.JPEG,visual_scrambled,https://mmarcantoinee.github.io/survey-mit-spring-2026/images/renamed/visual_scrambled/3f70ce17.JPEG
scrambled_0956_sprinkler_n04289027_950_conf0.999948.JPEG,0f20362b.JPEG,visual_scrambled,https://mmarcantoinee.github.io/survey-mit-spring-2026/images/renamed/visual_scrambled/0f20362b.JPEG
scrambled_0956_sprinkler_n04289195_5600_conf0.997478.JPEG,0ba26e18.JPEG,visual_scrambled,https://mmarcantoinee.github.io/survey-mit-spring-2026/images/renamed/visual_scrambled/0ba26e18.JPEG
scrambled_0956_sprinkler_n04289195_7711_conf0.990769.JPEG,0381e2f2.JPEG,visual_scrambled,https://mmarcantoinee.github.io/survey-mit-spring-2026/images/renamed/visual_scrambled/0381e2f2.JPEG
scrambled_0964_outhouse_bing_outhouse_0031_conf0.992780.jpg,e413cc10.jpg,visual_scrambled,https://mmarcantoinee.github.io/survey-mit-spring-2026/images/renamed/visual_scrambled/e413cc10.jpg
scrambled_0964_outhouse_n03860404_1876_conf0.990511.JPEG,e4d775b0.JPEG,visual_scrambled,https://mmarcantoinee.github.io/survey-mit-spring-2026/images/renamed/visual_scrambled/e4d775b0.JPEG
scrambled_0969_anthill_n09199101_8358_conf0.998884.JPEG,bbb86674.JPEG,visual_scrambled,https://mmarcantoinee.github.io/survey-mit-spring-2026/images/renamed/visual_scrambled/bbb86674.JPEG
scrambled_0969_anthill_n09199101_8885_conf0.997531.JPEG,1d2fb370.JPEG,visual_scrambled,https://mmarcantoinee.github.io/survey-mit-spring-2026/images/renamed/visual_scrambled/1d2fb370.JPEG
scrambled_1009_skunk_n02445715_8723_conf1.000000.JPEG,608953cc.JPEG,visual_scrambled,https://mmarcantoinee.github.io/survey-mit-spring-2026/images/renamed/visual_scrambled/608953cc.JPEG
scrambled_1009_skunk_n02446206_72_conf0.998950.JPEG,93475f8f.JPEG,visual_scrambled,https://mmarcantoinee.github.io/survey-mit-spring-2026/images/renamed/visual_scrambled/93475f8f.JPEG
scrambled_1010_barrel_n02795169_27879_conf0.996346.JPEG,ed89e63a.JPEG,visual_scrambled,https://mmarcantoinee.github.io/survey-mit-spring-2026/images/renamed/visual_scrambled/ed89e63a.JPEG
scrambled_1010_barrel_n02823335_3032_conf0.999999.JPEG,17d0bd2f.JPEG,visual_scrambled,https://mmarcantoinee.github.io/survey-mit-spring-2026/images/renamed/visual_scrambled/17d0bd2f.JPEG
scrambled_1010_barrel_n03610418_14683_conf0.998765.JPEG,4d3cbdcd.JPEG,visual_scrambled,https://mmarcantoinee.github.io/survey-mit-spring-2026/images/renamed/visual_scrambled/4d3cbdcd.JPEG
scrambled_1011_typewriter_n03274435_4076_conf1.000000.JPEG,7fd46e52.JPEG,visual_scrambled,https://mmarcantoinee.github.io/survey-mit-spring-2026/images/renamed/visual_scrambled/7fd46e52.JPEG
scrambled_1014_bun_n07691237_6239_conf0.997194.JPEG,cf4c5911.JPEG,visual_scrambled,https://mmarcantoinee.github.io/survey-mit-spring-2026/images/renamed/visual_scrambled/cf4c5911.JPEG
scrambled_1015_hay_n03500389_1739_conf1.000000.JPEG,a7c924c3.JPEG,visual_scrambled,https://mmarcantoinee.github.io/survey-mit-spring-2026/images/renamed/visual_scrambled/a7c924c3.JPEG
scrambled_1015_hay_n03500389_214_conf0.999967.JPEG,0edd41eb.JPEG,visual_scrambled,https://mmarcantoinee.github.io/survey-mit-spring-2026/images/renamed/visual_scrambled/0edd41eb.JPEG
scrambled_1015_hay_n03500389_2749_conf0.999998.JPEG,c6f0a5d1.JPEG,visual_scrambled,https://mmarcantoinee.github.io/survey-mit-spring-2026/images/renamed/visual_scrambled/c6f0a5d1.JPEG
scrambled_1015_hay_n03500389_3296_conf0.999820.JPEG,527d440a.JPEG,visual_scrambled,https://mmarcantoinee.github.io/survey-mit-spring-2026/images/renamed/visual_scrambled/527d440a.JPEG
scrambled_1015_hay_n03500389_3804_conf0.999511.JPEG,6c627b26.JPEG,visual_scrambled,https://mmarcantoinee.github.io/survey-mit-spring-2026/images/renamed/visual_scrambled/6c627b26.JPEG
scrambled_1015_hay_n07802026_19013_conf0.999993.JPEG,d910b64e.JPEG,visual_scrambled,https://mmarcantoinee.github.io/survey-mit-spring-2026/images/renamed/visual_scrambled/d910b64e.JPEG
scrambled_1015_hay_n07802026_19778_conf0.999613.JPEG,c38dd7e8.JPEG,visual_scrambled,https://mmarcantoinee.github.io/survey-mit-spring-2026/images/renamed/visual_scrambled/c38dd7e8.JPEG
scrambled_1015_hay_n07802026_20222_conf0.995658.JPEG,dfdd59a5.JPEG,visual_scrambled,https://mmarcantoinee.github.io/survey-mit-spring-2026/images/renamed/visual_scrambled/dfdd59a5.JPEG
scrambled_1015_hay_n07802026_20356_conf0.998707.JPEG,81ddc692.JPEG,visual_scrambled,https://mmarcantoinee.github.io/survey-mit-spring-2026/images/renamed/visual_scrambled/81ddc692.JPEG
scrambled_1015_hay_n07802026_6387_conf0.999992.JPEG,691fc71b.JPEG,visual_scrambled,https://mmarcantoinee.github.io/survey-mit-spring-2026/images/renamed/visual_scrambled/691fc71b.JPEG
scrambled_1021_mosquito_n02200198_8080_conf1.000000.JPEG,945bb2a2.JPEG,visual_scrambled,https://mmarcantoinee.github.io/survey-mit-spring-2026/images/renamed/visual_scrambled/945bb2a2.JPEG
scrambled_1021_mosquito_n02201000_6054_conf1.000000.JPEG,197bff4f.JPEG,visual_scrambled,https://mmarcantoinee.github.io/survey-mit-spring-2026/images/renamed/visual_scrambled/197bff4f.JPEG
scrambled_1021_mosquito_n02201000_6065_conf0.998412.JPEG,6f3bb488.JPEG,visual_scrambled,https://mmarcantoinee.github.io/survey-mit-spring-2026/images/renamed/visual_scrambled/6f3bb488.JPEG
scrambled_1021_mosquito_n02202006_5451_conf0.999734.JPEG,ddb812da.JPEG,visual_scrambled,https://mmarcantoinee.github.io/survey-mit-spring-2026/images/renamed/visual_scrambled/ddb812da.JPEG
scrambled_1021_mosquito_n02202006_624_conf0.999989.JPEG,194fa03b.JPEG,visual_scrambled,https://mmarcantoinee.github.io/survey-mit-spring-2026/images/renamed/visual_scrambled/194fa03b.JPEG
scrambled_1024_coffin_n03064758_46358_conf0.995009.JPEG,b853ba39.JPEG,visual_scrambled,https://mmarcantoinee.github.io/survey-mit-spring-2026/images/renamed/visual_scrambled/b853ba39.JPEG
scrambled_1025_newspaper_n03822171_24211_conf0.999980.JPEG,4693eea6.JPEG,visual_scrambled,https://mmarcantoinee.github.io/survey-mit-spring-2026/images/renamed/visual_scrambled/4693eea6.JPEG
scrambled_1025_newspaper_n03822171_4042_conf0.999951.JPEG,9abf694c.JPEG,visual_scrambled,https://mmarcantoinee.github.io/survey-mit-spring-2026/images/renamed/visual_scrambled/9abf694c.JPEG
scrambled_1025_newspaper_n03822171_8702_conf0.999994.JPEG,3cf66c7c.JPEG,visual_scrambled,https://mmarcantoinee.github.io/survey-mit-spring-2026/images/renamed/visual_scrambled/3cf66c7c.JPEG
scrambled_1025_newspaper_n06267655_2544_conf0.998184.JPEG,81fafc73.JPEG,visual_scrambled,https://mmarcantoinee.github.io/survey-mit-spring-2026/images/renamed/visual_scrambled/81fafc73.JPEG
scrambled_1025_newspaper_n06267758_12875_conf1.000000.JPEG,154d195b.JPEG,visual_scrambled,https://mmarcantoinee.github.io/survey-mit-spring-2026/images/renamed/visual_scrambled/154d195b.JPEG
scrambled_1025_newspaper_n06267893_34519_conf1.000000.JPEG,3678fcb1.JPEG,visual_scrambled,https://mmarcantoinee.github.io/survey-mit-spring-2026/images/renamed/visual_scrambled/3678fcb1.JPEG
scrambled_1037_candle_n02948072_12590_conf0.987777.JPEG,910f3a0c.JPEG,visual_scrambled,https://mmarcantoinee.github.io/survey-mit-spring-2026/images/renamed/visual_scrambled/910f3a0c.JPEG
scrambled_1037_candle_n02948072_43304_conf0.986322.JPEG,f62491d0.JPEG,visual_scrambled,https://mmarcantoinee.github.io/survey-mit-spring-2026/images/renamed/visual_scrambled/f62491d0.JPEG
scrambled_1037_candle_n02948072_43947_conf0.999930.JPEG,034ec4a5.JPEG,visual_scrambled,https://mmarcantoinee.github.io/survey-mit-spring-2026/images/renamed/visual_scrambled/034ec4a5.JPEG
scrambled_1037_candle_n04534895_353_conf0.999967.JPEG,9707ddd7.JPEG,visual_scrambled,https://mmarcantoinee.github.io/survey-mit-spring-2026/images/renamed/visual_scrambled/9707ddd7.JPEG
scrambled_1037_candle_n04534895_8625_conf0.999638.JPEG,5dafbf69.JPEG,visual_scrambled,https://mmarcantoinee.github.io/survey-mit-spring-2026/images/renamed/visual_scrambled/5dafbf69.JPEG
scrambled_1040_cymbals_n02869249_34371_conf0.999796.JPEG,941e4c77.JPEG,visual_scrambled,https://mmarcantoinee.github.io/survey-mit-spring-2026/images/renamed/visual_scrambled/941e4c77.JPEG
scrambled_1041_kumquat_n07749446_7263_conf0.993032.JPEG,7c22454c.JPEG,visual_scrambled,https://mmarcantoinee.github.io/survey-mit-spring-2026/images/renamed/visual_scrambled/7c22454c.JPEG
scrambled_1041_kumquat_n07749446_7527_conf0.990483.JPEG,0b8a2b11.JPEG,visual_scrambled,https://mmarcantoinee.github.io/survey-mit-spring-2026/images/renamed/visual_scrambled/0b8a2b11.JPEG
scrambled_1041_kumquat_n07749446_96_conf0.991908.JPEG,2468fb6d.JPEG,visual_scrambled,https://mmarcantoinee.github.io/survey-mit-spring-2026/images/renamed/visual_scrambled/2468fb6d.JPEG
scrambled_1043_mall_bing_mall_0116_conf0.998973.jpg,537b3ea0.jpg,visual_scrambled,https://mmarcantoinee.github.io/survey-mit-spring-2026/images/renamed/visual_scrambled/537b3ea0.jpg
scrambled_1043_mall_n03965456_62175_conf0.999495.JPEG,05ef1d81.JPEG,visual_scrambled,https://mmarcantoinee.github.io/survey-mit-spring-2026/images/renamed/visual_scrambled/05ef1d81.JPEG
scrambled_1055_candelabra_n02947818_5294_conf0.999997.JPEG,e2c1f453.JPEG,visual_scrambled,https://mmarcantoinee.github.io/survey-mit-spring-2026/images/renamed/visual_scrambled/e2c1f453.JPEG
scrambled_1055_candelabra_n03746005_2647_conf1.000000.JPEG,a6fdffc8.JPEG,visual_scrambled,https://mmarcantoinee.github.io/survey-mit-spring-2026/images/renamed/visual_scrambled/a6fdffc8.JPEG
scrambled_1063_knot_bing_knot_0003_conf0.994059.jpg,859c50d6.jpg,visual_scrambled,https://mmarcantoinee.github.io/survey-mit-spring-2026/images/renamed/visual_scrambled/859c50d6.jpg
scrambled_1063_knot_n02881906_4984_conf0.996102.JPEG,7da812d5.JPEG,visual_scrambled,https://mmarcantoinee.github.io/survey-mit-spring-2026/images/renamed/visual_scrambled/7da812d5.JPEG
scrambled_1063_knot_n03627232_6643_conf0.982193.JPEG,3e119e93.JPEG,visual_scrambled,https://mmarcantoinee.github.io/survey-mit-spring-2026/images/renamed/visual_scrambled/3e119e93.JPEG
scrambled_1064_lobster_n01982650_2547_conf0.999891.JPEG,2d14013e.JPEG,visual_scrambled,https://mmarcantoinee.github.io/survey-mit-spring-2026/images/renamed/visual_scrambled/2d14013e.JPEG
scrambled_1064_lobster_n01983481_13503_conf0.997995.JPEG,5e6f48f6.JPEG,visual_scrambled,https://mmarcantoinee.github.io/survey-mit-spring-2026/images/renamed/visual_scrambled/5e6f48f6.JPEG
scrambled_1064_lobster_n01983481_19654_conf0.999976.JPEG,95356d8c.JPEG,visual_scrambled,https://mmarcantoinee.github.io/survey-mit-spring-2026/images/renamed/visual_scrambled/95356d8c.JPEG
scrambled_1064_lobster_n01983481_3825_conf0.986013.JPEG,a3a6ea6f.JPEG,visual_scrambled,https://mmarcantoinee.github.io/survey-mit-spring-2026/images/renamed/visual_scrambled/a3a6ea6f.JPEG
scrambled_1064_lobster_n01983481_4700_conf0.998404.JPEG,140c1d6e.JPEG,visual_scrambled,https://mmarcantoinee.github.io/survey-mit-spring-2026/images/renamed/visual_scrambled/140c1d6e.JPEG
scrambled_1069_crib_n03131574_16035_conf0.999783.JPEG,bd5072d1.JPEG,visual_scrambled,https://mmarcantoinee.github.io/survey-mit-spring-2026/images/renamed/visual_scrambled/bd5072d1.JPEG
scrambled_1069_crib_n03131574_16877_conf0.996351.JPEG,6b810891.JPEG,visual_scrambled,https://mmarcantoinee.github.io/survey-mit-spring-2026/images/renamed/visual_scrambled/6b810891.JPEG
scrambled_1069_crib_n03131574_28885_conf0.999987.JPEG,4509fcd9.JPEG,visual_scrambled,https://mmarcantoinee.github.io/survey-mit-spring-2026/images/renamed/visual_scrambled/4509fcd9.JPEG
scrambled_1069_crib_n03131669_16379_conf0.999981.JPEG,6388bc2e.JPEG,visual_scrambled,https://mmarcantoinee.github.io/survey-mit-spring-2026/images/renamed/visual_scrambled/6388bc2e.JPEG
scrambled_1069_crib_n03131669_2980_conf0.999631.JPEG,f63c8ce0.JPEG,visual_scrambled,https://mmarcantoinee.github.io/survey-mit-spring-2026/images/renamed/visual_scrambled/f63c8ce0.JPEG
scrambled_1070_broccoli_n07714990_5919_conf0.992522.JPEG,4c8726a3.JPEG,visual_scrambled,https://mmarcantoinee.github.io/survey-mit-spring-2026/images/renamed/visual_scrambled/4c8726a3.JPEG
scrambled_1070_broccoli_n07714990_7788_conf0.999710.JPEG,31865bdb.JPEG,visual_scrambled,https://mmarcantoinee.github.io/survey-mit-spring-2026/images/renamed/visual_scrambled/31865bdb.JPEG
scrambled_1070_broccoli_n11876803_18188_conf0.994465.JPEG,5d4b1c91.JPEG,visual_scrambled,https://mmarcantoinee.github.io/survey-mit-spring-2026/images/renamed/visual_scrambled/5d4b1c91.JPEG
scrambled_1070_broccoli_n11876803_4545_conf0.997551.JPEG,ef07a126.JPEG,visual_scrambled,https://mmarcantoinee.github.io/survey-mit-spring-2026/images/renamed/visual_scrambled/ef07a126.JPEG
scrambled_1073_fireworks_bing_fireworks_0481_conf0.999938.jpg,bcc7c2ab.jpg,visual_scrambled,https://mmarcantoinee.github.io/survey-mit-spring-2026/images/renamed/visual_scrambled/bcc7c2ab.jpg
scrambled_1073_fireworks_bing_fuegos_artificiales_0188_conf0.999411.jpg,4ed40b2a.jpg,visual_scrambled,https://mmarcantoinee.github.io/survey-mit-spring-2026/images/renamed/visual_scrambled/4ed40b2a.jpg
scrambled_1073_fireworks_flickr_fireworks_0403_conf0.996277.jpg,858476ec.jpg,visual_scrambled,https://mmarcantoinee.github.io/survey-mit-spring-2026/images/renamed/visual_scrambled/858476ec.jpg
scrambled_1076_ant_n02219486_25714_conf0.994701.JPEG,425431a9.JPEG,visual_scrambled,https://mmarcantoinee.github.io/survey-mit-spring-2026/images/renamed/visual_scrambled/425431a9.JPEG
scrambled_1076_ant_n02220804_1634_conf0.999196.JPEG,bd9eb7a8.JPEG,visual_scrambled,https://mmarcantoinee.github.io/survey-mit-spring-2026/images/renamed/visual_scrambled/bd9eb7a8.JPEG
scrambled_1076_ant_n02221083_3077_conf0.999508.JPEG,64899729.JPEG,visual_scrambled,https://mmarcantoinee.github.io/survey-mit-spring-2026/images/renamed/visual_scrambled/64899729.JPEG
scrambled_1076_ant_n02221414_11939_conf0.994362.JPEG,5697364e.JPEG,visual_scrambled,https://mmarcantoinee.github.io/survey-mit-spring-2026/images/renamed/visual_scrambled/5697364e.JPEG
scrambled_1076_ant_n02221414_2929_conf0.999667.JPEG,ce36fbf2.JPEG,visual_scrambled,https://mmarcantoinee.github.io/survey-mit-spring-2026/images/renamed/visual_scrambled/ce36fbf2.JPEG
scrambled_1081_thermostat_n04422875_1365_conf0.998514.JPEG,f938b221.JPEG,visual_scrambled,https://mmarcantoinee.github.io/survey-mit-spring-2026/images/renamed/visual_scrambled/f938b221.JPEG
scrambled_1082_caterpillar_n02285801_2900_conf0.997979.JPEG,a18d8cbc.JPEG,visual_scrambled,https://mmarcantoinee.github.io/survey-mit-spring-2026/images/renamed/visual_scrambled/a18d8cbc.JPEG
scrambled_1082_caterpillar_n02285801_3139_conf0.996241.JPEG,73e31294.JPEG,visual_scrambled,https://mmarcantoinee.github.io/survey-mit-spring-2026/images/renamed/visual_scrambled/73e31294.JPEG
scrambled_1082_caterpillar_n02310717_863_conf0.999255.JPEG,ffa09b3b.JPEG,visual_scrambled,https://mmarcantoinee.github.io/survey-mit-spring-2026/images/renamed/visual_scrambled/ffa09b3b.JPEG
scrambled_1084_papaya_n07762244_2233_conf0.984245.JPEG,2976099d.JPEG,visual_scrambled,https://mmarcantoinee.github.io/survey-mit-spring-2026/images/renamed/visual_scrambled/2976099d.JPEG
scrambled_1084_papaya_n07762244_2391_conf0.998760.JPEG,d3b7a33e.JPEG,visual_scrambled,https://mmarcantoinee.github.io/survey-mit-spring-2026/images/renamed/visual_scrambled/d3b7a33e.JPEG
scrambled_1088_zucchini_n07716358_19973_conf0.997342.JPEG,3ad27858.JPEG,visual_scrambled,https://mmarcantoinee.github.io/survey-mit-spring-2026/images/renamed/visual_scrambled/3ad27858.JPEG
scrambled_1088_zucchini_n12159804_488_conf0.997198.JPEG,20997fe2.JPEG,visual_scrambled,https://mmarcantoinee.github.io/survey-mit-spring-2026/images/renamed/visual_scrambled/20997fe2.JPEG
scrambled_1089_pecan_n07774719_16791_conf0.998165.JPEG,53bfeed5.JPEG,visual_scrambled,https://mmarcantoinee.github.io/survey-mit-spring-2026/images/renamed/visual_scrambled/53bfeed5.JPEG
scrambled_1089_pecan_n07774719_1750_conf0.999483.JPEG,0d7f560b.JPEG,visual_scrambled,https://mmarcantoinee.github.io/survey-mit-spring-2026/images/renamed/visual_scrambled/0d7f560b.JPEG
scrambled_1093_radish_n07735687_3995_conf0.998526.JPEG,70ea9f80.JPEG,visual_scrambled,https://mmarcantoinee.github.io/survey-mit-spring-2026/images/renamed/visual_scrambled/70ea9f80.JPEG
scrambled_1093_radish_n11894327_1208_conf0.987139.JPEG,797de0bc.JPEG,visual_scrambled,https://mmarcantoinee.github.io/survey-mit-spring-2026/images/renamed/visual_scrambled/797de0bc.JPEG
scrambled_1093_radish_n11895092_16424_conf0.985495.JPEG,eaf2e548.JPEG,visual_scrambled,https://mmarcantoinee.github.io/survey-mit-spring-2026/images/renamed/visual_scrambled/eaf2e548.JPEG
scrambled_1096_onion_n07722217_14666_conf0.992548.JPEG,f1f6ab36.JPEG,visual_scrambled,https://mmarcantoinee.github.io/survey-mit-spring-2026/images/renamed/visual_scrambled/f1f6ab36.JPEG
scrambled_1096_onion_n07722217_1935_conf0.995187.JPEG,3e6f2b78.JPEG,visual_scrambled,https://mmarcantoinee.github.io/survey-mit-spring-2026/images/renamed/visual_scrambled/3e6f2b78.JPEG
scrambled_1096_onion_n07722888_132_conf0.982101.JPEG,59084a4d.JPEG,visual_scrambled,https://mmarcantoinee.github.io/survey-mit-spring-2026/images/renamed/visual_scrambled/59084a4d.JPEG
scrambled_1096_onion_n07722888_4179_conf0.999797.JPEG,a87f20eb.JPEG,visual_scrambled,https://mmarcantoinee.github.io/survey-mit-spring-2026/images/renamed/visual_scrambled/a87f20eb.JPEG
scrambled_1101_crayon_bing_crayon_0167_conf0.997962.jpg,4af6721a.jpg,visual_scrambled,https://mmarcantoinee.github.io/survey-mit-spring-2026/images/renamed/visual_scrambled/4af6721a.jpg
scrambled_1101_crayon_n03128248_1012_conf0.999944.JPEG,eacf16da.JPEG,visual_scrambled,https://mmarcantoinee.github.io/survey-mit-spring-2026/images/renamed/visual_scrambled/eacf16da.JPEG
scrambled_1101_crayon_n03128248_12343_conf0.999961.JPEG,4bd79a5f.JPEG,visual_scrambled,https://mmarcantoinee.github.io/survey-mit-spring-2026/images/renamed/visual_scrambled/4bd79a5f.JPEG
scrambled_1101_crayon_n03128248_12857_conf0.996852.JPEG,ee6c0dc3.JPEG,visual_scrambled,https://mmarcantoinee.github.io/survey-mit-spring-2026/images/renamed/visual_scrambled/ee6c0dc3.JPEG
scrambled_1101_crayon_n03128248_1696_conf0.994941.JPEG,33392d60.JPEG,visual_scrambled,https://mmarcantoinee.github.io/survey-mit-spring-2026/images/renamed/visual_scrambled/33392d60.JPEG
scrambled_1101_crayon_n03128248_6454_conf0.999228.JPEG,0afcaa20.JPEG,visual_scrambled,https://mmarcantoinee.github.io/survey-mit-spring-2026/images/renamed/visual_scrambled/0afcaa20.JPEG
scrambled_1101_crayon_n03128248_7157_conf0.999923.JPEG,50695e20.JPEG,visual_scrambled,https://mmarcantoinee.github.io/survey-mit-spring-2026/images/renamed/visual_scrambled/50695e20.JPEG
scrambled_1112_canoe_n02843029_2750_conf0.981359.JPEG,5b4873c4.JPEG,visual_scrambled,https://mmarcantoinee.github.io/survey-mit-spring-2026/images/renamed/visual_scrambled/5b4873c4.JPEG
scrambled_1112_canoe_n02951358_6268_conf0.993830.JPEG,7e7fd535.JPEG,visual_scrambled,https://mmarcantoinee.github.io/survey-mit-spring-2026/images/renamed/visual_scrambled/7e7fd535.JPEG
scrambled_1112_canoe_n03254374_15258_conf0.988142.JPEG,63eca410.JPEG,visual_scrambled,https://mmarcantoinee.github.io/survey-mit-spring-2026/images/renamed/visual_scrambled/63eca410.JPEG
scrambled_1112_canoe_n03254374_824_conf0.988239.JPEG,55def7af.JPEG,visual_scrambled,https://mmarcantoinee.github.io/survey-mit-spring-2026/images/renamed/visual_scrambled/55def7af.JPEG
scrambled_1112_canoe_n03861430_1284_conf0.989815.JPEG,d58c70c1.JPEG,visual_scrambled,https://mmarcantoinee.github.io/survey-mit-spring-2026/images/renamed/visual_scrambled/d58c70c1.JPEG
scrambled_1120_tunnel_bing_tunnel_0048_conf0.998822.jpg,2511c2e3.jpg,visual_scrambled,https://mmarcantoinee.github.io/survey-mit-spring-2026/images/renamed/visual_scrambled/2511c2e3.jpg
scrambled_1120_tunnel_bing_tunnel_0091_conf0.990843.jpg,f8f5c39d.jpg,visual_scrambled,https://mmarcantoinee.github.io/survey-mit-spring-2026/images/renamed/visual_scrambled/f8f5c39d.jpg
scrambled_1123_scissors_n03044934_13805_conf0.999048.JPEG,e3b1d8b0.JPEG,visual_scrambled,https://mmarcantoinee.github.io/survey-mit-spring-2026/images/renamed/visual_scrambled/e3b1d8b0.JPEG
scrambled_1123_scissors_n04148054_1841_conf0.987585.JPEG,869cb9fe.JPEG,visual_scrambled,https://mmarcantoinee.github.io/survey-mit-spring-2026/images/renamed/visual_scrambled/869cb9fe.JPEG
scrambled_1125_cork_bing_cork_0007_conf0.999098.jpg,c15e80a0.jpg,visual_scrambled,https://mmarcantoinee.github.io/survey-mit-spring-2026/images/renamed/visual_scrambled/c15e80a0.jpg
scrambled_1125_cork_n03108853_15445_conf0.995972.JPEG,00dd563f.JPEG,visual_scrambled,https://mmarcantoinee.github.io/survey-mit-spring-2026/images/renamed/visual_scrambled/00dd563f.JPEG
scrambled_1129_zebra_n02391234_2427_conf0.999999.JPEG,272c47bc.JPEG,visual_scrambled,https://mmarcantoinee.github.io/survey-mit-spring-2026/images/renamed/visual_scrambled/272c47bc.JPEG
scrambled_1129_zebra_n02391373_553_conf0.999997.JPEG,c1730236.JPEG,visual_scrambled,https://mmarcantoinee.github.io/survey-mit-spring-2026/images/renamed/visual_scrambled/c1730236.JPEG
scrambled_1130_kangaroo_n01877134_4874_conf0.983769.JPEG,436c8771.JPEG,visual_scrambled,https://mmarcantoinee.github.io/survey-mit-spring-2026/images/renamed/visual_scrambled/436c8771.JPEG
scrambled_1135_hamster_n02342885_3971_conf0.980404.JPEG,30fa280d.JPEG,visual_scrambled,https://mmarcantoinee.github.io/survey-mit-spring-2026/images/renamed/visual_scrambled/30fa280d.JPEG
scrambled_1135_hamster_n02343320_518_conf0.994130.JPEG,d09b8b9b.JPEG,visual_scrambled,https://mmarcantoinee.github.io/survey-mit-spring-2026/images/renamed/visual_scrambled/d09b8b9b.JPEG
scrambled_1137_missile_bing_missile_0042_conf0.999770.jpg,83552e54.jpg,visual_scrambled,https://mmarcantoinee.github.io/survey-mit-spring-2026/images/renamed/visual_scrambled/83552e54.jpg
scrambled_1137_missile_bing_missile_0116_conf0.988066.jpg,57d1ec24.jpg,visual_scrambled,https://mmarcantoinee.github.io/survey-mit-spring-2026/images/renamed/visual_scrambled/57d1ec24.jpg
scrambled_1137_missile_bing_missile_0221_conf0.999436.jpg,2e98c97c.jpg,visual_scrambled,https://mmarcantoinee.github.io/survey-mit-spring-2026/images/renamed/visual_scrambled/2e98c97c.jpg
scrambled_1137_missile_n03140771_2527_conf0.999819.JPEG,aa37fa92.JPEG,visual_scrambled,https://mmarcantoinee.github.io/survey-mit-spring-2026/images/renamed/visual_scrambled/aa37fa92.JPEG
scrambled_1137_missile_n03140771_934_conf0.999613.JPEG,be915865.JPEG,visual_scrambled,https://mmarcantoinee.github.io/survey-mit-spring-2026/images/renamed/visual_scrambled/be915865.JPEG
scrambled_1137_missile_n03466162_3145_conf0.981804.JPEG,2a09e4cd.JPEG,visual_scrambled,https://mmarcantoinee.github.io/survey-mit-spring-2026/images/renamed/visual_scrambled/2a09e4cd.JPEG
scrambled_1137_missile_n03578251_7513_conf0.997317.JPEG,0500615c.JPEG,visual_scrambled,https://mmarcantoinee.github.io/survey-mit-spring-2026/images/renamed/visual_scrambled/0500615c.JPEG
scrambled_1139_dishwasher_bing_dishwasher_0286_conf0.980737.jpg,52340a7e.jpg,visual_scrambled,https://mmarcantoinee.github.io/survey-mit-spring-2026/images/renamed/visual_scrambled/52340a7e.jpg
scrambled_1139_dishwasher_n03207941_9271_conf0.982979.JPEG,2620df44.JPEG,visual_scrambled,https://mmarcantoinee.github.io/survey-mit-spring-2026/images/renamed/visual_scrambled/2620df44.JPEG
scrambled_1146_bamboo_n12147835_5281_conf0.998674.JPEG,2dc5d4a0.JPEG,visual_scrambled,https://mmarcantoinee.github.io/survey-mit-spring-2026/images/renamed/visual_scrambled/2dc5d4a0.JPEG
scrambled_1154_otter_n02444819_1220_conf0.999922.JPEG,dbbb35e4.JPEG,visual_scrambled,https://mmarcantoinee.github.io/survey-mit-spring-2026/images/renamed/visual_scrambled/dbbb35e4.JPEG
scrambled_1154_otter_n02444819_2106_conf0.992270.JPEG,b2353a30.JPEG,visual_scrambled,https://mmarcantoinee.github.io/survey-mit-spring-2026/images/renamed/visual_scrambled/b2353a30.JPEG
scrambled_1156_nacho_n07712959_3186_conf0.996491.JPEG,1ee22ab8.JPEG,visual_scrambled,https://mmarcantoinee.github.io/survey-mit-spring-2026/images/renamed/visual_scrambled/1ee22ab8.JPEG
scrambled_1156_nacho_n07712959_423_conf0.992920.JPEG,9740314b.JPEG,visual_scrambled,https://mmarcantoinee.github.io/survey-mit-spring-2026/images/renamed/visual_scrambled/9740314b.JPEG
scrambled_1157_calculator_n03483823_8332_conf0.999780.JPEG,80f14131.JPEG,visual_scrambled,https://mmarcantoinee.github.io/survey-mit-spring-2026/images/renamed/visual_scrambled/80f14131.JPEG
scrambled_1158_fence_n03000134_2225_conf0.999836.JPEG,3517b16b.JPEG,visual_scrambled,https://mmarcantoinee.github.io/survey-mit-spring-2026/images/renamed/visual_scrambled/3517b16b.JPEG
scrambled_1158_fence_n04046974_3956_conf0.999020.JPEG,c78ea145.JPEG,visual_scrambled,https://mmarcantoinee.github.io/survey-mit-spring-2026/images/renamed/visual_scrambled/c78ea145.JPEG
scrambled_1166_stethoscope_bing_estetoscopio_0013_conf0.999534.jpg,a42e807d.jpg,visual_scrambled,https://mmarcantoinee.github.io/survey-mit-spring-2026/images/renamed/visual_scrambled/a42e807d.jpg
scrambled_1176_library_n03660909_1893_conf0.981240.JPEG,d2b0bfa8.JPEG,visual_scrambled,https://mmarcantoinee.github.io/survey-mit-spring-2026/images/renamed/visual_scrambled/d2b0bfa8.JPEG
scrambled_1176_library_n03661043_1144_conf0.999797.JPEG,072aad12.JPEG,visual_scrambled,https://mmarcantoinee.github.io/survey-mit-spring-2026/images/renamed/visual_scrambled/072aad12.JPEG
scrambled_1176_library_n03661043_17473_conf0.999386.JPEG,a6e95ff1.JPEG,visual_scrambled,https://mmarcantoinee.github.io/survey-mit-spring-2026/images/renamed/visual_scrambled/a6e95ff1.JPEG
scrambled_1185_tadpole_bing_tadpole_0098_conf0.992698.jpg,39d393d4.jpg,visual_scrambled,https://mmarcantoinee.github.io/survey-mit-spring-2026/images/renamed/visual_scrambled/39d393d4.jpg
scrambled_1185_tadpole_n02469472_9382_conf0.989590.JPEG,4326b05c.JPEG,visual_scrambled,https://mmarcantoinee.github.io/survey-mit-spring-2026/images/renamed/visual_scrambled/4326b05c.JPEG
scrambled_1188_dollhouse_bing_casa_de_munecas_0057_conf0.999928.jpg,404e9edf.jpg,visual_scrambled,https://mmarcantoinee.github.io/survey-mit-spring-2026/images/renamed/visual_scrambled/404e9edf.jpg
scrambled_1188_dollhouse_n03219483_13566_conf0.993590.JPEG,9a355ef1.JPEG,visual_scrambled,https://mmarcantoinee.github.io/survey-mit-spring-2026/images/renamed/visual_scrambled/9a355ef1.JPEG
scrambled_1200_guava_n07765361_8442_conf0.997475.JPEG,9990d1e9.JPEG,visual_scrambled,https://mmarcantoinee.github.io/survey-mit-spring-2026/images/renamed/visual_scrambled/9990d1e9.JPEG
scrambled_1200_guava_n12333530_1084_conf0.984659.JPEG,3669ae8c.JPEG,visual_scrambled,https://mmarcantoinee.github.io/survey-mit-spring-2026/images/renamed/visual_scrambled/3669ae8c.JPEG
scrambled_1200_guava_n12333771_8241_conf0.982153.JPEG,9f0dbb4f.JPEG,visual_scrambled,https://mmarcantoinee.github.io/survey-mit-spring-2026/images/renamed/visual_scrambled/9f0dbb4f.JPEG
scrambled_1202_pomegranate_n07768694_10094_conf0.999999.JPEG,b7b1c37b.JPEG,visual_scrambled,https://mmarcantoinee.github.io/survey-mit-spring-2026/images/renamed/visual_scrambled/b7b1c37b.JPEG
scrambled_1202_pomegranate_n07768694_12059_conf0.999964.JPEG,dad66464.JPEG,visual_scrambled,https://mmarcantoinee.github.io/survey-mit-spring-2026/images/renamed/visual_scrambled/dad66464.JPEG
scrambled_1202_pomegranate_n07768694_15674_conf0.987018.JPEG,a7594223.JPEG,visual_scrambled,https://mmarcantoinee.github.io/survey-mit-spring-2026/images/renamed/visual_scrambled/a7594223.JPEG
scrambled_1202_pomegranate_n07768694_1826_conf0.997332.JPEG,ebacf722.JPEG,visual_scrambled,https://mmarcantoinee.github.io/survey-mit-spring-2026/images/renamed/visual_scrambled/ebacf722.JPEG
scrambled_1202_pomegranate_n07768694_3816_conf0.985261.JPEG,16215aac.JPEG,visual_scrambled,https://mmarcantoinee.github.io/survey-mit-spring-2026/images/renamed/visual_scrambled/16215aac.JPEG
scrambled_1202_pomegranate_n07768694_6400_conf0.999089.JPEG,0eb4738c.JPEG,visual_scrambled,https://mmarcantoinee.github.io/survey-mit-spring-2026/images/renamed/visual_scrambled/0eb4738c.JPEG
scrambled_1202_pomegranate_n07768694_7471_conf0.991635.JPEG,6ad18f6d.JPEG,visual_scrambled,https://mmarcantoinee.github.io/survey-mit-spring-2026/images/renamed/visual_scrambled/6ad18f6d.JPEG
scrambled_1202_pomegranate_n07768694_7897_conf0.994502.JPEG,f25c159b.JPEG,visual_scrambled,https://mmarcantoinee.github.io/survey-mit-spring-2026/images/renamed/visual_scrambled/f25c159b.JPEG
scrambled_1202_pomegranate_n07768694_9520_conf0.987442.JPEG,c495f6e7.JPEG,visual_scrambled,https://mmarcantoinee.github.io/survey-mit-spring-2026/images/renamed/visual_scrambled/c495f6e7.JPEG
scrambled_1202_pomegranate_n12345280_5504_conf0.998588.JPEG,0ad4270f.JPEG,visual_scrambled,https://mmarcantoinee.github.io/survey-mit-spring-2026/images/renamed/visual_scrambled/0ad4270f.JPEG
scrambled_1205_tamale_n07879659_7240_conf0.982889.JPEG,26f0b4ea.JPEG,visual_scrambled,https://mmarcantoinee.github.io/survey-mit-spring-2026/images/renamed/visual_scrambled/26f0b4ea.JPEG
scrambled_1205_tamale_n07879659_9358_conf0.998744.JPEG,95050cd0.JPEG,visual_scrambled,https://mmarcantoinee.github.io/survey-mit-spring-2026/images/renamed/visual_scrambled/95050cd0.JPEG
scrambled_1220_plum_n07751451_26493_conf0.999182.JPEG,7a6003df.JPEG,visual_scrambled,https://mmarcantoinee.github.io/survey-mit-spring-2026/images/renamed/visual_scrambled/7a6003df.JPEG
scrambled_1220_plum_n07751451_6442_conf0.998317.JPEG,5dccf517.JPEG,visual_scrambled,https://mmarcantoinee.github.io/survey-mit-spring-2026/images/renamed/visual_scrambled/5dccf517.JPEG
scrambled_1220_plum_n12638218_20217_conf0.999514.JPEG,7f400cda.JPEG,visual_scrambled,https://mmarcantoinee.github.io/survey-mit-spring-2026/images/renamed/visual_scrambled/7f400cda.JPEG
scrambled_1222_oyster_flickr_oyster_0422_conf0.999346.jpg,a2cfaf75.jpg,visual_scrambled,https://mmarcantoinee.github.io/survey-mit-spring-2026/images/renamed/visual_scrambled/a2cfaf75.jpg
scrambled_1222_oyster_n01960459_10602_conf0.992967.JPEG,61efb70a.JPEG,visual_scrambled,https://mmarcantoinee.github.io/survey-mit-spring-2026/images/renamed/visual_scrambled/61efb70a.JPEG
scrambled_1222_oyster_n01960459_16283_conf0.997591.JPEG,563a4eb4.JPEG,visual_scrambled,https://mmarcantoinee.github.io/survey-mit-spring-2026/images/renamed/visual_scrambled/563a4eb4.JPEG
scrambled_1222_oyster_n01960459_19344_conf0.999955.JPEG,68f9ffe6.JPEG,visual_scrambled,https://mmarcantoinee.github.io/survey-mit-spring-2026/images/renamed/visual_scrambled/68f9ffe6.JPEG
scrambled_1222_oyster_n01960459_6656_conf0.999703.JPEG,988b89d7.JPEG,visual_scrambled,https://mmarcantoinee.github.io/survey-mit-spring-2026/images/renamed/visual_scrambled/988b89d7.JPEG
scrambled_1223_cinnamon_n07814390_2002_conf0.995958.JPEG,cc246cd0.JPEG,visual_scrambled,https://mmarcantoinee.github.io/survey-mit-spring-2026/images/renamed/visual_scrambled/cc246cd0.JPEG
scrambled_1223_cinnamon_n07814390_8567_conf0.999999.JPEG,3febf65e.JPEG,visual_scrambled,https://mmarcantoinee.github.io/survey-mit-spring-2026/images/renamed/visual_scrambled/3febf65e.JPEG
scrambled_1223_cinnamon_n07814390_885_conf0.999846.JPEG,a74a0af5.JPEG,visual_scrambled,https://mmarcantoinee.github.io/survey-mit-spring-2026/images/renamed/visual_scrambled/a74a0af5.JPEG
scrambled_1223_cinnamon_n11705387_5600_conf0.999942.JPEG,787ce715.JPEG,visual_scrambled,https://mmarcantoinee.github.io/survey-mit-spring-2026/images/renamed/visual_scrambled/787ce715.JPEG
scrambled_1225_bandage_n02785648_5151_conf0.999400.JPEG,bef09c17.JPEG,visual_scrambled,https://mmarcantoinee.github.io/survey-mit-spring-2026/images/renamed/visual_scrambled/bef09c17.JPEG
scrambled_1225_bandage_n03082656_7736_conf0.980512.JPEG,abc38182.JPEG,visual_scrambled,https://mmarcantoinee.github.io/survey-mit-spring-2026/images/renamed/visual_scrambled/abc38182.JPEG
scrambled_1225_bandage_n03430091_13933_conf0.991517.JPEG,8d799464.JPEG,visual_scrambled,https://mmarcantoinee.github.io/survey-mit-spring-2026/images/renamed/visual_scrambled/8d799464.JPEG
scrambled_1225_bandage_n04101860_965_conf0.999770.JPEG,7dddbaf5.JPEG,visual_scrambled,https://mmarcantoinee.github.io/survey-mit-spring-2026/images/renamed/visual_scrambled/7dddbaf5.JPEG
scrambled_1235_mistletoe_bing_mistletoe_0057_conf0.999996.jpg,5c6ed682.jpg,visual_scrambled,https://mmarcantoinee.github.io/survey-mit-spring-2026/images/renamed/visual_scrambled/5c6ed682.jpg
scrambled_1235_mistletoe_n12739332_11747_conf0.986261.JPEG,cfe05b2b.JPEG,visual_scrambled,https://mmarcantoinee.github.io/survey-mit-spring-2026/images/renamed/visual_scrambled/cfe05b2b.JPEG
scrambled_1235_mistletoe_n12739332_12752_conf0.999997.JPEG,275573a4.JPEG,visual_scrambled,https://mmarcantoinee.github.io/survey-mit-spring-2026/images/renamed/visual_scrambled/275573a4.JPEG
scrambled_1245_custard_n07619004_6193_conf0.988462.JPEG,96247776.JPEG,visual_scrambled,https://mmarcantoinee.github.io/survey-mit-spring-2026/images/renamed/visual_scrambled/96247776.JPEG
scrambled_1245_custard_n07619208_142_conf0.998682.JPEG,70f91bbd.JPEG,visual_scrambled,https://mmarcantoinee.github.io/survey-mit-spring-2026/images/renamed/visual_scrambled/70f91bbd.JPEG
scrambled_1245_custard_n07619409_3969_conf0.999711.JPEG,894b08c9.JPEG,visual_scrambled,https://mmarcantoinee.github.io/survey-mit-spring-2026/images/renamed/visual_scrambled/894b08c9.JPEG
scrambled_1245_custard_n07619409_4046_conf0.998932.JPEG,6209e3f2.JPEG,visual_scrambled,https://mmarcantoinee.github.io/survey-mit-spring-2026/images/renamed/visual_scrambled/6209e3f2.JPEG
scrambled_1247_wristwatch_n04607869_16481_conf0.980910.JPEG,a0f16e92.JPEG,visual_scrambled,https://mmarcantoinee.github.io/survey-mit-spring-2026/images/renamed/visual_scrambled/a0f16e92.JPEG
scrambled_1247_wristwatch_n04607869_702_conf0.999829.JPEG,bd50dd58.JPEG,visual_scrambled,https://mmarcantoinee.github.io/survey-mit-spring-2026/images/renamed/visual_scrambled/bd50dd58.JPEG
scrambled_1247_wristwatch_n04607869_752_conf0.989013.JPEG,6ba38864.JPEG,visual_scrambled,https://mmarcantoinee.github.io/survey-mit-spring-2026/images/renamed/visual_scrambled/6ba38864.JPEG
scrambled_1248_corkscrew_n03109150_12319_conf0.995433.JPEG,1729e0ad.JPEG,visual_scrambled,https://mmarcantoinee.github.io/survey-mit-spring-2026/images/renamed/visual_scrambled/1729e0ad.JPEG
scrambled_1254_kebab_n07869775_19867_conf0.991906.JPEG,ab22a3da.JPEG,visual_scrambled,https://mmarcantoinee.github.io/survey-mit-spring-2026/images/renamed/visual_scrambled/ab22a3da.JPEG
scrambled_1254_kebab_n07869775_22722_conf0.995971.JPEG,9aca0782.JPEG,visual_scrambled,https://mmarcantoinee.github.io/survey-mit-spring-2026/images/renamed/visual_scrambled/9aca0782.JPEG
scrambled_1254_kebab_n07869775_8272_conf0.991996.JPEG,c40d9a94.JPEG,visual_scrambled,https://mmarcantoinee.github.io/survey-mit-spring-2026/images/renamed/visual_scrambled/c40d9a94.JPEG
scrambled_1255_granola_bing_granola_0166_conf0.998155.jpg,f89360ac.jpg,visual_scrambled,https://mmarcantoinee.github.io/survey-mit-spring-2026/images/renamed/visual_scrambled/f89360ac.jpg
scrambled_1259_gargoyle_bing_gargoyle_0069_conf0.984258.jpg,d13c89af.jpg,visual_scrambled,https://mmarcantoinee.github.io/survey-mit-spring-2026/images/renamed/visual_scrambled/d13c89af.jpg
scrambled_1259_gargoyle_n03418618_1192_conf0.994894.JPEG,e44b5e5e.JPEG,visual_scrambled,https://mmarcantoinee.github.io/survey-mit-spring-2026/images/renamed/visual_scrambled/e44b5e5e.JPEG
scrambled_1259_gargoyle_n03418618_2056_conf0.991902.JPEG,e8d1d6e8.JPEG,visual_scrambled,https://mmarcantoinee.github.io/survey-mit-spring-2026/images/renamed/visual_scrambled/e8d1d6e8.JPEG
scrambled_1259_gargoyle_n03418618_6763_conf0.999570.JPEG,86dd2ad8.JPEG,visual_scrambled,https://mmarcantoinee.github.io/survey-mit-spring-2026/images/renamed/visual_scrambled/86dd2ad8.JPEG
scrambled_1264_mantis_n02236044_15211_conf0.992775.JPEG,119f5037.JPEG,visual_scrambled,https://mmarcantoinee.github.io/survey-mit-spring-2026/images/renamed/visual_scrambled/119f5037.JPEG
scrambled_1264_mantis_n02236241_1233_conf0.999797.JPEG,c8acce15.JPEG,visual_scrambled,https://mmarcantoinee.github.io/survey-mit-spring-2026/images/renamed/visual_scrambled/c8acce15.JPEG
scrambled_1264_mantis_n02236241_8193_conf0.998559.JPEG,1d674077.JPEG,visual_scrambled,https://mmarcantoinee.github.io/survey-mit-spring-2026/images/renamed/visual_scrambled/1d674077.JPEG
scrambled_1282_parsnip_n07735404_5292_conf0.982091.JPEG,49d9d9c6.JPEG,visual_scrambled,https://mmarcantoinee.github.io/survey-mit-spring-2026/images/renamed/visual_scrambled/49d9d9c6.JPEG
scrambled_1282_parsnip_n07735404_8827_conf0.998401.JPEG,e95a676d.JPEG,visual_scrambled,https://mmarcantoinee.github.io/survey-mit-spring-2026/images/renamed/visual_scrambled/e95a676d.JPEG
scrambled_1294_curtain_flickr_curtain_0359_conf0.998056.jpg,c658f921.jpg,visual_scrambled,https://mmarcantoinee.github.io/survey-mit-spring-2026/images/renamed/visual_scrambled/c658f921.jpg
scrambled_1294_curtain_n03246454_27768_conf0.994304.JPEG,9ddace80.JPEG,visual_scrambled,https://mmarcantoinee.github.io/survey-mit-spring-2026/images/renamed/visual_scrambled/9ddace80.JPEG
scrambled_1294_curtain_n04126541_4767_conf0.999863.JPEG,07194767.JPEG,visual_scrambled,https://mmarcantoinee.github.io/survey-mit-spring-2026/images/renamed/visual_scrambled/07194767.JPEG
scrambled_1294_curtain_n04418357_5591_conf0.998829.JPEG,5e572316.JPEG,visual_scrambled,https://mmarcantoinee.github.io/survey-mit-spring-2026/images/renamed/visual_scrambled/5e572316.JPEG
scrambled_1297_crown_n03138669_12009_conf0.983601.JPEG,aeb5bc10.JPEG,visual_scrambled,https://mmarcantoinee.github.io/survey-mit-spring-2026/images/renamed/visual_scrambled/aeb5bc10.JPEG
scrambled_1297_crown_n03138669_17978_conf0.999927.JPEG,cdfff518.JPEG,visual_scrambled,https://mmarcantoinee.github.io/survey-mit-spring-2026/images/renamed/visual_scrambled/cdfff518.JPEG
scrambled_1297_crown_n03139464_4065_conf1.000000.JPEG,72b2b008.JPEG,visual_scrambled,https://mmarcantoinee.github.io/survey-mit-spring-2026/images/renamed/visual_scrambled/72b2b008.JPEG
scrambled_1297_crown_n03139464_4255_conf0.992731.JPEG,ebea9e15.JPEG,visual_scrambled,https://mmarcantoinee.github.io/survey-mit-spring-2026/images/renamed/visual_scrambled/ebea9e15.JPEG
scrambled_1305_lemonade_n07926250_19187_conf0.988989.JPEG,06ac85e6.JPEG,visual_scrambled,https://mmarcantoinee.github.io/survey-mit-spring-2026/images/renamed/visual_scrambled/06ac85e6.JPEG
scrambled_1305_lemonade_n07926250_3532_conf0.982184.JPEG,0b2c6578.JPEG,visual_scrambled,https://mmarcantoinee.github.io/survey-mit-spring-2026/images/renamed/visual_scrambled/0b2c6578.JPEG
scrambled_1306_wolf_n02114100_11680_conf0.990158.JPEG,ce8bf056.JPEG,visual_scrambled,https://mmarcantoinee.github.io/survey-mit-spring-2026/images/renamed/visual_scrambled/ce8bf056.JPEG
scrambled_1306_wolf_n02114100_1823_conf0.985400.JPEG,2f4ef813.JPEG,visual_scrambled,https://mmarcantoinee.github.io/survey-mit-spring-2026/images/renamed/visual_scrambled/2f4ef813.JPEG
scrambled_1306_wolf_n02114100_2326_conf0.992073.JPEG,fd881c0e.JPEG,visual_scrambled,https://mmarcantoinee.github.io/survey-mit-spring-2026/images/renamed/visual_scrambled/fd881c0e.JPEG
scrambled_1307_bugle_n02793089_1850_conf0.999894.JPEG,adb11636.JPEG,visual_scrambled,https://mmarcantoinee.github.io/survey-mit-spring-2026/images/renamed/visual_scrambled/adb11636.JPEG
scrambled_1307_bugle_n02793089_18826_conf0.992748.JPEG,8d5d2dc1.JPEG,visual_scrambled,https://mmarcantoinee.github.io/survey-mit-spring-2026/images/renamed/visual_scrambled/8d5d2dc1.JPEG
scrambled_1309_graveyard_bing_friedhof_0852_conf0.987567.jpg,fd0296e8.jpg,visual_scrambled,https://mmarcantoinee.github.io/survey-mit-spring-2026/images/renamed/visual_scrambled/fd0296e8.jpg
scrambled_1309_graveyard_n08521623_34952_conf1.000000.JPEG,18050fac.JPEG,visual_scrambled,https://mmarcantoinee.github.io/survey-mit-spring-2026/images/renamed/visual_scrambled/18050fac.JPEG
scrambled_1309_graveyard_n08521623_873_conf0.999933.JPEG,4363a0bd.JPEG,visual_scrambled,https://mmarcantoinee.github.io/survey-mit-spring-2026/images/renamed/visual_scrambled/4363a0bd.JPEG
scrambled_1320_tumbleweed_bing_tumbleweed_0074_conf0.990332.jpg,b4381876.jpg,visual_scrambled,https://mmarcantoinee.github.io/survey-mit-spring-2026/images/renamed/visual_scrambled/b4381876.jpg
scrambled_1320_tumbleweed_n12554911_6333_conf0.993770.JPEG,c8eece17.JPEG,visual_scrambled,https://mmarcantoinee.github.io/survey-mit-spring-2026/images/renamed/visual_scrambled/c8eece17.JPEG
scrambled_1320_tumbleweed_n12554911_879_conf0.992006.JPEG,924fa21e.JPEG,visual_scrambled,https://mmarcantoinee.github.io/survey-mit-spring-2026/images/renamed/visual_scrambled/924fa21e.JPEG
scrambled_1335_dragonfly_n02268443_14638_conf0.989311.JPEG,fd44b8dc.JPEG,visual_scrambled,https://mmarcantoinee.github.io/survey-mit-spring-2026/images/renamed/visual_scrambled/fd44b8dc.JPEG
scrambled_1335_dragonfly_n02268443_23283_conf0.994119.JPEG,ab4c6f77.JPEG,visual_scrambled,https://mmarcantoinee.github.io/survey-mit-spring-2026/images/renamed/visual_scrambled/ab4c6f77.JPEG
scrambled_1335_dragonfly_n02268443_38238_conf0.999879.JPEG,eea0923a.JPEG,visual_scrambled,https://mmarcantoinee.github.io/survey-mit-spring-2026/images/renamed/visual_scrambled/eea0923a.JPEG
scrambled_1335_dragonfly_n02268443_38377_conf0.991280.JPEG,0cda263b.JPEG,visual_scrambled,https://mmarcantoinee.github.io/survey-mit-spring-2026/images/renamed/visual_scrambled/0cda263b.JPEG
scrambled_1335_dragonfly_n02268443_40580_conf0.999886.JPEG,9352eb2f.JPEG,visual_scrambled,https://mmarcantoinee.github.io/survey-mit-spring-2026/images/renamed/visual_scrambled/9352eb2f.JPEG
scrambled_1335_dragonfly_n02268443_7964_conf0.999220.JPEG,97e570d4.JPEG,visual_scrambled,https://mmarcantoinee.github.io/survey-mit-spring-2026/images/renamed/visual_scrambled/97e570d4.JPEG
scrambled_1335_dragonfly_n02268443_8287_conf0.990876.JPEG,81a89eda.JPEG,visual_scrambled,https://mmarcantoinee.github.io/survey-mit-spring-2026/images/renamed/visual_scrambled/81a89eda.JPEG
scrambled_1338_flag_bing_flag_0011_conf0.999997.jpg,e2c35028.jpg,visual_scrambled,https://mmarcantoinee.github.io/survey-mit-spring-2026/images/renamed/visual_scrambled/e2c35028.jpg
scrambled_1338_flag_n03354903_11777_conf0.997303.JPEG,d40c32ab.JPEG,visual_scrambled,https://mmarcantoinee.github.io/survey-mit-spring-2026/images/renamed/visual_scrambled/d40c32ab.JPEG
scrambled_1338_flag_n03354903_24406_conf0.997708.JPEG,ecda9b2e.JPEG,visual_scrambled,https://mmarcantoinee.github.io/survey-mit-spring-2026/images/renamed/visual_scrambled/ecda9b2e.JPEG
scrambled_1338_flag_n03354903_26890_conf0.999973.JPEG,f620ed31.JPEG,visual_scrambled,https://mmarcantoinee.github.io/survey-mit-spring-2026/images/renamed/visual_scrambled/f620ed31.JPEG
scrambled_1338_flag_n03354903_3792_conf0.998554.JPEG,34a52b05.JPEG,visual_scrambled,https://mmarcantoinee.github.io/survey-mit-spring-2026/images/renamed/visual_scrambled/34a52b05.JPEG
scrambled_1338_flag_n03354903_42282_conf0.999986.JPEG,a603cce6.JPEG,visual_scrambled,https://mmarcantoinee.github.io/survey-mit-spring-2026/images/renamed/visual_scrambled/a603cce6.JPEG
scrambled_1338_flag_n03354903_5113_conf0.998801.JPEG,1bff1bde.JPEG,visual_scrambled,https://mmarcantoinee.github.io/survey-mit-spring-2026/images/renamed/visual_scrambled/1bff1bde.JPEG
scrambled_1338_flag_n03354903_6456_conf0.999999.JPEG,2fd1e6d3.JPEG,visual_scrambled,https://mmarcantoinee.github.io/survey-mit-spring-2026/images/renamed/visual_scrambled/2fd1e6d3.JPEG
scrambled_1345_mushroom_n13001366_2857_conf0.999130.JPEG,ad0e2500.JPEG,visual_scrambled,https://mmarcantoinee.github.io/survey-mit-spring-2026/images/renamed/visual_scrambled/ad0e2500.JPEG
scrambled_1346_beetle_n02164464_12309_conf0.987910.JPEG,dcd25884.JPEG,visual_scrambled,https://mmarcantoinee.github.io/survey-mit-spring-2026/images/renamed/visual_scrambled/dcd25884.JPEG
scrambled_1346_beetle_n02165456_11477_conf0.998228.JPEG,71a483aa.JPEG,visual_scrambled,https://mmarcantoinee.github.io/survey-mit-spring-2026/images/renamed/visual_scrambled/71a483aa.JPEG
scrambled_1346_beetle_n02165456_2508_conf0.999793.JPEG,0b3f274c.JPEG,visual_scrambled,https://mmarcantoinee.github.io/survey-mit-spring-2026/images/renamed/visual_scrambled/0b3f274c.JPEG
scrambled_1346_beetle_n02172870_14681_conf0.998395.JPEG,c7bb0688.JPEG,visual_scrambled,https://mmarcantoinee.github.io/survey-mit-spring-2026/images/renamed/visual_scrambled/c7bb0688.JPEG
scrambled_1357_sloth_n02456962_4841_conf0.988069.JPEG,4154dec5.JPEG,visual_scrambled,https://mmarcantoinee.github.io/survey-mit-spring-2026/images/renamed/visual_scrambled/4154dec5.JPEG
scrambled_1357_sloth_n02456962_902_conf0.996713.JPEG,2725672c.JPEG,visual_scrambled,https://mmarcantoinee.github.io/survey-mit-spring-2026/images/renamed/visual_scrambled/2725672c.JPEG
scrambled_1357_sloth_n02458135_22_conf0.999923.JPEG,f2b1b958.JPEG,visual_scrambled,https://mmarcantoinee.github.io/survey-mit-spring-2026/images/renamed/visual_scrambled/f2b1b958.JPEG
scrambled_1364_dough_n07860988_14097_conf0.981623.JPEG,15fec641.JPEG,visual_scrambled,https://mmarcantoinee.github.io/survey-mit-spring-2026/images/renamed/visual_scrambled/15fec641.JPEG
scrambled_1364_dough_n07861158_4507_conf0.983576.JPEG,7f50e56c.JPEG,visual_scrambled,https://mmarcantoinee.github.io/survey-mit-spring-2026/images/renamed/visual_scrambled/7f50e56c.JPEG
scrambled_1367_sphinx_bing_esfinge_0189_conf1.000000.jpg,9d1a861b.jpg,visual_scrambled,https://mmarcantoinee.github.io/survey-mit-spring-2026/images/renamed/visual_scrambled/9d1a861b.jpg
scrambled_1367_sphinx_bing_esfinge_0326_conf1.000000.jpg,adfee333.jpg,visual_scrambled,https://mmarcantoinee.github.io/survey-mit-spring-2026/images/renamed/visual_scrambled/adfee333.jpg
scrambled_1367_sphinx_bing_sphinx_0004_conf1.000000.jpg,62257d79.jpg,visual_scrambled,https://mmarcantoinee.github.io/survey-mit-spring-2026/images/renamed/visual_scrambled/62257d79.jpg
scrambled_1367_sphinx_bing_sphinx_0050_conf1.000000.jpg,bd6b930f.jpg,visual_scrambled,https://mmarcantoinee.github.io/survey-mit-spring-2026/images/renamed/visual_scrambled/bd6b930f.jpg
scrambled_1367_sphinx_bing_sphinx_0133_conf0.999997.jpg,8cd736b5.jpg,visual_scrambled,https://mmarcantoinee.github.io/survey-mit-spring-2026/images/renamed/visual_scrambled/8cd736b5.jpg
scrambled_1367_sphinx_bing_sphinx_0250_conf0.999999.jpg,25010fb9.jpg,visual_scrambled,https://mmarcantoinee.github.io/survey-mit-spring-2026/images/renamed/visual_scrambled/25010fb9.jpg
scrambled_1367_sphinx_n10635788_10189_conf0.999809.JPEG,1e1671e3.JPEG,visual_scrambled,https://mmarcantoinee.github.io/survey-mit-spring-2026/images/renamed/visual_scrambled/1e1671e3.JPEG
scrambled_1367_sphinx_n10635788_13026_conf0.998330.JPEG,33b3a94f.JPEG,visual_scrambled,https://mmarcantoinee.github.io/survey-mit-spring-2026/images/renamed/visual_scrambled/33b3a94f.JPEG
scrambled_1367_sphinx_n10635788_13591_conf0.999991.JPEG,a2685e97.JPEG,visual_scrambled,https://mmarcantoinee.github.io/survey-mit-spring-2026/images/renamed/visual_scrambled/a2685e97.JPEG
scrambled_1367_sphinx_n10635788_15004_conf1.000000.JPEG,b3c0eccb.JPEG,visual_scrambled,https://mmarcantoinee.github.io/survey-mit-spring-2026/images/renamed/visual_scrambled/b3c0eccb.JPEG
scrambled_1367_sphinx_n10635788_5001_conf1.000000.JPEG,c39b8bca.JPEG,visual_scrambled,https://mmarcantoinee.github.io/survey-mit-spring-2026/images/renamed/visual_scrambled/c39b8bca.JPEG
scrambled_1367_sphinx_n10635788_5809_conf1.000000.JPEG,32e9ce3b.JPEG,visual_scrambled,https://mmarcantoinee.github.io/survey-mit-spring-2026/images/renamed/visual_scrambled/32e9ce3b.JPEG
scrambled_1367_sphinx_n10635788_6477_conf0.996070.JPEG,5b8f5e8b.JPEG,visual_scrambled,https://mmarcantoinee.github.io/survey-mit-spring-2026/images/renamed/visual_scrambled/5b8f5e8b.JPEG
scrambled_1374_canyon_n09233446_11427_conf0.992597.JPEG,82f2a6e1.JPEG,visual_scrambled,https://mmarcantoinee.github.io/survey-mit-spring-2026/images/renamed/visual_scrambled/82f2a6e1.JPEG
scrambled_1374_canyon_n09233446_25240_conf0.999986.JPEG,825a176a.JPEG,visual_scrambled,https://mmarcantoinee.github.io/survey-mit-spring-2026/images/renamed/visual_scrambled/825a176a.JPEG
scrambled_1374_canyon_n09233446_26344_conf0.999629.JPEG,757a5ce3.JPEG,visual_scrambled,https://mmarcantoinee.github.io/survey-mit-spring-2026/images/renamed/visual_scrambled/757a5ce3.JPEG
scrambled_1374_canyon_n09233446_3526_conf1.000000.JPEG,965b84af.JPEG,visual_scrambled,https://mmarcantoinee.github.io/survey-mit-spring-2026/images/renamed/visual_scrambled/965b84af.JPEG
scrambled_1374_canyon_n09233446_4136_conf0.999998.JPEG,74cdb6c5.JPEG,visual_scrambled,https://mmarcantoinee.github.io/survey-mit-spring-2026/images/renamed/visual_scrambled/74cdb6c5.JPEG
scrambled_1374_canyon_n09233446_7474_conf0.998857.JPEG,35da1539.JPEG,visual_scrambled,https://mmarcantoinee.github.io/survey-mit-spring-2026/images/renamed/visual_scrambled/35da1539.JPEG
scrambled_1374_canyon_n09233446_7575_conf0.999780.JPEG,0dffcfb1.JPEG,visual_scrambled,https://mmarcantoinee.github.io/survey-mit-spring-2026/images/renamed/visual_scrambled/0dffcfb1.JPEG
scrambled_1375_iguana_n01677747_4371_conf0.999997.JPEG,45ee5354.JPEG,visual_scrambled,https://mmarcantoinee.github.io/survey-mit-spring-2026/images/renamed/visual_scrambled/45ee5354.JPEG
scrambled_1375_iguana_n01677747_5957_conf0.994065.JPEG,ee45cdc5.JPEG,visual_scrambled,https://mmarcantoinee.github.io/survey-mit-spring-2026/images/renamed/visual_scrambled/ee45cdc5.JPEG
scrambled_1379_chalice_bing_calice_0008_conf0.988370.jpg,5c3e7f51.jpg,visual_scrambled,https://mmarcantoinee.github.io/survey-mit-spring-2026/images/renamed/visual_scrambled/5c3e7f51.jpg
scrambled_1379_chalice_bing_chalice_0003_conf1.000000.jpg,90ea7f2d.jpg,visual_scrambled,https://mmarcantoinee.github.io/survey-mit-spring-2026/images/renamed/visual_scrambled/90ea7f2d.jpg
scrambled_1379_chalice_bing_chalice_0122_conf0.993258.jpg,9e892a25.jpg,visual_scrambled,https://mmarcantoinee.github.io/survey-mit-spring-2026/images/renamed/visual_scrambled/9e892a25.jpg
scrambled_1379_chalice_n03002948_9884_conf0.999549.JPEG,18b23314.JPEG,visual_scrambled,https://mmarcantoinee.github.io/survey-mit-spring-2026/images/renamed/visual_scrambled/18b23314.JPEG
scrambled_1391_hairpin_n02860640_8655_conf0.999959.JPEG,74122970.JPEG,visual_scrambled,https://mmarcantoinee.github.io/survey-mit-spring-2026/images/renamed/visual_scrambled/74122970.JPEG
scrambled_1394_aloe_n12476510_7021_conf0.999999.JPEG,0b5a5e68.JPEG,visual_scrambled,https://mmarcantoinee.github.io/survey-mit-spring-2026/images/renamed/visual_scrambled/0b5a5e68.JPEG
scrambled_1394_aloe_n12477163_144_conf0.998710.JPEG,7472b43b.JPEG,visual_scrambled,https://mmarcantoinee.github.io/survey-mit-spring-2026/images/renamed/visual_scrambled/7472b43b.JPEG
scrambled_1403_platypus_n01873310_19691_conf0.999926.JPEG,94101348.JPEG,visual_scrambled,https://mmarcantoinee.github.io/survey-mit-spring-2026/images/renamed/visual_scrambled/94101348.JPEG
scrambled_1403_platypus_n01873310_9688_conf0.998783.JPEG,389ac495.JPEG,visual_scrambled,https://mmarcantoinee.github.io/survey-mit-spring-2026/images/renamed/visual_scrambled/389ac495.JPEG
scrambled_1418_casino_n03413428_31632_conf0.999847.JPEG,574a7cc3.JPEG,visual_scrambled,https://mmarcantoinee.github.io/survey-mit-spring-2026/images/renamed/visual_scrambled/574a7cc3.JPEG
scrambled_1418_casino_n03413428_909_conf0.997173.JPEG,1395c7d6.JPEG,visual_scrambled,https://mmarcantoinee.github.io/survey-mit-spring-2026/images/renamed/visual_scrambled/1395c7d6.JPEG
scrambled_1424_shrimp_n07582152_848_conf0.985154.JPEG,3d95d77c.JPEG,visual_scrambled,https://mmarcantoinee.github.io/survey-mit-spring-2026/images/renamed/visual_scrambled/3d95d77c.JPEG
scrambled_1427_grate_n03454536_14033_conf0.994695.JPEG,8c34e997.JPEG,visual_scrambled,https://mmarcantoinee.github.io/survey-mit-spring-2026/images/renamed/visual_scrambled/8c34e997.JPEG
scrambled_1427_grate_n03454707_110_conf0.986657.JPEG,57160979.JPEG,visual_scrambled,https://mmarcantoinee.github.io/survey-mit-spring-2026/images/renamed/visual_scrambled/57160979.JPEG
scrambled_1428_loudspeaker_n03691459_21236_conf0.991704.JPEG,bc71ebc1.JPEG,visual_scrambled,https://mmarcantoinee.github.io/survey-mit-spring-2026/images/renamed/visual_scrambled/bc71ebc1.JPEG
scrambled_1428_loudspeaker_n04349401_5131_conf0.998190.JPEG,04021676.JPEG,visual_scrambled,https://mmarcantoinee.github.io/survey-mit-spring-2026/images/renamed/visual_scrambled/04021676.JPEG
scrambled_1428_loudspeaker_n04599124_9226_conf0.999742.JPEG,029654e5.JPEG,visual_scrambled,https://mmarcantoinee.github.io/survey-mit-spring-2026/images/renamed/visual_scrambled/029654e5.JPEG
scrambled_1433_tower_n03098959_1631_conf0.999476.JPEG,dcb815ef.JPEG,visual_scrambled,https://mmarcantoinee.github.io/survey-mit-spring-2026/images/renamed/visual_scrambled/dcb815ef.JPEG
scrambled_1433_tower_n03098959_3940_conf0.999655.JPEG,373309a9.JPEG,visual_scrambled,https://mmarcantoinee.github.io/survey-mit-spring-2026/images/renamed/visual_scrambled/373309a9.JPEG
scrambled_1433_tower_n03098959_5559_conf0.999637.JPEG,e0b69c0a.JPEG,visual_scrambled,https://mmarcantoinee.github.io/survey-mit-spring-2026/images/renamed/visual_scrambled/e0b69c0a.JPEG
scrambled_1433_tower_n03098959_7319_conf0.997202.JPEG,b92556ee.JPEG,visual_scrambled,https://mmarcantoinee.github.io/survey-mit-spring-2026/images/renamed/visual_scrambled/b92556ee.JPEG
scrambled_1433_tower_n04460130_3822_conf0.999843.JPEG,ef4d8b8e.JPEG,visual_scrambled,https://mmarcantoinee.github.io/survey-mit-spring-2026/images/renamed/visual_scrambled/ef4d8b8e.JPEG
scrambled_1433_tower_n04556948_15590_conf0.997851.JPEG,509f6c4e.JPEG,visual_scrambled,https://mmarcantoinee.github.io/survey-mit-spring-2026/images/renamed/visual_scrambled/509f6c4e.JPEG
scrambled_1461_submarine_n02755529_1909_conf0.999996.JPEG,aef49099.JPEG,visual_scrambled,https://mmarcantoinee.github.io/survey-mit-spring-2026/images/renamed/visual_scrambled/aef49099.JPEG
scrambled_1461_submarine_n03811295_2253_conf0.999685.JPEG,74c9dc68.JPEG,visual_scrambled,https://mmarcantoinee.github.io/survey-mit-spring-2026/images/renamed/visual_scrambled/74c9dc68.JPEG
scrambled_1461_submarine_n04347754_13183_conf0.997994.JPEG,4030818a.JPEG,visual_scrambled,https://mmarcantoinee.github.io/survey-mit-spring-2026/images/renamed/visual_scrambled/4030818a.JPEG
scrambled_1461_submarine_n04347754_32794_conf0.999994.JPEG,ce45d410.JPEG,visual_scrambled,https://mmarcantoinee.github.io/survey-mit-spring-2026/images/renamed/visual_scrambled/ce45d410.JPEG
scrambled_1470_syringe_n03555662_8281_conf0.999476.JPEG,0f2fddb3.JPEG,visual_scrambled,https://mmarcantoinee.github.io/survey-mit-spring-2026/images/renamed/visual_scrambled/0f2fddb3.JPEG
scrambled_1476_cannon_n02950256_15231_conf0.988886.JPEG,1d2b6bd9.JPEG,visual_scrambled,https://mmarcantoinee.github.io/survey-mit-spring-2026/images/renamed/visual_scrambled/1d2b6bd9.JPEG
scrambled_1476_cannon_n02950632_3110_conf0.986765.JPEG,202c823d.JPEG,visual_scrambled,https://mmarcantoinee.github.io/survey-mit-spring-2026/images/renamed/visual_scrambled/202c823d.JPEG
scrambled_1476_cannon_n02950632_9389_conf0.999818.JPEG,f1e41e39.JPEG,visual_scrambled,https://mmarcantoinee.github.io/survey-mit-spring-2026/images/renamed/visual_scrambled/f1e41e39.JPEG
scrambled_1494_pothole_n09398076_964_conf0.997980.JPEG,ebcbeac3.JPEG,visual_scrambled,https://mmarcantoinee.github.io/survey-mit-spring-2026/images/renamed/visual_scrambled/ebcbeac3.JPEG
scrambled_1512_chili_n07721456_1716_conf0.999992.JPEG,33ec753b.JPEG,visual_scrambled,https://mmarcantoinee.github.io/survey-mit-spring-2026/images/renamed/visual_scrambled/33ec753b.JPEG
scrambled_1512_chili_n07722052_6509_conf0.998812.JPEG,2e36f62f.JPEG,visual_scrambled,https://mmarcantoinee.github.io/survey-mit-spring-2026/images/renamed/visual_scrambled/2e36f62f.JPEG
scrambled_1512_chili_n07722052_9005_conf0.999957.JPEG,d1fec0b9.JPEG,visual_scrambled,https://mmarcantoinee.github.io/survey-mit-spring-2026/images/renamed/visual_scrambled/d1fec0b9.JPEG
scrambled_1515_waterspout_n04562496_1276_conf0.999472.JPEG,665b6c28.JPEG,visual_scrambled,https://mmarcantoinee.github.io/survey-mit-spring-2026/images/renamed/visual_scrambled/665b6c28.JPEG
scrambled_1515_waterspout_n04562496_1991_conf0.999835.JPEG,03218915.JPEG,visual_scrambled,https://mmarcantoinee.github.io/survey-mit-spring-2026/images/renamed/visual_scrambled/03218915.JPEG
scrambled_1515_waterspout_n04562496_2370_conf0.998809.JPEG,1d0fd899.JPEG,visual_scrambled,https://mmarcantoinee.github.io/survey-mit-spring-2026/images/renamed/visual_scrambled/1d0fd899.JPEG
scrambled_1515_waterspout_n04562496_2443_conf0.997425.JPEG,d0753fc1.JPEG,visual_scrambled,https://mmarcantoinee.github.io/survey-mit-spring-2026/images/renamed/visual_scrambled/d0753fc1.JPEG
scrambled_1515_waterspout_n04562496_2723_conf1.000000.JPEG,0468ebbd.JPEG,visual_scrambled,https://mmarcantoinee.github.io/survey-mit-spring-2026/images/renamed/visual_scrambled/0468ebbd.JPEG
scrambled_1515_waterspout_n04562496_2803_conf0.995837.JPEG,835433bd.JPEG,visual_scrambled,https://mmarcantoinee.github.io/survey-mit-spring-2026/images/renamed/visual_scrambled/835433bd.JPEG
scrambled_1515_waterspout_n04562496_2866_conf0.995933.JPEG,87222daa.JPEG,visual_scrambled,https://mmarcantoinee.github.io/survey-mit-spring-2026/images/renamed/visual_scrambled/87222daa.JPEG
scrambled_1515_waterspout_n04562496_2972_conf0.999982.JPEG,2a197241.JPEG,visual_scrambled,https://mmarcantoinee.github.io/survey-mit-spring-2026/images/renamed/visual_scrambled/2a197241.JPEG
scrambled_1515_waterspout_n04562496_2993_conf0.995404.JPEG,25b07c5b.JPEG,visual_scrambled,https://mmarcantoinee.github.io/survey-mit-spring-2026/images/renamed/visual_scrambled/25b07c5b.JPEG
scrambled_1515_waterspout_n04562496_3183_conf0.987014.JPEG,d9d8eecb.JPEG,visual_scrambled,https://mmarcantoinee.github.io/survey-mit-spring-2026/images/renamed/visual_scrambled/d9d8eecb.JPEG
scrambled_1515_waterspout_n04562496_4520_conf0.999998.JPEG,d27311a3.JPEG,visual_scrambled,https://mmarcantoinee.github.io/survey-mit-spring-2026/images/renamed/visual_scrambled/d27311a3.JPEG
scrambled_1515_waterspout_n04562496_4777_conf0.993212.JPEG,7e0f898b.JPEG,visual_scrambled,https://mmarcantoinee.github.io/survey-mit-spring-2026/images/renamed/visual_scrambled/7e0f898b.JPEG
scrambled_1515_waterspout_n04562496_6280_conf0.999306.JPEG,de57c8a4.JPEG,visual_scrambled,https://mmarcantoinee.github.io/survey-mit-spring-2026/images/renamed/visual_scrambled/de57c8a4.JPEG
scrambled_1515_waterspout_n04562496_6442_conf0.997724.JPEG,e2803df1.JPEG,visual_scrambled,https://mmarcantoinee.github.io/survey-mit-spring-2026/images/renamed/visual_scrambled/e2803df1.JPEG
scrambled_1515_waterspout_n04562496_704_conf0.997963.JPEG,de11739f.JPEG,visual_scrambled,https://mmarcantoinee.github.io/survey-mit-spring-2026/images/renamed/visual_scrambled/de11739f.JPEG
scrambled_1530_stadium_n03379204_7612_conf0.999994.JPEG,02effc18.JPEG,visual_scrambled,https://mmarcantoinee.github.io/survey-mit-spring-2026/images/renamed/visual_scrambled/02effc18.JPEG
scrambled_1530_stadium_n04295881_26696_conf1.000000.JPEG,90c7cd55.JPEG,visual_scrambled,https://mmarcantoinee.github.io/survey-mit-spring-2026/images/renamed/visual_scrambled/90c7cd55.JPEG
scrambled_1530_stadium_n04295881_36312_conf0.999154.JPEG,67865038.JPEG,visual_scrambled,https://mmarcantoinee.github.io/survey-mit-spring-2026/images/renamed/visual_scrambled/67865038.JPEG
scrambled_1530_stadium_n04295881_36513_conf0.999999.JPEG,6e85a5d7.JPEG,visual_scrambled,https://mmarcantoinee.github.io/survey-mit-spring-2026/images/renamed/visual_scrambled/6e85a5d7.JPEG
scrambled_1530_stadium_n04295881_37612_conf0.997591.JPEG,ee6f6e92.JPEG,visual_scrambled,https://mmarcantoinee.github.io/survey-mit-spring-2026/images/renamed/visual_scrambled/ee6f6e92.JPEG
scrambled_1530_stadium_n04295881_9236_conf0.994443.JPEG,493cb899.JPEG,visual_scrambled,https://mmarcantoinee.github.io/survey-mit-spring-2026/images/renamed/visual_scrambled/493cb899.JPEG
scrambled_1531_spacecraft_n04266014_232_conf0.999602.JPEG,937c638a.JPEG,visual_scrambled,https://mmarcantoinee.github.io/survey-mit-spring-2026/images/renamed/visual_scrambled/937c638a.JPEG
scrambled_1531_spacecraft_n04266014_5504_conf0.999969.JPEG,e5358ad9.JPEG,visual_scrambled,https://mmarcantoinee.github.io/survey-mit-spring-2026/images/renamed/visual_scrambled/e5358ad9.JPEG
scrambled_1531_spacecraft_n04266014_5520_conf0.991059.JPEG,d9bbdad8.JPEG,visual_scrambled,https://mmarcantoinee.github.io/survey-mit-spring-2026/images/renamed/visual_scrambled/d9bbdad8.JPEG
scrambled_1531_spacecraft_n04266014_5729_conf0.988833.JPEG,036de88b.JPEG,visual_scrambled,https://mmarcantoinee.github.io/survey-mit-spring-2026/images/renamed/visual_scrambled/036de88b.JPEG
scrambled_1531_spacecraft_n04266014_89_conf0.999966.JPEG,8a948106.JPEG,visual_scrambled,https://mmarcantoinee.github.io/survey-mit-spring-2026/images/renamed/visual_scrambled/8a948106.JPEG
scrambled_1533_cheese_n07852045_2807_conf0.981806.JPEG,ea612288.JPEG,visual_scrambled,https://mmarcantoinee.github.io/survey-mit-spring-2026/images/renamed/visual_scrambled/ea612288.JPEG
scrambled_1533_cheese_n07852229_7666_conf0.996283.JPEG,0387afd9.JPEG,visual_scrambled,https://mmarcantoinee.github.io/survey-mit-spring-2026/images/renamed/visual_scrambled/0387afd9.JPEG
scrambled_1543_hammer_n03715669_4189_conf0.995391.JPEG,556dd3a8.JPEG,visual_scrambled,https://mmarcantoinee.github.io/survey-mit-spring-2026/images/renamed/visual_scrambled/556dd3a8.JPEG
scrambled_1551_coconut_n07772935_25283_conf0.999828.JPEG,82165af0.JPEG,visual_scrambled,https://mmarcantoinee.github.io/survey-mit-spring-2026/images/renamed/visual_scrambled/82165af0.JPEG
scrambled_1551_coconut_n07772935_5280_conf0.999993.JPEG,a6b38fee.JPEG,visual_scrambled,https://mmarcantoinee.github.io/survey-mit-spring-2026/images/renamed/visual_scrambled/a6b38fee.JPEG
scrambled_1563_beet_flickr_beet_0257_conf0.993418.jpg,4af5dfa8.jpg,visual_scrambled,https://mmarcantoinee.github.io/survey-mit-spring-2026/images/renamed/visual_scrambled/4af5dfa8.jpg
scrambled_1563_beet_n07719839_23477_conf0.992335.JPEG,04eb8321.JPEG,visual_scrambled,https://mmarcantoinee.github.io/survey-mit-spring-2026/images/renamed/visual_scrambled/04eb8321.JPEG
scrambled_1563_beet_n07719980_2031_conf0.993627.JPEG,f962ab69.JPEG,visual_scrambled,https://mmarcantoinee.github.io/survey-mit-spring-2026/images/renamed/visual_scrambled/f962ab69.JPEG
scrambled_1563_beet_n11832480_5215_conf0.997453.JPEG,d91d03bb.JPEG,visual_scrambled,https://mmarcantoinee.github.io/survey-mit-spring-2026/images/renamed/visual_scrambled/d91d03bb.JPEG
scrambled_1567_stegosaurus_n01701859_1209_conf0.998932.JPEG,06703c8b.JPEG,visual_scrambled,https://mmarcantoinee.github.io/survey-mit-spring-2026/images/renamed/visual_scrambled/06703c8b.JPEG
scrambled_1567_stegosaurus_n01701859_12463_conf0.996727.JPEG,8f32f60d.JPEG,visual_scrambled,https://mmarcantoinee.github.io/survey-mit-spring-2026/images/renamed/visual_scrambled/8f32f60d.JPEG
scrambled_1567_stegosaurus_n01701859_200_conf0.995312.JPEG,52314a69.JPEG,visual_scrambled,https://mmarcantoinee.github.io/survey-mit-spring-2026/images/renamed/visual_scrambled/52314a69.JPEG
scrambled_1567_stegosaurus_n01701859_2236_conf0.999928.JPEG,9dd3df3f.JPEG,visual_scrambled,https://mmarcantoinee.github.io/survey-mit-spring-2026/images/renamed/visual_scrambled/9dd3df3f.JPEG
scrambled_1567_stegosaurus_n01701859_5596_conf0.999881.JPEG,e378e85c.JPEG,visual_scrambled,https://mmarcantoinee.github.io/survey-mit-spring-2026/images/renamed/visual_scrambled/e378e85c.JPEG
scrambled_1572_chocolate_n04972451_62742_conf0.981885.JPEG,7eb33ab8.JPEG,visual_scrambled,https://mmarcantoinee.github.io/survey-mit-spring-2026/images/renamed/visual_scrambled/7eb33ab8.JPEG
scrambled_1572_chocolate_n07609632_19042_conf0.989258.JPEG,6f72a460.JPEG,visual_scrambled,https://mmarcantoinee.github.io/survey-mit-spring-2026/images/renamed/visual_scrambled/6f72a460.JPEG
scrambled_1589_muffin_n07690273_14199_conf0.999910.JPEG,49db1cee.JPEG,visual_scrambled,https://mmarcantoinee.github.io/survey-mit-spring-2026/images/renamed/visual_scrambled/49db1cee.JPEG
scrambled_1589_muffin_n07690273_21839_conf0.998103.JPEG,bb2eaf5c.JPEG,visual_scrambled,https://mmarcantoinee.github.io/survey-mit-spring-2026/images/renamed/visual_scrambled/bb2eaf5c.JPEG
scrambled_1589_muffin_n07690431_2242_conf0.996594.JPEG,501218c5.JPEG,visual_scrambled,https://mmarcantoinee.github.io/survey-mit-spring-2026/images/renamed/visual_scrambled/501218c5.JPEG
scrambled_1589_muffin_n07690511_1807_conf0.998228.JPEG,32d8a6de.JPEG,visual_scrambled,https://mmarcantoinee.github.io/survey-mit-spring-2026/images/renamed/visual_scrambled/32d8a6de.JPEG
scrambled_1589_muffin_n07690511_6081_conf0.988792.JPEG,ed0766b8.JPEG,visual_scrambled,https://mmarcantoinee.github.io/survey-mit-spring-2026/images/renamed/visual_scrambled/ed0766b8.JPEG
scrambled_1592_turnip_n07735803_7868_conf0.982887.JPEG,c8ac26a3.JPEG,visual_scrambled,https://mmarcantoinee.github.io/survey-mit-spring-2026/images/renamed/visual_scrambled/c8ac26a3.JPEG
scrambled_1593_wire_n02790823_7446_conf0.999175.JPEG,738670b0.JPEG,visual_scrambled,https://mmarcantoinee.github.io/survey-mit-spring-2026/images/renamed/visual_scrambled/738670b0.JPEG
scrambled_1593_wire_n04594218_20249_conf0.996051.JPEG,4a177513.JPEG,visual_scrambled,https://mmarcantoinee.github.io/survey-mit-spring-2026/images/renamed/visual_scrambled/4a177513.JPEG
scrambled_1612_forklift_n03384352_5737_conf0.997187.JPEG,617f43e9.JPEG,visual_scrambled,https://mmarcantoinee.github.io/survey-mit-spring-2026/images/renamed/visual_scrambled/617f43e9.JPEG
scrambled_1612_forklift_n03384352_7277_conf0.996988.JPEG,efae1495.JPEG,visual_scrambled,https://mmarcantoinee.github.io/survey-mit-spring-2026/images/renamed/visual_scrambled/efae1495.JPEG
scrambled_1613_fondue_bing_fondue_0050_conf0.994968.jpg,b3be277e.jpg,visual_scrambled,https://mmarcantoinee.github.io/survey-mit-spring-2026/images/renamed/visual_scrambled/b3be277e.jpg
scrambled_1613_fondue_n07867421_9699_conf0.998511.JPEG,d9fe71f1.JPEG,visual_scrambled,https://mmarcantoinee.github.io/survey-mit-spring-2026/images/renamed/visual_scrambled/d9fe71f1.JPEG
scrambled_1613_fondue_n07867616_5130_conf0.981340.JPEG,fc7ceecc.JPEG,visual_scrambled,https://mmarcantoinee.github.io/survey-mit-spring-2026/images/renamed/visual_scrambled/fc7ceecc.JPEG
scrambled_1617_gazebo_bing_gazebo_0143_conf0.999479.jpg,55d15b2c.jpg,visual_scrambled,https://mmarcantoinee.github.io/survey-mit-spring-2026/images/renamed/visual_scrambled/55d15b2c.jpg
scrambled_1617_gazebo_n03430418_18261_conf0.996871.JPEG,769f2edb.JPEG,visual_scrambled,https://mmarcantoinee.github.io/survey-mit-spring-2026/images/renamed/visual_scrambled/769f2edb.JPEG
scrambled_1617_gazebo_n03430418_25278_conf0.996963.JPEG,ad141fb2.JPEG,visual_scrambled,https://mmarcantoinee.github.io/survey-mit-spring-2026/images/renamed/visual_scrambled/ad141fb2.JPEG
scrambled_1617_gazebo_n03430418_8327_conf0.999124.JPEG,6e7479df.JPEG,visual_scrambled,https://mmarcantoinee.github.io/survey-mit-spring-2026/images/renamed/visual_scrambled/6e7479df.JPEG
scrambled_1632_melon_n07755929_7739_conf0.998896.JPEG,b02702b7.JPEG,visual_scrambled,https://mmarcantoinee.github.io/survey-mit-spring-2026/images/renamed/visual_scrambled/b02702b7.JPEG
scrambled_1632_melon_n07756951_5988_conf0.982837.JPEG,cc913951.JPEG,visual_scrambled,https://mmarcantoinee.github.io/survey-mit-spring-2026/images/renamed/visual_scrambled/cc913951.JPEG
scrambled_1632_melon_n07756951_9721_conf0.981274.JPEG,c0d5cecc.JPEG,visual_scrambled,https://mmarcantoinee.github.io/survey-mit-spring-2026/images/renamed/visual_scrambled/c0d5cecc.JPEG
scrambled_1636_bib_bing_bavoir_0053_conf0.999872.jpg,42d51da6.jpg,visual_scrambled,https://mmarcantoinee.github.io/survey-mit-spring-2026/images/renamed/visual_scrambled/42d51da6.jpg
scrambled_1636_bib_n02834397_1027_conf0.995990.JPEG,451828eb.JPEG,visual_scrambled,https://mmarcantoinee.github.io/survey-mit-spring-2026/images/renamed/visual_scrambled/451828eb.JPEG
scrambled_1636_bib_n02834397_2278_conf0.999497.JPEG,aa618a8f.JPEG,visual_scrambled,https://mmarcantoinee.github.io/survey-mit-spring-2026/images/renamed/visual_scrambled/aa618a8f.JPEG
scrambled_1636_bib_n02834397_3546_conf0.997877.JPEG,ba4761d8.JPEG,visual_scrambled,https://mmarcantoinee.github.io/survey-mit-spring-2026/images/renamed/visual_scrambled/ba4761d8.JPEG
scrambled_1636_bib_n02834397_4042_conf0.999066.JPEG,a9e97af9.JPEG,visual_scrambled,https://mmarcantoinee.github.io/survey-mit-spring-2026/images/renamed/visual_scrambled/a9e97af9.JPEG
scrambled_1636_bib_n02834397_4809_conf0.999054.JPEG,fe15a7a3.JPEG,visual_scrambled,https://mmarcantoinee.github.io/survey-mit-spring-2026/images/renamed/visual_scrambled/fe15a7a3.JPEG
scrambled_1636_bib_n02834397_5066_conf0.998938.JPEG,e79a39f6.JPEG,visual_scrambled,https://mmarcantoinee.github.io/survey-mit-spring-2026/images/renamed/visual_scrambled/e79a39f6.JPEG
scrambled_1649_strongbox_n04125021_4244_conf0.999532.JPEG,d74d7b55.JPEG,visual_scrambled,https://mmarcantoinee.github.io/survey-mit-spring-2026/images/renamed/visual_scrambled/d74d7b55.JPEG
scrambled_1649_strongbox_n04125257_13107_conf0.999412.JPEG,e87d6787.JPEG,visual_scrambled,https://mmarcantoinee.github.io/survey-mit-spring-2026/images/renamed/visual_scrambled/e87d6787.JPEG
scrambled_1655_steamroller_n04310157_20571_conf0.999922.JPEG,a7e77663.JPEG,visual_scrambled,https://mmarcantoinee.github.io/survey-mit-spring-2026/images/renamed/visual_scrambled/a7e77663.JPEG
scrambled_1673_dishrag_n03207743_14340_conf0.991406.JPEG,2bd10ffb.JPEG,visual_scrambled,https://mmarcantoinee.github.io/survey-mit-spring-2026/images/renamed/visual_scrambled/2bd10ffb.JPEG
scrambled_1673_dishrag_n03207743_16205_conf0.993081.JPEG,09cb6c33.JPEG,visual_scrambled,https://mmarcantoinee.github.io/survey-mit-spring-2026/images/renamed/visual_scrambled/09cb6c33.JPEG
scrambled_1673_dishrag_n03207743_25099_conf0.991492.JPEG,2d920944.JPEG,visual_scrambled,https://mmarcantoinee.github.io/survey-mit-spring-2026/images/renamed/visual_scrambled/2d920944.JPEG
scrambled_1677_anchor_n02709367_18270_conf0.997398.JPEG,f10b690b.JPEG,visual_scrambled,https://mmarcantoinee.github.io/survey-mit-spring-2026/images/renamed/visual_scrambled/f10b690b.JPEG
scrambled_1686_fountain_n03241335_275_conf0.999459.JPEG,ab6dc097.JPEG,visual_scrambled,https://mmarcantoinee.github.io/survey-mit-spring-2026/images/renamed/visual_scrambled/ab6dc097.JPEG
scrambled_1686_fountain_n03388043_1632_conf0.996351.JPEG,7646f2a0.JPEG,visual_scrambled,https://mmarcantoinee.github.io/survey-mit-spring-2026/images/renamed/visual_scrambled/7646f2a0.JPEG
scrambled_1687_parachute_n03888257_1593_conf0.999999.JPEG,16abfb9b.JPEG,visual_scrambled,https://mmarcantoinee.github.io/survey-mit-spring-2026/images/renamed/visual_scrambled/16abfb9b.JPEG
scrambled_1687_parachute_n03888257_1797_conf0.999964.JPEG,af008594.JPEG,visual_scrambled,https://mmarcantoinee.github.io/survey-mit-spring-2026/images/renamed/visual_scrambled/af008594.JPEG
scrambled_1687_parachute_n03888257_1895_conf0.999898.JPEG,848397c9.JPEG,visual_scrambled,https://mmarcantoinee.github.io/survey-mit-spring-2026/images/renamed/visual_scrambled/848397c9.JPEG
scrambled_1687_parachute_n03889726_1530_conf0.999989.JPEG,d815afdd.JPEG,visual_scrambled,https://mmarcantoinee.github.io/survey-mit-spring-2026/images/renamed/visual_scrambled/d815afdd.JPEG
scrambled_1687_parachute_n03889726_7554_conf0.999999.JPEG,41357264.JPEG,visual_scrambled,https://mmarcantoinee.github.io/survey-mit-spring-2026/images/renamed/visual_scrambled/41357264.JPEG
scrambled_1687_parachute_n03889726_8182_conf1.000000.JPEG,1e632ccb.JPEG,visual_scrambled,https://mmarcantoinee.github.io/survey-mit-spring-2026/images/renamed/visual_scrambled/1e632ccb.JPEG
scrambled_1687_parachute_n03889726_8895_conf0.999583.JPEG,95cbec00.JPEG,visual_scrambled,https://mmarcantoinee.github.io/survey-mit-spring-2026/images/renamed/visual_scrambled/95cbec00.JPEG
scrambled_1697_sink_n04553703_17614_conf0.992570.JPEG,993811b1.JPEG,visual_scrambled,https://mmarcantoinee.github.io/survey-mit-spring-2026/images/renamed/visual_scrambled/993811b1.JPEG
scrambled_1697_sink_n04553703_2006_conf0.998656.JPEG,7fe7dc02.JPEG,visual_scrambled,https://mmarcantoinee.github.io/survey-mit-spring-2026/images/renamed/visual_scrambled/7fe7dc02.JPEG
scrambled_1697_sink_n04553703_24112_conf0.989748.JPEG,4cb22003.JPEG,visual_scrambled,https://mmarcantoinee.github.io/survey-mit-spring-2026/images/renamed/visual_scrambled/4cb22003.JPEG
scrambled_1700_radiator_n04040759_5945_conf0.999652.JPEG,a72ca1d6.JPEG,visual_scrambled,https://mmarcantoinee.github.io/survey-mit-spring-2026/images/renamed/visual_scrambled/a72ca1d6.JPEG
scrambled_1700_radiator_n04041069_110_conf0.999977.JPEG,44628591.JPEG,visual_scrambled,https://mmarcantoinee.github.io/survey-mit-spring-2026/images/renamed/visual_scrambled/44628591.JPEG
scrambled_1700_radiator_n04041069_5911_conf0.986070.JPEG,75f4f350.JPEG,visual_scrambled,https://mmarcantoinee.github.io/survey-mit-spring-2026/images/renamed/visual_scrambled/75f4f350.JPEG
scrambled_1704_burner_n03425769_2218_conf0.985349.JPEG,6983f784.JPEG,visual_scrambled,https://mmarcantoinee.github.io/survey-mit-spring-2026/images/renamed/visual_scrambled/6983f784.JPEG
scrambled_1704_burner_n03425769_7909_conf0.994880.JPEG,0b0f7426.JPEG,visual_scrambled,https://mmarcantoinee.github.io/survey-mit-spring-2026/images/renamed/visual_scrambled/0b0f7426.JPEG
scrambled_1734_gramophone_n03452267_1533_conf1.000000.JPEG,48c104b6.JPEG,visual_scrambled,https://mmarcantoinee.github.io/survey-mit-spring-2026/images/renamed/visual_scrambled/48c104b6.JPEG
scrambled_1734_gramophone_n03452267_6208_conf0.992685.JPEG,449f75ed.JPEG,visual_scrambled,https://mmarcantoinee.github.io/survey-mit-spring-2026/images/renamed/visual_scrambled/449f75ed.JPEG
scrambled_1734_gramophone_n03452267_8380_conf0.990768.JPEG,000caf28.JPEG,visual_scrambled,https://mmarcantoinee.github.io/survey-mit-spring-2026/images/renamed/visual_scrambled/000caf28.JPEG
scrambled_1739_burlap_n02922798_1545_conf0.991372.JPEG,7271a3b3.JPEG,visual_scrambled,https://mmarcantoinee.github.io/survey-mit-spring-2026/images/renamed/visual_scrambled/7271a3b3.JPEG
scrambled_1745_earwig_n02273392_4771_conf0.999975.JPEG,79a16fd7.JPEG,visual_scrambled,https://mmarcantoinee.github.io/survey-mit-spring-2026/images/renamed/visual_scrambled/79a16fd7.JPEG
scrambled_1753_calipers_n03759661_685_conf0.997475.JPEG,c37dcddb.JPEG,visual_scrambled,https://mmarcantoinee.github.io/survey-mit-spring-2026/images/renamed/visual_scrambled/c37dcddb.JPEG
scrambled_1773_couch_n03115897_20062_conf0.993539.JPEG,143c4701.JPEG,visual_scrambled,https://mmarcantoinee.github.io/survey-mit-spring-2026/images/renamed/visual_scrambled/143c4701.JPEG
scrambled_1773_couch_n03115897_2568_conf0.997656.JPEG,0fc8d227.JPEG,visual_scrambled,https://mmarcantoinee.github.io/survey-mit-spring-2026/images/renamed/visual_scrambled/0fc8d227.JPEG
scrambled_1773_couch_n03122202_4085_conf0.988766.JPEG,8096b76f.JPEG,visual_scrambled,https://mmarcantoinee.github.io/survey-mit-spring-2026/images/renamed/visual_scrambled/8096b76f.JPEG
scrambled_1782_parsley_n07819896_19273_conf0.992626.JPEG,bd36f556.JPEG,visual_scrambled,https://mmarcantoinee.github.io/survey-mit-spring-2026/images/renamed/visual_scrambled/bd36f556.JPEG
scrambled_1782_parsley_n12626674_2622_conf0.991117.JPEG,cab49c64.JPEG,visual_scrambled,https://mmarcantoinee.github.io/survey-mit-spring-2026/images/renamed/visual_scrambled/cab49c64.JPEG
scrambled_1782_parsley_n12942395_20975_conf0.989597.JPEG,b108b85a.JPEG,visual_scrambled,https://mmarcantoinee.github.io/survey-mit-spring-2026/images/renamed/visual_scrambled/b108b85a.JPEG
scrambled_1782_parsley_n12942572_5629_conf0.995781.JPEG,61407de6.JPEG,visual_scrambled,https://mmarcantoinee.github.io/survey-mit-spring-2026/images/renamed/visual_scrambled/61407de6.JPEG
scrambled_1782_parsley_n12942572_6738_conf0.998545.JPEG,85adfd3b.JPEG,visual_scrambled,https://mmarcantoinee.github.io/survey-mit-spring-2026/images/renamed/visual_scrambled/85adfd3b.JPEG
scrambled_1787_koala_n01882714_12773_conf0.999052.JPEG,0fbd455d.JPEG,visual_scrambled,https://mmarcantoinee.github.io/survey-mit-spring-2026/images/renamed/visual_scrambled/0fbd455d.JPEG
scrambled_1787_koala_n01882714_13060_conf0.999926.JPEG,7a103a3a.JPEG,visual_scrambled,https://mmarcantoinee.github.io/survey-mit-spring-2026/images/renamed/visual_scrambled/7a103a3a.JPEG
scrambled_1787_koala_n01882714_14561_conf0.999780.JPEG,a6fc8415.JPEG,visual_scrambled,https://mmarcantoinee.github.io/survey-mit-spring-2026/images/renamed/visual_scrambled/a6fc8415.JPEG
scrambled_1787_koala_n01882714_15076_conf0.999938.JPEG,219ed739.JPEG,visual_scrambled,https://mmarcantoinee.github.io/survey-mit-spring-2026/images/renamed/visual_scrambled/219ed739.JPEG
scrambled_1787_koala_n01882714_6535_conf0.998439.JPEG,7b9a6ad0.JPEG,visual_scrambled,https://mmarcantoinee.github.io/survey-mit-spring-2026/images/renamed/visual_scrambled/7b9a6ad0.JPEG
scrambled_1787_koala_n01882714_8740_conf0.994311.JPEG,86c21740.JPEG,visual_scrambled,https://mmarcantoinee.github.io/survey-mit-spring-2026/images/renamed/visual_scrambled/86c21740.JPEG
scrambled_1793_bobsleigh_n02860847_19277_conf0.999476.JPEG,03c31911.JPEG,visual_scrambled,https://mmarcantoinee.github.io/survey-mit-spring-2026/images/renamed/visual_scrambled/03c31911.JPEG
scrambled_1793_bobsleigh_n02860847_31610_conf0.985111.JPEG,231ca2c6.JPEG,visual_scrambled,https://mmarcantoinee.github.io/survey-mit-spring-2026/images/renamed/visual_scrambled/231ca2c6.JPEG
scrambled_1793_bobsleigh_n02860847_4380_conf0.998748.JPEG,282e1c62.JPEG,visual_scrambled,https://mmarcantoinee.github.io/survey-mit-spring-2026/images/renamed/visual_scrambled/282e1c62.JPEG
scrambled_1811_greenhouse_n03092166_7202_conf0.999946.JPEG,cc26591b.JPEG,visual_scrambled,https://mmarcantoinee.github.io/survey-mit-spring-2026/images/renamed/visual_scrambled/cc26591b.JPEG
scrambled_1829_blimp_n02692877_1244_conf0.999925.JPEG,46e0cf5f.JPEG,visual_scrambled,https://mmarcantoinee.github.io/survey-mit-spring-2026/images/renamed/visual_scrambled/46e0cf5f.JPEG
scrambled_1829_blimp_n02692877_2270_conf0.999255.JPEG,8fa4d444.JPEG,visual_scrambled,https://mmarcantoinee.github.io/survey-mit-spring-2026/images/renamed/visual_scrambled/8fa4d444.JPEG
scrambled_1829_blimp_n02692877_4068_conf0.983406.JPEG,283fa42d.JPEG,visual_scrambled,https://mmarcantoinee.github.io/survey-mit-spring-2026/images/renamed/visual_scrambled/283fa42d.JPEG
scrambled_1829_blimp_n02692877_4579_conf0.999673.JPEG,6559b0d7.JPEG,visual_scrambled,https://mmarcantoinee.github.io/survey-mit-spring-2026/images/renamed/visual_scrambled/6559b0d7.JPEG
scrambled_1829_blimp_n02692877_5005_conf0.986259.JPEG,97de1895.JPEG,visual_scrambled,https://mmarcantoinee.github.io/survey-mit-spring-2026/images/renamed/visual_scrambled/97de1895.JPEG
scrambled_1829_blimp_n02692877_9814_conf0.999993.JPEG,abfc5af9.JPEG,visual_scrambled,https://mmarcantoinee.github.io/survey-mit-spring-2026/images/renamed/visual_scrambled/abfc5af9.JPEG
scrambled_1829_blimp_n02850950_13525_conf0.999992.JPEG,0eeb059b.JPEG,visual_scrambled,https://mmarcantoinee.github.io/survey-mit-spring-2026/images/renamed/visual_scrambled/0eeb059b.JPEG
scrambled_1840_tray_n04476259_1464_conf0.990552.JPEG,ab265336.JPEG,visual_scrambled,https://mmarcantoinee.github.io/survey-mit-spring-2026/images/renamed/visual_scrambled/ab265336.JPEG
scrambled_1844_mandolin_n03716887_7907_conf1.000000.JPEG,69ad71bb.JPEG,visual_scrambled,https://mmarcantoinee.github.io/survey-mit-spring-2026/images/renamed/visual_scrambled/69ad71bb.JPEG
scrambled_1844_mandolin_n03716966_1282_conf0.996391.JPEG,3f7e6020.JPEG,visual_scrambled,https://mmarcantoinee.github.io/survey-mit-spring-2026/images/renamed/visual_scrambled/3f7e6020.JPEG
scrambled_1844_mandolin_n03716966_17208_conf0.999959.JPEG,e8168fa9.JPEG,visual_scrambled,https://mmarcantoinee.github.io/survey-mit-spring-2026/images/renamed/visual_scrambled/e8168fa9.JPEG
scrambled_1844_mandolin_n03716966_23760_conf1.000000.JPEG,d536db8c.JPEG,visual_scrambled,https://mmarcantoinee.github.io/survey-mit-spring-2026/images/renamed/visual_scrambled/d536db8c.JPEG
scrambled_1844_mandolin_n03716966_8737_conf0.998519.JPEG,53eb3576.JPEG,visual_scrambled,https://mmarcantoinee.github.io/survey-mit-spring-2026/images/renamed/visual_scrambled/53eb3576.JPEG
scrambled_1882_volcano_bing_volcano_0001_conf0.985731.jpg,dd7f92c5.jpg,visual_scrambled,https://mmarcantoinee.github.io/survey-mit-spring-2026/images/renamed/visual_scrambled/dd7f92c5.jpg
scrambled_1882_volcano_bing_volcano_0010_conf0.999984.jpg,ca0eef67.jpg,visual_scrambled,https://mmarcantoinee.github.io/survey-mit-spring-2026/images/renamed/visual_scrambled/ca0eef67.jpg
scrambled_1882_volcano_n09472597_1515_conf0.991450.JPEG,9414ddef.JPEG,visual_scrambled,https://mmarcantoinee.github.io/survey-mit-spring-2026/images/renamed/visual_scrambled/9414ddef.JPEG
scrambled_1882_volcano_n09472597_30930_conf0.994996.JPEG,b520016c.JPEG,visual_scrambled,https://mmarcantoinee.github.io/survey-mit-spring-2026/images/renamed/visual_scrambled/b520016c.JPEG
scrambled_1882_volcano_n09472597_4054_conf0.999814.JPEG,08b8985c.JPEG,visual_scrambled,https://mmarcantoinee.github.io/survey-mit-spring-2026/images/renamed/visual_scrambled/08b8985c.JPEG
scrambled_1882_volcano_n09472597_52823_conf0.999574.JPEG,3e38d5b2.JPEG,visual_scrambled,https://mmarcantoinee.github.io/survey-mit-spring-2026/images/renamed/visual_scrambled/3e38d5b2.JPEG
scrambled_1884_cabbage_n07714895_3460_conf0.984607.JPEG,316fde76.JPEG,visual_scrambled,https://mmarcantoinee.github.io/survey-mit-spring-2026/images/renamed/visual_scrambled/316fde76.JPEG
scrambled_1886_kettle_n03612814_27000_conf0.989678.JPEG,8ca9a471.JPEG,visual_scrambled,https://mmarcantoinee.github.io/survey-mit-spring-2026/images/renamed/visual_scrambled/8ca9a471.JPEG
scrambled_1889_antenna_n02715229_1408_conf0.999838.JPEG,0c1e04c9.JPEG,visual_scrambled,https://mmarcantoinee.github.io/survey-mit-spring-2026/images/renamed/visual_scrambled/0c1e04c9.JPEG
scrambled_1889_antenna_n02715229_17413_conf0.999770.JPEG,405267b5.JPEG,visual_scrambled,https://mmarcantoinee.github.io/survey-mit-spring-2026/images/renamed/visual_scrambled/405267b5.JPEG
scrambled_1889_antenna_n02715229_30558_conf0.992752.JPEG,56dc8750.JPEG,visual_scrambled,https://mmarcantoinee.github.io/survey-mit-spring-2026/images/renamed/visual_scrambled/56dc8750.JPEG
scrambled_1889_antenna_n02715229_8801_conf0.999339.JPEG,68673668.JPEG,visual_scrambled,https://mmarcantoinee.github.io/survey-mit-spring-2026/images/renamed/visual_scrambled/68673668.JPEG
scrambled_1889_antenna_n04041747_7023_conf0.982018.JPEG,54018faf.JPEG,visual_scrambled,https://mmarcantoinee.github.io/survey-mit-spring-2026/images/renamed/visual_scrambled/54018faf.JPEG
scrambled_1889_antenna_n04404817_10037_conf0.999696.JPEG,c29f0910.JPEG,visual_scrambled,https://mmarcantoinee.github.io/survey-mit-spring-2026/images/renamed/visual_scrambled/c29f0910.JPEG
scrambled_1889_antenna_n04404817_4368_conf0.992556.JPEG,03471fa1.JPEG,visual_scrambled,https://mmarcantoinee.github.io/survey-mit-spring-2026/images/renamed/visual_scrambled/03471fa1.JPEG
scrambled_1892_panda_bing_panda_0001_conf1.000000.jpg,060d3f21.jpg,visual_scrambled,https://mmarcantoinee.github.io/survey-mit-spring-2026/images/renamed/visual_scrambled/060d3f21.jpg
scrambled_1892_panda_bing_panda_0110_conf0.999975.jpg,51715bd0.jpg,visual_scrambled,https://mmarcantoinee.github.io/survey-mit-spring-2026/images/renamed/visual_scrambled/51715bd0.jpg
scrambled_1892_panda_n02510455_12594_conf0.999884.JPEG,a49d5ba0.JPEG,visual_scrambled,https://mmarcantoinee.github.io/survey-mit-spring-2026/images/renamed/visual_scrambled/a49d5ba0.JPEG
scrambled_1892_panda_n02510455_314_conf0.999994.JPEG,c173860b.JPEG,visual_scrambled,https://mmarcantoinee.github.io/survey-mit-spring-2026/images/renamed/visual_scrambled/c173860b.JPEG
scrambled_1892_panda_n02510455_3580_conf0.997821.JPEG,3037b5ea.JPEG,visual_scrambled,https://mmarcantoinee.github.io/survey-mit-spring-2026/images/renamed/visual_scrambled/3037b5ea.JPEG
scrambled_1892_panda_n02510455_744_conf1.000000.JPEG,5df4217d.JPEG,visual_scrambled,https://mmarcantoinee.github.io/survey-mit-spring-2026/images/renamed/visual_scrambled/5df4217d.JPEG
scrambled_1892_panda_n02510455_75_conf0.999140.JPEG,2ae2a7e2.JPEG,visual_scrambled,https://mmarcantoinee.github.io/survey-mit-spring-2026/images/renamed/visual_scrambled/2ae2a7e2.JPEG
scrambled_1892_panda_n02510455_8491_conf0.999999.JPEG,5790e132.JPEG,visual_scrambled,https://mmarcantoinee.github.io/survey-mit-spring-2026/images/renamed/visual_scrambled/5790e132.JPEG
scrambled_1899_microchip_n03760310_21971_conf0.999846.JPEG,b2984fd8.JPEG,visual_scrambled,https://mmarcantoinee.github.io/survey-mit-spring-2026/images/renamed/visual_scrambled/b2984fd8.JPEG
scrambled_1899_microchip_n03760310_2895_conf1.000000.JPEG,849166e8.JPEG,visual_scrambled,https://mmarcantoinee.github.io/survey-mit-spring-2026/images/renamed/visual_scrambled/849166e8.JPEG
scrambled_1899_microchip_n03760310_5475_conf0.998131.JPEG,7b4e79d3.JPEG,visual_scrambled,https://mmarcantoinee.github.io/survey-mit-spring-2026/images/renamed/visual_scrambled/7b4e79d3.JPEG
scrambled_1904_toolbox_n04452615_22863_conf0.999192.JPEG,196cfe39.JPEG,visual_scrambled,https://mmarcantoinee.github.io/survey-mit-spring-2026/images/renamed/visual_scrambled/196cfe39.JPEG
scrambled_1914_hairbrush_n03475581_9101_conf0.985230.JPEG,416f905b.JPEG,visual_scrambled,https://mmarcantoinee.github.io/survey-mit-spring-2026/images/renamed/visual_scrambled/416f905b.JPEG
scrambled_1952_pretzel_n07695742_5474_conf0.999883.JPEG,d0fc78fb.JPEG,visual_scrambled,https://mmarcantoinee.github.io/survey-mit-spring-2026/images/renamed/visual_scrambled/d0fc78fb.JPEG
scrambled_1952_pretzel_n07695742_7238_conf0.998242.JPEG,1fbf19ab.JPEG,visual_scrambled,https://mmarcantoinee.github.io/survey-mit-spring-2026/images/renamed/visual_scrambled/1fbf19ab.JPEG
scrambled_1952_pretzel_n07695878_2440_conf0.996920.JPEG,d70bd3ce.JPEG,visual_scrambled,https://mmarcantoinee.github.io/survey-mit-spring-2026/images/renamed/visual_scrambled/d70bd3ce.JPEG
scrambled_1952_pretzel_n07695878_3569_conf0.999978.JPEG,85aa09b3.JPEG,visual_scrambled,https://mmarcantoinee.github.io/survey-mit-spring-2026/images/renamed/visual_scrambled/85aa09b3.JPEG
scrambled_1952_pretzel_n07695878_5752_conf0.999994.JPEG,659d9e33.JPEG,visual_scrambled,https://mmarcantoinee.github.io/survey-mit-spring-2026/images/renamed/visual_scrambled/659d9e33.JPEG
scrambled_1981_sawmill_n03697007_14284_conf0.981291.JPEG,829899fb.JPEG,visual_scrambled,https://mmarcantoinee.github.io/survey-mit-spring-2026/images/renamed/visual_scrambled/829899fb.JPEG
scrambled_1981_sawmill_n03697007_4935_conf0.991053.JPEG,f65e1548.JPEG,visual_scrambled,https://mmarcantoinee.github.io/survey-mit-spring-2026/images/renamed/visual_scrambled/f65e1548.JPEG
scrambled_1989_joystick_n04317976_19217_conf0.998403.JPEG,211efea5.JPEG,visual_scrambled,https://mmarcantoinee.github.io/survey-mit-spring-2026/images/renamed/visual_scrambled/211efea5.JPEG
scrambled_1995_persimmon_n12771192_11021_conf0.993198.JPEG,22dafb00.JPEG,visual_scrambled,https://mmarcantoinee.github.io/survey-mit-spring-2026/images/renamed/visual_scrambled/22dafb00.JPEG
scrambled_1995_persimmon_n12771192_8351_conf0.990839.JPEG,14627c2b.JPEG,visual_scrambled,https://mmarcantoinee.github.io/survey-mit-spring-2026/images/renamed/visual_scrambled/14627c2b.JPEG
scrambled_1995_persimmon_n12771192_9520_conf0.986306.JPEG,f4ac7f59.JPEG,visual_scrambled,https://mmarcantoinee.github.io/survey-mit-spring-2026/images/renamed/visual_scrambled/f4ac7f59.JPEG
scrambled_1995_persimmon_n12771390_22341_conf0.999990.JPEG,10430797.JPEG,visual_scrambled,https://mmarcantoinee.github.io/survey-mit-spring-2026/images/renamed/visual_scrambled/10430797.JPEG
scrambled_2009_graffiti_bing_graffiti_0305_conf0.998958.jpg,c040949e.jpg,visual_scrambled,https://mmarcantoinee.github.io/survey-mit-spring-2026/images/renamed/visual_scrambled/c040949e.jpg
scrambled_2017_giraffe_bing_giraffe_0058_conf0.996534.jpg,3557eb55.jpg,visual_scrambled,https://mmarcantoinee.github.io/survey-mit-spring-2026/images/renamed/visual_scrambled/3557eb55.jpg
scrambled_2017_giraffe_bing_giraffe_0121_conf0.999934.jpg,33c4c6c0.jpg,visual_scrambled,https://mmarcantoinee.github.io/survey-mit-spring-2026/images/renamed/visual_scrambled/33c4c6c0.jpg
scrambled_2017_giraffe_flickr_giraffe_0141_conf0.987465.jpg,3b4a7f88.jpg,visual_scrambled,https://mmarcantoinee.github.io/survey-mit-spring-2026/images/renamed/visual_scrambled/3b4a7f88.jpg
scrambled_2083_chinchilla_n02367492_10364_conf0.996471.JPEG,c45fafcf.JPEG,visual_scrambled,https://mmarcantoinee.github.io/survey-mit-spring-2026/images/renamed/visual_scrambled/c45fafcf.JPEG
scrambled_2083_chinchilla_n02368399_368_conf0.999997.JPEG,c9410fde.JPEG,visual_scrambled,https://mmarcantoinee.github.io/survey-mit-spring-2026/images/renamed/visual_scrambled/c9410fde.JPEG
scrambled_2089_sundial_bing_cadran_solaire_0028_conf0.999985.jpg,01a59f9e.jpg,visual_scrambled,https://mmarcantoinee.github.io/survey-mit-spring-2026/images/renamed/visual_scrambled/01a59f9e.jpg
scrambled_2089_sundial_bing_reloj_de_sol_0178_conf0.998922.jpg,7622fc42.jpg,visual_scrambled,https://mmarcantoinee.github.io/survey-mit-spring-2026/images/renamed/visual_scrambled/7622fc42.jpg
scrambled_2090_beaker_n02815834_731_conf0.999654.JPEG,7dcf04da.JPEG,visual_scrambled,https://mmarcantoinee.github.io/survey-mit-spring-2026/images/renamed/visual_scrambled/7dcf04da.JPEG
scrambled_2092_honeycomb_n03530642_17303_conf0.997390.JPEG,02ef28ba.JPEG,visual_scrambled,https://mmarcantoinee.github.io/survey-mit-spring-2026/images/renamed/visual_scrambled/02ef28ba.JPEG
scrambled_2097_fishnet_n03639077_12397_conf0.997801.JPEG,1b28981d.JPEG,visual_scrambled,https://mmarcantoinee.github.io/survey-mit-spring-2026/images/renamed/visual_scrambled/1b28981d.JPEG
scrambled_2097_fishnet_n03639077_2170_conf0.999471.JPEG,1f820736.JPEG,visual_scrambled,https://mmarcantoinee.github.io/survey-mit-spring-2026/images/renamed/visual_scrambled/1f820736.JPEG
scrambled_2097_fishnet_n03639077_5562_conf0.998772.JPEG,d78a2481.JPEG,visual_scrambled,https://mmarcantoinee.github.io/survey-mit-spring-2026/images/renamed/visual_scrambled/d78a2481.JPEG
scrambled_2098_odometer_n03841143_10431_conf0.999999.JPEG,62339627.JPEG,visual_scrambled,https://mmarcantoinee.github.io/survey-mit-spring-2026/images/renamed/visual_scrambled/62339627.JPEG
scrambled_2098_odometer_n03841143_1276_conf0.999905.JPEG,aee3b7f1.JPEG,visual_scrambled,https://mmarcantoinee.github.io/survey-mit-spring-2026/images/renamed/visual_scrambled/aee3b7f1.JPEG
scrambled_2098_odometer_n03841143_12946_conf0.997944.JPEG,8c60d579.JPEG,visual_scrambled,https://mmarcantoinee.github.io/survey-mit-spring-2026/images/renamed/visual_scrambled/8c60d579.JPEG
scrambled_2098_odometer_n03841143_5996_conf0.988889.JPEG,d4269c6d.JPEG,visual_scrambled,https://mmarcantoinee.github.io/survey-mit-spring-2026/images/renamed/visual_scrambled/d4269c6d.JPEG
scrambled_2109_chess_n03014440_11179_conf0.999996.JPEG,4f7d0f81.JPEG,visual_scrambled,https://mmarcantoinee.github.io/survey-mit-spring-2026/images/renamed/visual_scrambled/4f7d0f81.JPEG
scrambled_2109_chess_n03014440_12990_conf0.992099.JPEG,0347940e.JPEG,visual_scrambled,https://mmarcantoinee.github.io/survey-mit-spring-2026/images/renamed/visual_scrambled/0347940e.JPEG
scrambled_2109_chess_n03014440_9799_conf0.999994.JPEG,832995c3.JPEG,visual_scrambled,https://mmarcantoinee.github.io/survey-mit-spring-2026/images/renamed/visual_scrambled/832995c3.JPEG
scrambled_2109_chess_n03901750_10281_conf0.996365.JPEG,f0e06f7c.JPEG,visual_scrambled,https://mmarcantoinee.github.io/survey-mit-spring-2026/images/renamed/visual_scrambled/f0e06f7c.JPEG
scrambled_2109_chess_n03901750_12549_conf0.996881.JPEG,eaddafa6.JPEG,visual_scrambled,https://mmarcantoinee.github.io/survey-mit-spring-2026/images/renamed/visual_scrambled/eaddafa6.JPEG
scrambled_2109_chess_n03901750_4674_conf0.991047.JPEG,2182be48.JPEG,visual_scrambled,https://mmarcantoinee.github.io/survey-mit-spring-2026/images/renamed/visual_scrambled/2182be48.JPEG
scrambled_2109_chess_n04033287_28468_conf0.989734.JPEG,87c411c0.JPEG,visual_scrambled,https://mmarcantoinee.github.io/survey-mit-spring-2026/images/renamed/visual_scrambled/87c411c0.JPEG
scrambled_2112_photocopier_n03924679_2465_conf0.993997.JPEG,362ce70b.JPEG,visual_scrambled,https://mmarcantoinee.github.io/survey-mit-spring-2026/images/renamed/visual_scrambled/362ce70b.JPEG
scrambled_2112_photocopier_n03924679_7748_conf0.999782.JPEG,1c537f27.JPEG,visual_scrambled,https://mmarcantoinee.github.io/survey-mit-spring-2026/images/renamed/visual_scrambled/1c537f27.JPEG
scrambled_2112_photocopier_n03927299_1613_conf0.989200.JPEG,5c35aa46.JPEG,visual_scrambled,https://mmarcantoinee.github.io/survey-mit-spring-2026/images/renamed/visual_scrambled/5c35aa46.JPEG
scrambled_2112_photocopier_n03927299_3821_conf0.998266.JPEG,5d8b58ed.JPEG,visual_scrambled,https://mmarcantoinee.github.io/survey-mit-spring-2026/images/renamed/visual_scrambled/5d8b58ed.JPEG
scrambled_2137_chair_n03632729_4317_conf1.000000.JPEG,ae22077f.JPEG,visual_scrambled,https://mmarcantoinee.github.io/survey-mit-spring-2026/images/renamed/visual_scrambled/ae22077f.JPEG
scrambled_2159_reef_n09214916_1724_conf0.999885.JPEG,06a6d248.JPEG,visual_scrambled,https://mmarcantoinee.github.io/survey-mit-spring-2026/images/renamed/visual_scrambled/06a6d248.JPEG
scrambled_2159_reef_n09406793_39739_conf0.996815.JPEG,6446ecdc.JPEG,visual_scrambled,https://mmarcantoinee.github.io/survey-mit-spring-2026/images/renamed/visual_scrambled/6446ecdc.JPEG
scrambled_2186_cheetah_bing_gepard_0106_conf0.998941.jpg,a73ce7ed.jpg,visual_scrambled,https://mmarcantoinee.github.io/survey-mit-spring-2026/images/renamed/visual_scrambled/a73ce7ed.jpg
scrambled_2186_cheetah_bing_gepard_0670_conf0.999667.jpg,dab30912.jpg,visual_scrambled,https://mmarcantoinee.github.io/survey-mit-spring-2026/images/renamed/visual_scrambled/dab30912.jpg
scrambled_2186_cheetah_bing_guepard_0173_conf0.995084.jpg,055b5f97.jpg,visual_scrambled,https://mmarcantoinee.github.io/survey-mit-spring-2026/images/renamed/visual_scrambled/055b5f97.jpg
scrambled_2186_cheetah_n02130308_5163_conf0.992305.JPEG,5144c43c.JPEG,visual_scrambled,https://mmarcantoinee.github.io/survey-mit-spring-2026/images/renamed/visual_scrambled/5144c43c.JPEG
scrambled_2186_cheetah_n02130308_868_conf0.991873.JPEG,e4cb3b51.JPEG,visual_scrambled,https://mmarcantoinee.github.io/survey-mit-spring-2026/images/renamed/visual_scrambled/e4cb3b51.JPEG
scrambled_2187_salsa_n07823460_2152_conf0.987132.JPEG,d04bb34e.JPEG,visual_scrambled,https://mmarcantoinee.github.io/survey-mit-spring-2026/images/renamed/visual_scrambled/d04bb34e.JPEG
scrambled_2198_auditorium_n02750070_13729_conf0.999999.JPEG,39ab07dc.JPEG,visual_scrambled,https://mmarcantoinee.github.io/survey-mit-spring-2026/images/renamed/visual_scrambled/39ab07dc.JPEG
scrambled_2198_auditorium_n02750070_4860_conf0.982027.JPEG,4944cd66.JPEG,visual_scrambled,https://mmarcantoinee.github.io/survey-mit-spring-2026/images/renamed/visual_scrambled/4944cd66.JPEG
scrambled_2198_auditorium_n02750070_6955_conf0.999520.JPEG,d4847240.JPEG,visual_scrambled,https://mmarcantoinee.github.io/survey-mit-spring-2026/images/renamed/visual_scrambled/d4847240.JPEG
scrambled_2198_auditorium_n02750070_9555_conf0.998075.JPEG,13298621.JPEG,visual_scrambled,https://mmarcantoinee.github.io/survey-mit-spring-2026/images/renamed/visual_scrambled/13298621.JPEG
scrambled_2198_auditorium_n02758134_12218_conf0.988821.JPEG,7221c137.JPEG,visual_scrambled,https://mmarcantoinee.github.io/survey-mit-spring-2026/images/renamed/visual_scrambled/7221c137.JPEG
scrambled_2198_auditorium_n02758134_14029_conf0.987668.JPEG,ebc32ba5.JPEG,visual_scrambled,https://mmarcantoinee.github.io/survey-mit-spring-2026/images/renamed/visual_scrambled/ebc32ba5.JPEG
scrambled_2198_auditorium_n02758134_8778_conf0.999883.JPEG,8ad793bc.JPEG,visual_scrambled,https://mmarcantoinee.github.io/survey-mit-spring-2026/images/renamed/visual_scrambled/8ad793bc.JPEG
scrambled_2200_extinguisher_n03345837_4703_conf0.999882.JPEG,35a5854e.JPEG,visual_scrambled,https://mmarcantoinee.github.io/survey-mit-spring-2026/images/renamed/visual_scrambled/35a5854e.JPEG
scrambled_2206_chestnut_n04972350_10103_conf0.999898.JPEG,6f3d54cc.JPEG,visual_scrambled,https://mmarcantoinee.github.io/survey-mit-spring-2026/images/renamed/visual_scrambled/6f3d54cc.JPEG
scrambled_2206_chestnut_n04972350_10185_conf0.999791.JPEG,a8c1f2bf.JPEG,visual_scrambled,https://mmarcantoinee.github.io/survey-mit-spring-2026/images/renamed/visual_scrambled/a8c1f2bf.JPEG
scrambled_2206_chestnut_n04972350_11910_conf0.988744.JPEG,b26fe40f.JPEG,visual_scrambled,https://mmarcantoinee.github.io/survey-mit-spring-2026/images/renamed/visual_scrambled/b26fe40f.JPEG
scrambled_2206_chestnut_n04972350_18644_conf0.999984.JPEG,9bbca705.JPEG,visual_scrambled,https://mmarcantoinee.github.io/survey-mit-spring-2026/images/renamed/visual_scrambled/9bbca705.JPEG
scrambled_2206_chestnut_n04972350_24848_conf0.998587.JPEG,6b80e556.JPEG,visual_scrambled,https://mmarcantoinee.github.io/survey-mit-spring-2026/images/renamed/visual_scrambled/6b80e556.JPEG
scrambled_2206_chestnut_n12768682_16130_conf0.982031.JPEG,a38c3371.JPEG,visual_scrambled,https://mmarcantoinee.github.io/survey-mit-spring-2026/images/renamed/visual_scrambled/a38c3371.JPEG
scrambled_2206_chestnut_n12768682_18221_conf0.999987.JPEG,f910e227.JPEG,visual_scrambled,https://mmarcantoinee.github.io/survey-mit-spring-2026/images/renamed/visual_scrambled/f910e227.JPEG
scrambled_2206_chestnut_n12768682_35053_conf0.995683.JPEG,fdd83ce5.JPEG,visual_scrambled,https://mmarcantoinee.github.io/survey-mit-spring-2026/images/renamed/visual_scrambled/fdd83ce5.JPEG
scrambled_2212_manhole_n03717447_327_conf0.983002.JPEG,4e8f5e3d.JPEG,visual_scrambled,https://mmarcantoinee.github.io/survey-mit-spring-2026/images/renamed/visual_scrambled/4e8f5e3d.JPEG
scrambled_2212_manhole_n03717622_9438_conf1.000000.JPEG,130514b0.JPEG,visual_scrambled,https://mmarcantoinee.github.io/survey-mit-spring-2026/images/renamed/visual_scrambled/130514b0.JPEG
scrambled_2232_gooseberry_n12806015_11884_conf0.986266.JPEG,c802ec1d.JPEG,visual_scrambled,https://mmarcantoinee.github.io/survey-mit-spring-2026/images/renamed/visual_scrambled/c802ec1d.JPEG
scrambled_2242_salamander_n01629819_1348_conf0.999947.JPEG,07e7f62b.JPEG,visual_scrambled,https://mmarcantoinee.github.io/survey-mit-spring-2026/images/renamed/visual_scrambled/07e7f62b.JPEG
scrambled_2242_salamander_n01629962_2723_conf0.999987.JPEG,8c782826.JPEG,visual_scrambled,https://mmarcantoinee.github.io/survey-mit-spring-2026/images/renamed/visual_scrambled/8c782826.JPEG
scrambled_2242_salamander_n01632601_910_conf0.999660.JPEG,76e20430.JPEG,visual_scrambled,https://mmarcantoinee.github.io/survey-mit-spring-2026/images/renamed/visual_scrambled/76e20430.JPEG
scrambled_2245_spearmint_n12856091_16490_conf0.997341.JPEG,7b552ba0.JPEG,visual_scrambled,https://mmarcantoinee.github.io/survey-mit-spring-2026/images/renamed/visual_scrambled/7b552ba0.JPEG
scrambled_2245_spearmint_n12856287_5029_conf0.996977.JPEG,40958173.JPEG,visual_scrambled,https://mmarcantoinee.github.io/survey-mit-spring-2026/images/renamed/visual_scrambled/40958173.JPEG
scrambled_2293_nutmeg_bing_nutmeg_0043_conf0.999989.jpg,8c260e42.jpg,visual_scrambled,https://mmarcantoinee.github.io/survey-mit-spring-2026/images/renamed/visual_scrambled/8c260e42.jpg
scrambled_2338_bolt_n02865665_12715_conf0.999469.JPEG,37d722ce.JPEG,visual_scrambled,https://mmarcantoinee.github.io/survey-mit-spring-2026/images/renamed/visual_scrambled/37d722ce.JPEG
scrambled_2338_bolt_n03304465_3791_conf0.995443.JPEG,ba3b971b.JPEG,visual_scrambled,https://mmarcantoinee.github.io/survey-mit-spring-2026/images/renamed/visual_scrambled/ba3b971b.JPEG
scrambled_2338_bolt_n04330669_3346_conf0.999990.JPEG,16137142.JPEG,visual_scrambled,https://mmarcantoinee.github.io/survey-mit-spring-2026/images/renamed/visual_scrambled/16137142.JPEG
scrambled_2364_robot_n02710201_23049_conf0.999992.JPEG,1cbd5d0b.JPEG,visual_scrambled,https://mmarcantoinee.github.io/survey-mit-spring-2026/images/renamed/visual_scrambled/1cbd5d0b.JPEG
scrambled_2364_robot_n02710201_24452_conf0.996997.JPEG,7b0a5db8.JPEG,visual_scrambled,https://mmarcantoinee.github.io/survey-mit-spring-2026/images/renamed/visual_scrambled/7b0a5db8.JPEG
scrambled_2364_robot_n02710201_6330_conf0.990025.JPEG,153e8a2d.JPEG,visual_scrambled,https://mmarcantoinee.github.io/survey-mit-spring-2026/images/renamed/visual_scrambled/153e8a2d.JPEG
scrambled_2364_robot_n02761392_14478_conf0.999859.JPEG,375c5e28.JPEG,visual_scrambled,https://mmarcantoinee.github.io/survey-mit-spring-2026/images/renamed/visual_scrambled/375c5e28.JPEG
scrambled_2364_robot_n02761392_16977_conf0.999752.JPEG,a11e073a.JPEG,visual_scrambled,https://mmarcantoinee.github.io/survey-mit-spring-2026/images/renamed/visual_scrambled/a11e073a.JPEG
scrambled_2364_robot_n02761392_26895_conf0.992558.JPEG,7e5714c9.JPEG,visual_scrambled,https://mmarcantoinee.github.io/survey-mit-spring-2026/images/renamed/visual_scrambled/7e5714c9.JPEG
scrambled_2377_shield_n04192698_3002_conf0.993299.JPEG,538b291b.JPEG,visual_scrambled,https://mmarcantoinee.github.io/survey-mit-spring-2026/images/renamed/visual_scrambled/538b291b.JPEG
scrambled_2377_shield_n04192698_5363_conf0.999231.JPEG,6c1a84c7.JPEG,visual_scrambled,https://mmarcantoinee.github.io/survey-mit-spring-2026/images/renamed/visual_scrambled/6c1a84c7.JPEG
scrambled_2377_shield_n04192858_6102_conf0.985789.JPEG,4e1de9f6.JPEG,visual_scrambled,https://mmarcantoinee.github.io/survey-mit-spring-2026/images/renamed/visual_scrambled/4e1de9f6.JPEG
scrambled_2377_shield_n04192858_6713_conf0.990368.JPEG,b117fa90.JPEG,visual_scrambled,https://mmarcantoinee.github.io/survey-mit-spring-2026/images/renamed/visual_scrambled/b117fa90.JPEG
scrambled_2381_chameleon_n01694178_3857_conf0.996505.JPEG,cee2937c.JPEG,visual_scrambled,https://mmarcantoinee.github.io/survey-mit-spring-2026/images/renamed/visual_scrambled/cee2937c.JPEG
scrambled_2381_chameleon_n09906449_1649_conf0.998683.JPEG,89e754ba.JPEG,visual_scrambled,https://mmarcantoinee.github.io/survey-mit-spring-2026/images/renamed/visual_scrambled/89e754ba.JPEG
scrambled_2396_bison_n02410509_4128_conf0.985163.JPEG,cf174f43.JPEG,visual_scrambled,https://mmarcantoinee.github.io/survey-mit-spring-2026/images/renamed/visual_scrambled/cf174f43.JPEG
scrambled_2396_bison_n02410509_526_conf0.999965.JPEG,fda4bdc7.JPEG,visual_scrambled,https://mmarcantoinee.github.io/survey-mit-spring-2026/images/renamed/visual_scrambled/fda4bdc7.JPEG
scrambled_2396_bison_n02410509_834_conf0.999761.JPEG,1410466e.JPEG,visual_scrambled,https://mmarcantoinee.github.io/survey-mit-spring-2026/images/renamed/visual_scrambled/1410466e.JPEG
scrambled_2396_bison_n02410702_18015_conf0.999828.JPEG,099af887.JPEG,visual_scrambled,https://mmarcantoinee.github.io/survey-mit-spring-2026/images/renamed/visual_scrambled/099af887.JPEG
scrambled_2400_geyser_bing_geiser_0061_conf0.999933.jpg,498761d7.jpg,visual_scrambled,https://mmarcantoinee.github.io/survey-mit-spring-2026/images/renamed/visual_scrambled/498761d7.jpg
scrambled_2400_geyser_bing_geiser_1535_conf0.992144.jpg,b976b3b0.jpg,visual_scrambled,https://mmarcantoinee.github.io/survey-mit-spring-2026/images/renamed/visual_scrambled/b976b3b0.jpg
scrambled_2400_geyser_bing_geyser_0068_conf0.999962.jpg,66c53e8a.jpg,visual_scrambled,https://mmarcantoinee.github.io/survey-mit-spring-2026/images/renamed/visual_scrambled/66c53e8a.jpg
scrambled_2400_geyser_bing_geyser_0078_conf0.999990.jpg,779111f1.jpg,visual_scrambled,https://mmarcantoinee.github.io/survey-mit-spring-2026/images/renamed/visual_scrambled/779111f1.jpg
scrambled_2400_geyser_bing_geyser_0143_conf0.999976.jpg,41940b1a.jpg,visual_scrambled,https://mmarcantoinee.github.io/survey-mit-spring-2026/images/renamed/visual_scrambled/41940b1a.jpg
scrambled_2400_geyser_bing_geyser_0243_conf0.999864.jpg,54091eb4.jpg,visual_scrambled,https://mmarcantoinee.github.io/survey-mit-spring-2026/images/renamed/visual_scrambled/54091eb4.jpg
scrambled_2400_geyser_n09288635_4276_conf0.995603.JPEG,78429de4.JPEG,visual_scrambled,https://mmarcantoinee.github.io/survey-mit-spring-2026/images/renamed/visual_scrambled/78429de4.JPEG
scrambled_2400_geyser_n09288635_7030_conf0.999857.JPEG,66123952.JPEG,visual_scrambled,https://mmarcantoinee.github.io/survey-mit-spring-2026/images/renamed/visual_scrambled/66123952.JPEG
scrambled_2440_raccoon_n02508021_11012_conf1.000000.JPEG,15f77831.JPEG,visual_scrambled,https://mmarcantoinee.github.io/survey-mit-spring-2026/images/renamed/visual_scrambled/15f77831.JPEG
scrambled_2440_raccoon_n02508021_15820_conf0.995511.JPEG,3d960a70.JPEG,visual_scrambled,https://mmarcantoinee.github.io/survey-mit-spring-2026/images/renamed/visual_scrambled/3d960a70.JPEG
scrambled_2440_raccoon_n02508021_16774_conf0.999991.JPEG,e070e45b.JPEG,visual_scrambled,https://mmarcantoinee.github.io/survey-mit-spring-2026/images/renamed/visual_scrambled/e070e45b.JPEG
scrambled_2440_raccoon_n02508021_2849_conf1.000000.JPEG,13275204.JPEG,visual_scrambled,https://mmarcantoinee.github.io/survey-mit-spring-2026/images/renamed/visual_scrambled/13275204.JPEG
scrambled_2440_raccoon_n02508213_1606_conf0.999997.JPEG,afe123f0.JPEG,visual_scrambled,https://mmarcantoinee.github.io/survey-mit-spring-2026/images/renamed/visual_scrambled/afe123f0.JPEG
scrambled_2444_coleslaw_bing_coleslaw_1240_conf0.988420.jpg,5645ff8b.jpg,visual_scrambled,https://mmarcantoinee.github.io/survey-mit-spring-2026/images/renamed/visual_scrambled/5645ff8b.jpg
scrambled_2444_coleslaw_n07808587_13756_conf0.999841.JPEG,53021f06.JPEG,visual_scrambled,https://mmarcantoinee.github.io/survey-mit-spring-2026/images/renamed/visual_scrambled/53021f06.JPEG
scrambled_2444_coleslaw_n07808587_3162_conf0.999604.JPEG,894374c2.JPEG,visual_scrambled,https://mmarcantoinee.github.io/survey-mit-spring-2026/images/renamed/visual_scrambled/894374c2.JPEG
scrambled_2450_thermos_n04422727_9796_conf0.994713.JPEG,47de124b.JPEG,visual_scrambled,https://mmarcantoinee.github.io/survey-mit-spring-2026/images/renamed/visual_scrambled/47de124b.JPEG
scrambled_2460_macadamia_n07774596_11401_conf0.994087.JPEG,3e6c528b.JPEG,visual_scrambled,https://mmarcantoinee.github.io/survey-mit-spring-2026/images/renamed/visual_scrambled/3e6c528b.JPEG
scrambled_2460_macadamia_n07774596_1367_conf0.998711.JPEG,64500b1d.JPEG,visual_scrambled,https://mmarcantoinee.github.io/survey-mit-spring-2026/images/renamed/visual_scrambled/64500b1d.JPEG
scrambled_2505_ruler_n04611916_5916_conf0.997442.JPEG,1532b1ff.JPEG,visual_scrambled,https://mmarcantoinee.github.io/survey-mit-spring-2026/images/renamed/visual_scrambled/1532b1ff.JPEG
scrambled_2527_helicopter_flickr_helicopter_0007_conf0.999635.jpg,2a9a993f.jpg,visual_scrambled,https://mmarcantoinee.github.io/survey-mit-spring-2026/images/renamed/visual_scrambled/2a9a993f.jpg
scrambled_2527_helicopter_flickr_helicopter_0016_conf0.998493.jpg,1e4054f1.jpg,visual_scrambled,https://mmarcantoinee.github.io/survey-mit-spring-2026/images/renamed/visual_scrambled/1e4054f1.jpg
scrambled_2527_helicopter_flickr_helicopter_0037_conf0.996418.jpg,f11e48ea.jpg,visual_scrambled,https://mmarcantoinee.github.io/survey-mit-spring-2026/images/renamed/visual_scrambled/f11e48ea.jpg
scrambled_2527_helicopter_flickr_helicopter_0436_conf0.999966.jpg,15c07893.jpg,visual_scrambled,https://mmarcantoinee.github.io/survey-mit-spring-2026/images/renamed/visual_scrambled/15c07893.jpg
scrambled_2527_helicopter_n02965122_1568_conf0.999999.JPEG,12a57af5.JPEG,visual_scrambled,https://mmarcantoinee.github.io/survey-mit-spring-2026/images/renamed/visual_scrambled/12a57af5.JPEG
scrambled_2527_helicopter_n02965122_2682_conf0.997645.JPEG,edae685a.JPEG,visual_scrambled,https://mmarcantoinee.github.io/survey-mit-spring-2026/images/renamed/visual_scrambled/edae685a.JPEG
scrambled_2527_helicopter_n02965122_5146_conf0.995630.JPEG,6b9a84ca.JPEG,visual_scrambled,https://mmarcantoinee.github.io/survey-mit-spring-2026/images/renamed/visual_scrambled/6b9a84ca.JPEG
scrambled_2527_helicopter_n03512147_1069_conf0.995905.JPEG,f0d2a8d0.JPEG,visual_scrambled,https://mmarcantoinee.github.io/survey-mit-spring-2026/images/renamed/visual_scrambled/f0d2a8d0.JPEG
scrambled_2527_helicopter_n03512147_6289_conf0.999997.JPEG,5c12afd0.JPEG,visual_scrambled,https://mmarcantoinee.github.io/survey-mit-spring-2026/images/renamed/visual_scrambled/5c12afd0.JPEG
scrambled_2527_helicopter_n03512147_8068_conf0.999105.JPEG,7394cc89.JPEG,visual_scrambled,https://mmarcantoinee.github.io/survey-mit-spring-2026/images/renamed/visual_scrambled/7394cc89.JPEG
scrambled_2555_manatee_bing_manatee_0048_conf0.996017.jpg,b0743d49.jpg,visual_scrambled,https://mmarcantoinee.github.io/survey-mit-spring-2026/images/renamed/visual_scrambled/b0743d49.jpg
scrambled_2555_manatee_n02073831_2217_conf0.991800.JPEG,55b966d2.JPEG,visual_scrambled,https://mmarcantoinee.github.io/survey-mit-spring-2026/images/renamed/visual_scrambled/55b966d2.JPEG
scrambled_2556_pinwheel_n03944138_1841_conf0.999974.JPEG,96b580d3.JPEG,visual_scrambled,https://mmarcantoinee.github.io/survey-mit-spring-2026/images/renamed/visual_scrambled/96b580d3.JPEG
scrambled_2556_pinwheel_n03944138_7037_conf0.981631.JPEG,1e19faf4.JPEG,visual_scrambled,https://mmarcantoinee.github.io/survey-mit-spring-2026/images/renamed/visual_scrambled/1e19faf4.JPEG
scrambled_2556_pinwheel_n03944341_5517_conf0.985380.JPEG,9c7f6a8d.JPEG,visual_scrambled,https://mmarcantoinee.github.io/survey-mit-spring-2026/images/renamed/visual_scrambled/9c7f6a8d.JPEG
scrambled_2569_cherry_n07746334_4451_conf0.992756.JPEG,f2b0d882.JPEG,visual_scrambled,https://mmarcantoinee.github.io/survey-mit-spring-2026/images/renamed/visual_scrambled/f2b0d882.JPEG
scrambled_2569_cherry_n07746334_4662_conf0.998643.JPEG,ee0920fc.JPEG,visual_scrambled,https://mmarcantoinee.github.io/survey-mit-spring-2026/images/renamed/visual_scrambled/ee0920fc.JPEG
scrambled_2569_cherry_n07757511_3614_conf0.997957.JPEG,8cbec8d3.JPEG,visual_scrambled,https://mmarcantoinee.github.io/survey-mit-spring-2026/images/renamed/visual_scrambled/8cbec8d3.JPEG
scrambled_2569_cherry_n07757511_6345_conf0.999996.JPEG,d017f132.JPEG,visual_scrambled,https://mmarcantoinee.github.io/survey-mit-spring-2026/images/renamed/visual_scrambled/d017f132.JPEG
scrambled_2569_cherry_n12331655_2322_conf0.985310.JPEG,4fc9d2ed.JPEG,visual_scrambled,https://mmarcantoinee.github.io/survey-mit-spring-2026/images/renamed/visual_scrambled/4fc9d2ed.JPEG
scrambled_2569_cherry_n12642200_12083_conf0.999522.JPEG,ab88c901.JPEG,visual_scrambled,https://mmarcantoinee.github.io/survey-mit-spring-2026/images/renamed/visual_scrambled/ab88c901.JPEG
scrambled_2569_cherry_n12642200_20711_conf0.997444.JPEG,6fa526c6.JPEG,visual_scrambled,https://mmarcantoinee.github.io/survey-mit-spring-2026/images/renamed/visual_scrambled/6fa526c6.JPEG
scrambled_2585_pickle_n07825194_1112_conf0.993866.JPEG,e910b797.JPEG,visual_scrambled,https://mmarcantoinee.github.io/survey-mit-spring-2026/images/renamed/visual_scrambled/e910b797.JPEG
scrambled_2585_pickle_n07825194_2195_conf0.992811.JPEG,bef90734.JPEG,visual_scrambled,https://mmarcantoinee.github.io/survey-mit-spring-2026/images/renamed/visual_scrambled/bef90734.JPEG
scrambled_2585_pickle_n07825399_837_conf0.999101.JPEG,1d5acfaf.JPEG,visual_scrambled,https://mmarcantoinee.github.io/survey-mit-spring-2026/images/renamed/visual_scrambled/1d5acfaf.JPEG
scrambled_2644_guillotine_n03467068_7120_conf0.999777.JPEG,288c452d.JPEG,visual_scrambled,https://mmarcantoinee.github.io/survey-mit-spring-2026/images/renamed/visual_scrambled/288c452d.JPEG
scrambled_2651_tapioca_n12926689_6438_conf0.999989.JPEG,14ad3c50.JPEG,visual_scrambled,https://mmarcantoinee.github.io/survey-mit-spring-2026/images/renamed/visual_scrambled/14ad3c50.JPEG
scrambled_2659_coffeepot_n03063689_705_conf0.999813.JPEG,b0d9bc1a.JPEG,visual_scrambled,https://mmarcantoinee.github.io/survey-mit-spring-2026/images/renamed/visual_scrambled/b0d9bc1a.JPEG
scrambled_2664_sharpener_n03908714_6542_conf0.999136.JPEG,ba790cd8.JPEG,visual_scrambled,https://mmarcantoinee.github.io/survey-mit-spring-2026/images/renamed/visual_scrambled/ba790cd8.JPEG
scrambled_2664_sharpener_n04185071_2844_conf0.999983.JPEG,492ef471.JPEG,visual_scrambled,https://mmarcantoinee.github.io/survey-mit-spring-2026/images/renamed/visual_scrambled/492ef471.JPEG
scrambled_2671_baguette_n07687381_7401_conf0.997451.JPEG,94f3d3da.JPEG,visual_scrambled,https://mmarcantoinee.github.io/survey-mit-spring-2026/images/renamed/visual_scrambled/94f3d3da.JPEG
scrambled_2673_gearshift_n03432129_12489_conf0.999982.JPEG,f005ba56.JPEG,visual_scrambled,https://mmarcantoinee.github.io/survey-mit-spring-2026/images/renamed/visual_scrambled/f005ba56.JPEG
scrambled_2673_gearshift_n03432129_16544_conf0.999930.JPEG,8e4d29fa.JPEG,visual_scrambled,https://mmarcantoinee.github.io/survey-mit-spring-2026/images/renamed/visual_scrambled/8e4d29fa.JPEG
scrambled_2673_gearshift_n03432129_7767_conf0.989249.JPEG,ccc1bda6.JPEG,visual_scrambled,https://mmarcantoinee.github.io/survey-mit-spring-2026/images/renamed/visual_scrambled/ccc1bda6.JPEG
scrambled_2698_pier_n03934042_16013_conf0.990736.JPEG,ef6801a9.JPEG,visual_scrambled,https://mmarcantoinee.github.io/survey-mit-spring-2026/images/renamed/visual_scrambled/ef6801a9.JPEG
scrambled_2698_pier_n03934042_17976_conf0.999935.JPEG,f75e2922.JPEG,visual_scrambled,https://mmarcantoinee.github.io/survey-mit-spring-2026/images/renamed/visual_scrambled/f75e2922.JPEG
scrambled_2720_artichoke_n07718747_1226_conf0.987828.JPEG,003dfb3f.JPEG,visual_scrambled,https://mmarcantoinee.github.io/survey-mit-spring-2026/images/renamed/visual_scrambled/003dfb3f.JPEG
scrambled_2720_artichoke_n11959632_12977_conf0.998303.JPEG,aa7eca3a.JPEG,visual_scrambled,https://mmarcantoinee.github.io/survey-mit-spring-2026/images/renamed/visual_scrambled/aa7eca3a.JPEG
scrambled_2720_artichoke_n11959632_9790_conf0.999770.JPEG,0784f3dd.JPEG,visual_scrambled,https://mmarcantoinee.github.io/survey-mit-spring-2026/images/renamed/visual_scrambled/0784f3dd.JPEG
scrambled_2742_oscilloscope_bing_oscilloscope_0934_conf0.999999.jpg,cb60bc08.jpg,visual_scrambled,https://mmarcantoinee.github.io/survey-mit-spring-2026/images/renamed/visual_scrambled/cb60bc08.jpg
scrambled_2742_oscilloscope_n03857828_14229_conf0.996363.JPEG,5627b926.JPEG,visual_scrambled,https://mmarcantoinee.github.io/survey-mit-spring-2026/images/renamed/visual_scrambled/5627b926.JPEG
scrambled_2742_oscilloscope_n03857828_2751_conf0.999998.JPEG,c6d730a6.JPEG,visual_scrambled,https://mmarcantoinee.github.io/survey-mit-spring-2026/images/renamed/visual_scrambled/c6d730a6.JPEG
scrambled_2742_oscilloscope_n03857828_39529_conf0.999997.JPEG,df0a944f.JPEG,visual_scrambled,https://mmarcantoinee.github.io/survey-mit-spring-2026/images/renamed/visual_scrambled/df0a944f.JPEG
scrambled_2742_oscilloscope_n03857828_52747_conf0.999998.JPEG,c374b42e.JPEG,visual_scrambled,https://mmarcantoinee.github.io/survey-mit-spring-2026/images/renamed/visual_scrambled/c374b42e.JPEG
scrambled_2742_oscilloscope_n03857828_7920_conf0.999983.JPEG,d975763f.JPEG,visual_scrambled,https://mmarcantoinee.github.io/survey-mit-spring-2026/images/renamed/visual_scrambled/d975763f.JPEG
scrambled_2758_cube_n13916721_12542_conf1.000000.JPEG,cf55e97b.JPEG,visual_scrambled,https://mmarcantoinee.github.io/survey-mit-spring-2026/images/renamed/visual_scrambled/cf55e97b.JPEG
scrambled_2758_cube_n13916721_6240_conf1.000000.JPEG,31cf7666.JPEG,visual_scrambled,https://mmarcantoinee.github.io/survey-mit-spring-2026/images/renamed/visual_scrambled/31cf7666.JPEG
scrambled_2758_cube_n13916721_7176_conf0.999995.JPEG,72bcbcc3.JPEG,visual_scrambled,https://mmarcantoinee.github.io/survey-mit-spring-2026/images/renamed/visual_scrambled/72bcbcc3.JPEG
scrambled_2777_stapler_bing_stapler_0021_conf0.999673.jpg,2cc70e3a.jpg,visual_scrambled,https://mmarcantoinee.github.io/survey-mit-spring-2026/images/renamed/visual_scrambled/2cc70e3a.jpg
scrambled_2777_stapler_n04303497_1964_conf0.999691.JPEG,f4182509.JPEG,visual_scrambled,https://mmarcantoinee.github.io/survey-mit-spring-2026/images/renamed/visual_scrambled/f4182509.JPEG
scrambled_2783_bubble_n02909053_1631_conf0.986733.JPEG,82c554f1.JPEG,visual_scrambled,https://mmarcantoinee.github.io/survey-mit-spring-2026/images/renamed/visual_scrambled/82c554f1.JPEG
scrambled_2783_bubble_n07600285_5113_conf0.999197.JPEG,17ab0eee.JPEG,visual_scrambled,https://mmarcantoinee.github.io/survey-mit-spring-2026/images/renamed/visual_scrambled/17ab0eee.JPEG
scrambled_2783_bubble_n07600285_9359_conf0.988493.JPEG,9a8d40f6.JPEG,visual_scrambled,https://mmarcantoinee.github.io/survey-mit-spring-2026/images/renamed/visual_scrambled/9a8d40f6.JPEG
scrambled_2783_bubble_n09229709_36837_conf0.997478.JPEG,3cde601b.JPEG,visual_scrambled,https://mmarcantoinee.github.io/survey-mit-spring-2026/images/renamed/visual_scrambled/3cde601b.JPEG
scrambled_2783_bubble_n09229709_40812_conf0.999425.JPEG,10b95c17.JPEG,visual_scrambled,https://mmarcantoinee.github.io/survey-mit-spring-2026/images/renamed/visual_scrambled/10b95c17.JPEG
scrambled_2783_bubble_n09229709_54865_conf0.999948.JPEG,a11344e4.JPEG,visual_scrambled,https://mmarcantoinee.github.io/survey-mit-spring-2026/images/renamed/visual_scrambled/a11344e4.JPEG
scrambled_2783_bubble_n09229709_61804_conf0.999523.JPEG,8bc78fc7.JPEG,visual_scrambled,https://mmarcantoinee.github.io/survey-mit-spring-2026/images/renamed/visual_scrambled/8bc78fc7.JPEG
scrambled_2783_bubble_n09229709_6754_conf1.000000.JPEG,2f1fb5c2.JPEG,visual_scrambled,https://mmarcantoinee.github.io/survey-mit-spring-2026/images/renamed/visual_scrambled/2f1fb5c2.JPEG
scrambled_2789_ukulele_bing_ukulele_0114_conf0.998018.jpg,a53c7d30.jpg,visual_scrambled,https://mmarcantoinee.github.io/survey-mit-spring-2026/images/renamed/visual_scrambled/a53c7d30.jpg
scrambled_2789_ukulele_bing_ukulele_0250_conf0.992427.jpg,3774ab42.jpg,visual_scrambled,https://mmarcantoinee.github.io/survey-mit-spring-2026/images/renamed/visual_scrambled/3774ab42.jpg
scrambled_2789_ukulele_n04506289_6460_conf0.985457.JPEG,f4091287.JPEG,visual_scrambled,https://mmarcantoinee.github.io/survey-mit-spring-2026/images/renamed/visual_scrambled/f4091287.JPEG
scrambled_2796_tyrannosaurus_n01713764_10416_conf0.999990.JPEG,247bbf55.JPEG,visual_scrambled,https://mmarcantoinee.github.io/survey-mit-spring-2026/images/renamed/visual_scrambled/247bbf55.JPEG
scrambled_2796_tyrannosaurus_n01713764_1234_conf1.000000.JPEG,39f6b13d.JPEG,visual_scrambled,https://mmarcantoinee.github.io/survey-mit-spring-2026/images/renamed/visual_scrambled/39f6b13d.JPEG
scrambled_2796_tyrannosaurus_n01713764_14148_conf0.999704.JPEG,577e443f.JPEG,visual_scrambled,https://mmarcantoinee.github.io/survey-mit-spring-2026/images/renamed/visual_scrambled/577e443f.JPEG
scrambled_2796_tyrannosaurus_n01713764_14204_conf0.999201.JPEG,93d4c444.JPEG,visual_scrambled,https://mmarcantoinee.github.io/survey-mit-spring-2026/images/renamed/visual_scrambled/93d4c444.JPEG
scrambled_2796_tyrannosaurus_n01713764_16749_conf0.998910.JPEG,9d8861a6.JPEG,visual_scrambled,https://mmarcantoinee.github.io/survey-mit-spring-2026/images/renamed/visual_scrambled/9d8861a6.JPEG
scrambled_2796_tyrannosaurus_n01713764_4041_conf0.999995.JPEG,4f0f30fa.JPEG,visual_scrambled,https://mmarcantoinee.github.io/survey-mit-spring-2026/images/renamed/visual_scrambled/4f0f30fa.JPEG
scrambled_2796_tyrannosaurus_n01713764_5125_conf0.998509.JPEG,d2bd5f0c.JPEG,visual_scrambled,https://mmarcantoinee.github.io/survey-mit-spring-2026/images/renamed/visual_scrambled/d2bd5f0c.JPEG
scrambled_2796_tyrannosaurus_n01713764_7120_conf0.995601.JPEG,2d74ab02.JPEG,visual_scrambled,https://mmarcantoinee.github.io/survey-mit-spring-2026/images/renamed/visual_scrambled/2d74ab02.JPEG
scrambled_2796_tyrannosaurus_n01713764_9492_conf0.999997.JPEG,1c85fed5.JPEG,visual_scrambled,https://mmarcantoinee.github.io/survey-mit-spring-2026/images/renamed/visual_scrambled/1c85fed5.JPEG
scrambled_2829_winterberry_n12757303_757_conf0.999229.JPEG,19f95bf7.JPEG,visual_scrambled,https://mmarcantoinee.github.io/survey-mit-spring-2026/images/renamed/visual_scrambled/19f95bf7.JPEG
scrambled_2906_cassette_n02979399_10249_conf0.999990.JPEG,0e689c8c.JPEG,visual_scrambled,https://mmarcantoinee.github.io/survey-mit-spring-2026/images/renamed/visual_scrambled/0e689c8c.JPEG
scrambled_2906_cassette_n02979399_2929_conf1.000000.JPEG,5604151c.JPEG,visual_scrambled,https://mmarcantoinee.github.io/survey-mit-spring-2026/images/renamed/visual_scrambled/5604151c.JPEG
scrambled_2906_cassette_n02979399_9630_conf0.999980.JPEG,0dae1956.JPEG,visual_scrambled,https://mmarcantoinee.github.io/survey-mit-spring-2026/images/renamed/visual_scrambled/0dae1956.JPEG
scrambled_2916_meteorite_bing_meteorite_0088_conf0.999681.jpg,aecbf900.jpg,visual_scrambled,https://mmarcantoinee.github.io/survey-mit-spring-2026/images/renamed/visual_scrambled/aecbf900.jpg
scrambled_2916_meteorite_n09384106_619_conf0.990167.JPEG,f407dfc8.JPEG,visual_scrambled,https://mmarcantoinee.github.io/survey-mit-spring-2026/images/renamed/visual_scrambled/f407dfc8.JPEG
scrambled_2972_rainbow_bing_arcoiris_0089_conf0.999316.jpg,7d6d3f34.jpg,visual_scrambled,https://mmarcantoinee.github.io/survey-mit-spring-2026/images/renamed/visual_scrambled/7d6d3f34.jpg
scrambled_2972_rainbow_bing_arcoiris_0149_conf0.999284.jpg,bb1bd78b.jpg,visual_scrambled,https://mmarcantoinee.github.io/survey-mit-spring-2026/images/renamed/visual_scrambled/bb1bd78b.jpg
scrambled_2972_rainbow_bing_arc_en_ciel_0332_conf1.000000.jpg,38758e3d.jpg,visual_scrambled,https://mmarcantoinee.github.io/survey-mit-spring-2026/images/renamed/visual_scrambled/38758e3d.jpg
scrambled_2972_rainbow_bing_arc_en_ciel_0381_conf1.000000.jpg,1ded7feb.jpg,visual_scrambled,https://mmarcantoinee.github.io/survey-mit-spring-2026/images/renamed/visual_scrambled/1ded7feb.jpg
scrambled_2972_rainbow_bing_regenbogen_0028_conf0.999892.jpg,5dde6ec7.jpg,visual_scrambled,https://mmarcantoinee.github.io/survey-mit-spring-2026/images/renamed/visual_scrambled/5dde6ec7.jpg
scrambled_2972_rainbow_bing_regenbogen_0957_conf0.999964.jpg,7c685116.jpg,visual_scrambled,https://mmarcantoinee.github.io/survey-mit-spring-2026/images/renamed/visual_scrambled/7c685116.jpg
scrambled_2972_rainbow_n09403427_1054_conf0.999999.JPEG,1251a736.JPEG,visual_scrambled,https://mmarcantoinee.github.io/survey-mit-spring-2026/images/renamed/visual_scrambled/1251a736.JPEG
scrambled_2972_rainbow_n09403427_12845_conf0.999994.JPEG,f157ae8b.JPEG,visual_scrambled,https://mmarcantoinee.github.io/survey-mit-spring-2026/images/renamed/visual_scrambled/f157ae8b.JPEG
scrambled_2972_rainbow_n09403427_13721_conf0.999988.JPEG,5ff23d85.JPEG,visual_scrambled,https://mmarcantoinee.github.io/survey-mit-spring-2026/images/renamed/visual_scrambled/5ff23d85.JPEG
scrambled_2972_rainbow_n09403427_1787_conf0.998775.JPEG,5daccd4a.JPEG,visual_scrambled,https://mmarcantoinee.github.io/survey-mit-spring-2026/images/renamed/visual_scrambled/5daccd4a.JPEG
scrambled_2972_rainbow_n09403427_19291_conf1.000000.JPEG,95ec758b.JPEG,visual_scrambled,https://mmarcantoinee.github.io/survey-mit-spring-2026/images/renamed/visual_scrambled/95ec758b.JPEG
scrambled_2972_rainbow_n09403427_19349_conf1.000000.JPEG,459da526.JPEG,visual_scrambled,https://mmarcantoinee.github.io/survey-mit-spring-2026/images/renamed/visual_scrambled/459da526.JPEG
scrambled_2972_rainbow_n09403427_22919_conf0.999996.JPEG,3967e2cb.JPEG,visual_scrambled,https://mmarcantoinee.github.io/survey-mit-spring-2026/images/renamed/visual_scrambled/3967e2cb.JPEG
scrambled_2972_rainbow_n09403427_3142_conf1.000000.JPEG,6c5dd5b5.JPEG,visual_scrambled,https://mmarcantoinee.github.io/survey-mit-spring-2026/images/renamed/visual_scrambled/6c5dd5b5.JPEG
scrambled_2972_rainbow_n09403427_3248_conf0.989985.JPEG,bc56b437.JPEG,visual_scrambled,https://mmarcantoinee.github.io/survey-mit-spring-2026/images/renamed/visual_scrambled/bc56b437.JPEG
scrambled_2972_rainbow_n09403427_3511_conf0.999997.JPEG,990c398b.JPEG,visual_scrambled,https://mmarcantoinee.github.io/survey-mit-spring-2026/images/renamed/visual_scrambled/990c398b.JPEG
scrambled_2972_rainbow_n09403427_847_conf0.999969.JPEG,cdd53d93.JPEG,visual_scrambled,https://mmarcantoinee.github.io/survey-mit-spring-2026/images/renamed/visual_scrambled/cdd53d93.JPEG
scrambled_2972_rainbow_n09403427_9950_conf1.000000.JPEG,c587043d.JPEG,visual_scrambled,https://mmarcantoinee.github.io/survey-mit-spring-2026/images/renamed/visual_scrambled/c587043d.JPEG
scrambled_2976_sieve_n04216634_13505_conf0.997030.JPEG,ddc228a0.JPEG,visual_scrambled,https://mmarcantoinee.github.io/survey-mit-spring-2026/images/renamed/visual_scrambled/ddc228a0.JPEG
scrambled_2976_sieve_n04216634_19604_conf0.997117.JPEG,a16e3463.JPEG,visual_scrambled,https://mmarcantoinee.github.io/survey-mit-spring-2026/images/renamed/visual_scrambled/a16e3463.JPEG
scrambled_2987_shredder_n04210120_4743_conf0.999610.JPEG,d5d90058.JPEG,visual_scrambled,https://mmarcantoinee.github.io/survey-mit-spring-2026/images/renamed/visual_scrambled/d5d90058.JPEG
scrambled_3038_hovercraft_bing_hovercraft_0004_conf0.990270.jpg,80514734.jpg,visual_scrambled,https://mmarcantoinee.github.io/survey-mit-spring-2026/images/renamed/visual_scrambled/80514734.jpg
scrambled_3038_hovercraft_n03547229_1195_conf0.999927.JPEG,9bf4964b.JPEG,visual_scrambled,https://mmarcantoinee.github.io/survey-mit-spring-2026/images/renamed/visual_scrambled/9bf4964b.JPEG
scrambled_3038_hovercraft_n03547229_1289_conf0.984097.JPEG,fc549f06.JPEG,visual_scrambled,https://mmarcantoinee.github.io/survey-mit-spring-2026/images/renamed/visual_scrambled/fc549f06.JPEG
scrambled_3038_hovercraft_n03547229_284_conf0.999999.JPEG,909d8311.JPEG,visual_scrambled,https://mmarcantoinee.github.io/survey-mit-spring-2026/images/renamed/visual_scrambled/909d8311.JPEG
scrambled_3038_hovercraft_n03547229_445_conf1.000000.JPEG,135718db.JPEG,visual_scrambled,https://mmarcantoinee.github.io/survey-mit-spring-2026/images/renamed/visual_scrambled/135718db.JPEG
scrambled_3038_hovercraft_n03547229_4835_conf1.000000.JPEG,93439d2b.JPEG,visual_scrambled,https://mmarcantoinee.github.io/survey-mit-spring-2026/images/renamed/visual_scrambled/93439d2b.JPEG
scrambled_3038_hovercraft_n03547229_4852_conf0.999999.JPEG,7550557e.JPEG,visual_scrambled,https://mmarcantoinee.github.io/survey-mit-spring-2026/images/renamed/visual_scrambled/7550557e.JPEG
scrambled_3038_hovercraft_n03547229_5261_conf0.999504.JPEG,90c00388.JPEG,visual_scrambled,https://mmarcantoinee.github.io/survey-mit-spring-2026/images/renamed/visual_scrambled/90c00388.JPEG
scrambled_3038_hovercraft_n03547229_799_conf0.998220.JPEG,8b9a2ba5.JPEG,visual_scrambled,https://mmarcantoinee.github.io/survey-mit-spring-2026/images/renamed/visual_scrambled/8b9a2ba5.JPEG
